ST_CASE,VEH_NO,PER_NO,YEAR,P1,P2,P3,P4,P5,P6,P7,P8,P9,P10
10578,2,1,1997,3,3,3,3,3,3,3,3,3,3
10579,1,1,1997,0,0,0,0,0,0,0,0,0,0
10580,0,1,1997,0,0,0,0,0,0,0,0,0,0
10580,1,1,1997,14,0,23,0,0,0,0,0,0,0
10581,1,1,1997,0,0,0,0,0,0,0,0,0,0
10581,2,1,1997,0,0,0,0,0,0,0,0,0,0
10582,1,1,1997,0,0,5,22,0,0,0,0,0,0
10583,1,1,1997,9,22,20,28,17,0,13,40,15,29
10583,2,1,1997,0,0,16,0,0,0,0,15,0,0
10584,1,1,1997,0,30,0,8,4,12,18,17,11,19
10584,2,1,1997,0,0,0,0,0,0,0,0,0,0
10585,1,1,1997,0,0,0,0,0,0,0,0,0,0
10585,2,1,1997,0,0,0,0,0,0,0,0,0,0
10586,1,1,1997,28,23,15,14,0,14,30,11,0,0
10586,2,1,1997,0,0,0,0,0,0,0,0,0,0
10587,1,1,1997,0,0,0,0,0,0,0,0,0,0
10587,2,1,1997,0,0,0,0,0,0,0,0,12,0
10587,3,1,1997,0,0,0,0,0,0,0,0,0,0
10588,1,1,1997,4,4,4,4,4,4,4,4,4,4
10589,0,1,1997,32,32,32,32,32,32,32,32,32,32
10589,1,1,1997,0,0,0,0,0,13,19,0,0,9
10589,2,1,1997,0,0,0,0,0,0,0,0,0,0
10590,1,1,1997,5,6,9,4,29,3,6,10,7,5
10591,1,1,1997,17,17,17,17,17,17,17,17,17,17
10592,1,1,1997,0,0,0,0,0,0,0,0,0,0
10592,2,1,1997,0,0,13,0,0,0,0,0,0,0
10592,3,1,1997,0,0,0,0,0,0,0,0,0,0
10592,4,1,1997,25,25,25,25,25,25,25,25,25,25
10592,5,1,1997,0,0,0,0,0,0,0,0,0,0
10592,6,1,1997,0,0,0,0,0,0,0,0,0,0
10593,1,1,1997,2,16,10,28,17,26,8,19,32,16
10593,2,1,1997,0,0,0,0,0,0,0,0,0,0
10594,1,1,1997,0,0,0,0,0,0,0,0,0,0
10594,2,1,1997,0,0,0,0,0,0,0,0,0,0
10595,1,1,1997,0,0,0,0,0,0,0,0,0,0
10596,1,1,1997,0,0,0,0,0,0,0,0,0,0
10597,1,1,1997,0,0,0,0,22,0,0,0,0,0
10598,1,1,1997,36,36,36,36,36,36,36,36,36,36
10599,1,1,1997,0,0,0,0,0,0,0,0,0,0
10600,1,1,1997,0,0,0,0,0,0,0,0,0,0
10601,1,1,1997,0,5,0,0,0,0,0,0,0,0
10601,2,1,1997,0,0,0,0,0,0,0,0,0,0
10601,3,1,1997,8,0,0,0,0,0,0,0,0,0
10602,1,1,1997,0,0,2,0,3,16,0,0,0,0
10602,2,1,1997,4,4,4,4,4,4,4,4,4,4
10603,1,1,1997,23,20,29,11,21,25,0,11,15,10
10604,1,1,1997,0,7,0,0,10,14,0,0,0,0
10605,1,1,1997,0,0,0,0,0,0,0,0,0,0
10605,2,1,1997,0,0,0,0,25,0,0,0,0,0
10606,1,1,1997,0,0,0,0,0,0,0,0,0,0
10606,2,1,1997,0,0,0,0,0,0,0,0,0,0
10606,3,1,1997,0,0,0,0,0,0,0,0,0,0
10607,1,1,1997,9,21,0,0,18,11,0,0,19,23
10608,1,1,1997,0,0,0,0,0,0,0,0,0,0
10609,1,1,1997,0,0,0,0,0,0,0,0,0,0
10610,1,1,1997,17,17,17,17,17,17,17,17,17,17
10611,0,1,1997,0,0,0,28,0,0,0,7,25,0
10611,0,2,1997,0,0,0,0,0,0,0,15,0,0
10611,1,1,1997,0,0,0,0,0,0,0,0,0,0
10612,1,1,1997,0,0,0,0,0,0,0,0,0,0
10613,1,1,1997,0,0,0,0,0,0,0,0,21,0
10614,1,1,1997,0,0,0,0,0,0,0,0,0,0
10614,2,1,1997,0,0,0,0,0,0,0,0,0,0
10615,1,1,1997,8,8,8,8,8,8,8,8,8,8
10615,2,1,1997,13,18,17,12,11,5,6,18,21,29
10616,1,1,1997,0,0,0,0,0,0,0,0,0,0
10616,2,1,1997,17,17,9,12,0,8,16,15,18,16
10617,1,1,1997,0,0,0,0,0,0,0,0,0,0
10618,1,1,1997,0,0,0,0,0,0,0,0,0,0
10618,2,1,1997,9,0,29,0,0,0,0,19,0,0
10618,3,1,1997,0,0,0,0,0,0,0,0,0,0
10619,1,1,1997,0,0,0,0,0,0,0,0,0,0
10619,2,1,1997,0,0,0,0,0,0,0,0,0,0
10620,1,1,1997,0,0,0,0,0,0,0,0,0,0
10620,2,1,1997,0,0,0,0,0,0,0,0,0,0
10621,1,1,1997,0,0,0,0,0,0,0,0,0,0
10622,1,1,1997,17,26,29,8,12,30,10,15,40,31
10623,1,1,1997,29,19,10,0,0,23,33,5,26,0
10624,1,1,1997,3,3,3,3,3,3,3,3,3,3
10625,1,1,1997,21,25,10,15,8,11,18,23,13,3
10626,1,1,1997,0,0,0,0,0,0,0,0,0,0
10627,1,1,1997,7,7,7,7,7,7,7,7,7,7
10627,2,1,1997,0,0,0,0,0,0,0,0,0,0
10628,1,1,1997,18,18,18,18,18,18,18,18,18,18
10628,2,1,1997,0,0,0,0,0,0,0,0,0,0
10629,1,1,1997,0,0,0,0,0,0,0,0,0,0
10630,1,1,1997,24,40,10,13,24,10,24,19,24,25
10631,1,1,1997,12,12,12,12,12,12,12,12,12,12
10631,2,1,1997,0,0,0,0,0,0,0,0,0,0
10632,1,1,1997,8,8,8,8,8,8,8,8,8,8
10633,1,1,1997,0,0,0,0,0,0,0,0,0,0
10634,1,1,1997,0,0,0,0,0,0,0,0,0,0
10634,2,1,1997,0,0,0,0,0,0,0,0,0,0
10635,1,1,1997,0,0,0,0,0,0,0,0,0,0
10635,2,1,1997,0,0,0,0,0,11,0,0,0,24
10636,1,1,1997,0,0,0,0,0,0,14,0,0,0
10637,1,1,1997,0,0,5,0,0,0,0,0,0,0
10638,1,1,1997,5,17,11,14,15,9,18,21,15,23
10638,2,1,1997,0,0,0,0,0,0,0,0,0,0
10639,1,1,1997,0,0,0,0,0,0,0,0,0,27
10639,2,1,1997,0,0,0,0,0,0,0,0,0,0
10640,1,1,1997,0,0,0,18,0,0,0,16,0,0
10640,2,1,1997,0,0,0,0,0,0,0,0,0,0
10641,1,1,1997,25,25,25,25,25,25,25,25,25,25
10642,1,1,1997,0,0,0,0,0,0,0,0,0,0
10642,2,1,1997,0,0,0,0,0,0,0,0,0,0
10643,0,1,1997,19,28,0,0,0,25,0,0,0,0
10643,1,1,1997,0,0,0,0,9,8,15,0,0,0
10643,2,1,1997,0,0,26,0,0,0,0,0,0,0
10644,1,1,1997,0,0,0,0,0,0,0,0,0,0
10644,2,1,1997,0,0,0,0,0,0,0,0,0,0
10645,1,1,1997,0,0,0,0,0,0,0,0,0,0
10645,2,1,1997,0,0,0,0,0,0,0,0,0,0
10646,1,1,1997,15,15,15,15,15,15,15,15,15,15
10647,1,1,1997,18,18,18,18,18,18,18,18,18,18
10648,1,1,1997,0,0,0,0,0,0,0,0,0,0
10648,2,1,1997,0,0,0,0,0,0,0,0,0,0
10648,3,1,1997,0,0,0,0,0,0,0,0,0,0
10649,1,1,1997,17,8,7,0,0,8,16,8,26,10
10650,1,1,1997,25,0,12,20,0,0,22,13,23,7
10651,1,1,1997,13,13,13,13,13,13,13,13,13,13
10652,1,1,1997,0,17,0,0,0,0,0,0,0,0
10653,1,1,1997,16,10,21,23,0,16,13,15,19,0
10654,1,1,1997,0,0,0,0,0,0,0,0,0,0
10655,1,1,1997,0,0,0,0,0,0,0,0,0,0
10656,1,1,1997,0,0,0,0,0,0,0,0,0,0
10656,2,1,1997,0,0,0,0,0,0,0,0,0,0
10657,1,1,1997,0,0,0,0,0,0,0,0,0,0
10657,2,1,1997,0,0,0,0,0,0,0,0,0,0
10658,1,1,1997,0,0,0,0,0,0,0,0,0,0
10658,2,1,1997,0,0,0,0,0,0,0,0,0,0
10659,1,1,1997,0,0,0,0,0,0,0,0,0,0
10659,2,1,1997,0,0,0,0,0,0,0,0,0,0
10660,1,1,1997,6,6,6,6,6,6,6,6,6,6
10660,2,1,1997,14,15,17,17,9,33,9,4,5,16
10661,1,1,1997,0,0,5,0,12,22,0,28,24,0
10661,2,1,1997,0,0,0,0,0,0,0,0,0,0
10662,1,1,1997,4,20,18,12,21,17,14,22,10,10
10663,1,1,1997,23,23,23,23,23,23,23,23,23,23
10664,1,1,1997,0,0,0,0,0,0,0,0,0,0
10664,2,1,1997,0,0,0,0,0,0,14,0,0,0
10665,1,1,1997,0,0,0,0,0,0,0,0,0,0
10665,2,1,1997,0,0,0,0,0,0,0,0,0,0
10666,1,1,1997,22,23,21,24,0,0,19,0,15,19
10667,1,1,1997,0,0,0,0,0,0,0,0,0,0
10667,2,1,1997,0,0,0,0,0,0,0,0,0,0
10667,3,1,1997,0,0,0,0,0,0,0,8,0,0
10667,4,1,1997,0,0,0,0,0,0,0,0,0,0
10667,5,1,1997,0,0,0,0,0,0,0,0,0,0
10668,1,1,1997,10,19,25,23,6,19,21,3,27,0
10668,2,1,1997,0,0,0,0,0,0,0,0,0,0
10669,1,1,1997,19,9,0,10,0,18,0,21,0,0
10670,1,1,1997,0,0,0,0,0,0,0,0,0,31
10671,1,1,1997,0,0,0,10,0,0,0,0,0,0
10671,2,1,1997,0,0,18,0,0,0,0,0,0,0
10672,1,1,1997,0,0,0,0,0,0,0,0,0,0
10672,2,1,1997,19,19,19,19,19,19,19,19,19,19
10673,1,1,1997,0,0,0,0,0,0,0,0,0,0
10674,1,1,1997,0,0,23,0,0,0,0,13,9,0
10675,0,1,1997,0,12,15,0,0,13,0,15,12,26
10675,1,1,1997,0,0,0,0,0,0,0,0,0,0
10676,1,1,1997,0,0,0,0,0,0,0,0,0,0
10677,1,1,1997,0,0,13,0,0,11,0,0,0,0
10677,2,1,1997,0,0,0,0,0,0,0,0,0,0
10678,0,1,1997,0,0,0,0,0,0,0,0,0,0
10678,1,1,1997,0,0,0,0,0,0,0,0,0,0
10679,0,1,1997,0,0,0,0,0,0,0,0,0,0
10679,1,1,1997,0,0,0,0,0,0,0,0,0,0
10680,0,1,1997,0,0,0,0,0,0,0,0,0,0
10680,1,1,1997,0,0,0,0,0,0,0,0,0,0
10681,1,1,1997,6,27,16,19,13,12,15,42,16,29
10681,2,1,1997,0,0,0,0,0,0,0,0,0,0
10682,1,1,1997,0,0,0,0,0,0,0,0,0,0
10682,2,1,1997,0,0,0,0,0,0,0,0,0,0
10683,1,1,1997,0,0,0,0,0,0,0,0,0,0
10684,1,1,1997,13,10,0,34,0,0,0,0,0,0
10685,1,1,1997,0,0,0,0,0,0,0,0,0,0
10685,2,1,1997,0,0,0,0,0,0,15,0,0,0
10686,1,1,1997,0,0,0,0,0,0,0,0,0,0
10687,1,1,1997,0,0,0,0,5,0,0,0,5,0
10688,0,1,1997,0,0,0,0,0,0,0,0,0,0
10688,0,2,1997,14,0,7,35,40,0,0,10,0,26
10688,1,1,1997,0,0,0,0,0,0,0,0,0,0
10689,1,1,1997,0,0,0,0,0,0,0,0,0,0
10690,1,1,1997,0,0,0,0,0,0,0,0,0,0
10690,2,1,1997,0,0,0,0,0,0,0,0,0,0
10691,1,1,1997,0,16,0,8,7,11,12,12,16,16
10691,2,1,1997,0,0,0,0,0,0,0,0,0,0
10692,1,1,1997,9,9,9,9,9,9,9,9,9,9
10693,1,1,1997,0,0,0,0,0,0,0,0,0,0
10693,2,1,1997,0,0,0,0,0,0,0,0,0,0
10694,1,1,1997,0,0,0,0,0,0,0,0,0,0
10695,1,1,1997,35,35,35,35,35,35,35,35,35,35
10696,1,1,1997,17,12,27,16,23,28,19,0,8,17
10697,0,1,1997,15,0,0,0,26,0,0,0,10,28
10697,0,2,1997,23,18,24,17,21,12,11,16,14,34
10697,1,1,1997,0,12,0,0,0,0,0,0,0,0
10698,0,1,1997,0,0,0,0,0,0,0,0,0,0
10698,1,1,1997,0,0,0,5,0,0,0,0,0,0
10699,1,1,1997,37,37,37,37,37,37,37,37,37,37
10700,0,1,1997,0,14,0,19,0,0,0,0,0,0
10700,1,1,1997,0,0,0,0,0,0,0,0,0,0
10701,0,1,1997,0,0,0,0,0,0,0,0,0,0
10701,1,1,1997,16,16,16,16,16,16,16,16,16,16
10702,1,1,1997,8,8,29,12,0,8,0,0,0,15
10703,1,1,1997,19,17,28,29,23,21,16,19,9,15
10704,1,1,1997,18,0,15,31,8,9,16,21,0,0
10704,2,1,1997,0,0,0,8,0,0,0,0,0,0
10705,1,1,1997,0,19,29,0,20,0,0,0,19,7
10706,1,1,1997,0,0,0,0,5,0,0,0,0,0
10706,2,1,1997,0,0,0,0,0,0,0,0,0,0
10706,3,1,1997,0,0,0,0,0,0,0,0,0,0
10706,4,1,1997,0,0,0,0,0,0,0,0,0,0
10707,0,1,1997,28,11,11,19,32,34,30,17,22,20
10707,1,1,1997,0,0,0,0,0,0,0,0,0,0
10708,1,1,1997,0,0,0,0,0,0,0,0,0,0
10708,2,1,1997,0,0,0,0,0,0,0,0,0,0
10709,1,1,1997,0,21,0,0,0,0,0,0,0,0
10709,2,1,1997,0,7,21,15,22,0,8,34,0,0
10710,1,1,1997,0,0,0,0,0,0,0,0,0,0
10710,2,1,1997,0,0,0,0,0,0,0,0,6,0
10711,1,1,1997,0,0,0,0,0,0,0,0,0,0
10711,2,1,1997,0,0,0,0,0,0,0,0,0,0
10712,1,1,1997,17,40,24,44,22,7,9,20,22,40
10713,1,1,1997,0,0,0,0,0,0,0,0,0,7
10713,2,1,1997,0,0,0,0,0,0,0,0,0,0
10714,1,1,1997,9,9,9,9,9,9,9,9,9,9
10715,1,1,1997,3,3,3,3,3,3,3,3,3,3
10716,1,1,1997,15,15,15,15,15,15,15,15,15,15
10717,1,1,1997,0,0,4,0,0,20,0,0,0,0
10717,2,1,1997,0,0,0,0,0,0,0,0,0,0
10718,1,1,1997,0,0,0,0,0,0,0,0,0,0
10719,1,1,1997,0,0,0,0,0,0,0,0,0,0
10720,1,1,1997,0,0,0,0,0,13,0,0,0,0
10721,1,1,1997,0,0,0,0,0,18,0,0,0,0
10722,1,1,1997,22,22,22,22,22,22,22,22,22,22
10723,1,1,1997,0,0,0,0,0,0,0,0,0,0
10723,2,1,1997,0,0,0,0,0,0,0,0,0,0
10724,1,1,1997,23,23,23,23,23,23,23,23,23,23
10725,1,1,1997,22,10,11,9,21,24,6,11,15,4
10726,1,1,1997,5,5,5,5,5,5,5,5,5,5
10727,0,1,1997,16,34,32,21,26,22,8,0,23,36
10727,1,1,1997,0,0,0,0,0,0,0,0,3,0
10728,1,1,1997,0,0,0,0,0,0,0,0,0,0
10728,2,1,1997,0,0,0,0,0,0,0,0,0,0
10729,1,1,1997,0,0,0,0,0,0,0,0,0,0
10730,0,1,1997,20,0,0,0,0,0,0,0,0,0
10730,1,1,1997,0,0,0,0,0,0,0,0,0,0
10730,2,1,1997,0,0,0,0,0,0,0,0,18,0
10730,3,1,1997,6,0,0,0,13,0,0,0,0,0
10730,4,1,1997,0,0,0,0,0,0,0,0,0,0
10730,5,1,1997,0,0,0,0,0,0,0,0,0,0
10731,1,2,1997,13,13,13,13,13,13,13,13,13,13
10732,1,1,1997,17,26,7,31,13,0,21,14,6,3
10733,1,1,1997,9,0,0,0,0,0,22,0,0,0
10734,1,1,1997,29,20,14,0,28,28,17,0,25,7
10735,1,1,1997,0,0,0,0,0,13,0,0,0,0
10736,1,1,1997,2,0,0,0,0,26,0,18,18,0
10737,1,1,1997,14,20,16,13,0,0,24,11,0,0
10738,1,1,1997,0,0,0,0,0,0,0,0,0,0
10738,2,1,1997,0,0,0,0,0,0,0,0,0,0
10739,1,1,1997,24,24,24,24,24,24,24,24,24,24
10740,1,1,1997,0,0,0,0,0,0,0,0,0,0
10740,2,1,1997,4,4,4,4,4,4,4,4,4,4
10741,1,1,1997,0,0,0,0,0,0,0,0,0,0
10742,1,1,1997,29,13,33,20,23,0,32,16,16,16
10743,1,1,1997,0,0,0,0,0,0,0,0,0,0
10744,1,1,1997,0,0,0,0,0,15,4,10,0,0
10744,2,1,1997,0,0,0,0,0,0,0,0,0,9
10745,1,1,1997,0,0,0,0,0,0,0,0,0,0
10745,2,1,1997,0,0,0,0,0,0,0,0,0,0
10746,1,1,1997,0,0,0,0,0,0,0,0,0,0
10747,1,1,1997,10,0,8,7,24,13,11,8,15,3
10747,2,1,1997,11,11,11,11,11,11,11,11,11,11
10748,1,1,1997,0,0,0,0,0,0,0,0,0,0
10748,2,1,1997,0,0,0,0,0,0,0,0,0,0
10749,1,1,1997,4,4,4,4,4,4,4,4,4,4
10749,2,1,1997,0,0,0,0,0,0,0,0,0,0
10750,1,1,1997,0,0,0,0,0,0,0,0,0,0
10750,2,1,1997,0,0,0,0,0,0,0,0,0,0
10751,0,1,1997,15,18,12,13,15,0,35,9,32,24
10751,1,1,1997,0,0,0,0,0,0,5,7,0,0
10752,1,1,1997,21,0,9,0,0,0,0,0,0,0
10753,0,1,1997,0,0,0,0,0,0,0,0,0,0
10753,1,1,1997,0,0,0,0,0,0,0,0,0,0
10754,1,1,1997,0,0,0,0,0,0,0,0,0,0
10754,2,1,1997,0,0,0,0,0,0,0,0,0,0
10754,3,1,1997,0,0,0,0,0,0,0,0,0,0
10754,4,1,1997,0,0,0,12,0,0,0,0,0,0
10755,1,1,1997,0,0,0,0,0,0,0,0,0,0
10755,2,1,1997,24,0,0,0,7,0,0,40,0,0
10756,1,1,1997,0,0,0,0,0,0,0,0,0,0
10756,2,1,1997,0,0,0,0,0,0,0,0,0,0
10757,1,1,1997,0,0,0,0,0,0,0,0,0,0
10757,2,1,1997,21,0,0,0,0,0,0,0,0,15
10758,1,1,1997,15,16,36,2,17,11,25,2,31,11
10759,1,1,1997,10,14,18,9,13,17,9,26,16,5
10760,1,1,1997,5,22,24,9,8,14,16,6,20,5
10761,1,1,1997,3,3,3,3,3,3,3,3,3,3
10761,2,1,1997,0,0,0,0,0,0,0,0,0,0
10762,1,1,1997,0,0,0,0,0,0,0,0,0,0
10762,2,1,1997,0,0,0,0,0,0,0,0,0,0
10763,1,1,1997,18,16,10,28,16,26,12,26,20,16
10763,2,1,1997,0,0,0,0,0,0,0,0,0,0
10763,3,1,1997,0,0,0,0,0,0,0,0,0,0
10764,1,1,1997,0,0,0,0,0,0,0,0,0,0
10764,2,1,1997,0,0,0,0,0,0,0,0,0,0
10765,0,1,1997,24,24,24,24,24,24,24,24,24,24
10765,1,1,1997,0,10,0,0,0,0,0,0,0,0
10766,1,1,1997,0,0,4,0,0,0,0,0,0,0
10766,2,1,1997,0,0,0,0,0,0,25,0,0,0
10767,1,1,1997,0,0,0,0,0,0,0,0,0,0
10767,2,1,1997,0,0,0,0,0,0,0,0,0,0
10768,1,1,1997,0,0,0,0,0,0,10,0,0,0
10768,2,1,1997,0,0,0,0,0,0,0,0,0,0
10769,1,1,1997,0,0,0,0,0,0,0,0,0,0
10769,2,1,1997,0,0,0,0,0,0,0,0,0,0
10770,1,1,1997,12,9,11,17,7,19,13,18,14,6
10771,1,1,1997,20,20,20,20,20,20,20,20,20,20
10772,1,1,1997,0,0,0,0,0,0,0,0,0,0
10772,2,1,1997,0,0,0,0,0,0,0,0,0,0
10773,1,1,1997,15,0,0,0,0,0,0,0,0,0
10774,1,1,1997,0,0,0,0,0,0,0,0,15,0
10775,1,1,1997,0,0,0,0,0,0,0,0,0,0
10776,1,1,1997,25,25,25,25,25,25,25,25,25,25
10776,2,1,1997,0,0,0,0,0,0,0,0,0,0
10777,1,1,1997,0,0,0,0,0,0,0,0,0,0
10778,0,1,1997,0,0,0,0,0,0,0,0,0,0
10778,1,1,1997,0,0,0,0,0,0,0,0,0,0
10779,1,1,1997,0,0,0,0,0,0,0,0,0,0
10780,1,1,1997,0,0,0,0,0,0,0,0,11,0
10781,1,1,1997,16,16,16,16,16,16,16,16,16,16
10782,1,1,1997,22,22,22,22,22,22,22,22,22,22
10782,2,1,1997,0,0,0,0,0,0,0,0,0,0
10783,1,1,1997,11,20,27,17,0,7,36,15,23,18
10784,1,1,1997,0,17,0,18,0,10,0,0,21,0
10784,2,1,1997,0,0,0,0,0,0,0,0,0,0
10785,1,1,1997,0,0,0,0,0,5,0,0,0,9
10786,1,1,1997,0,0,0,0,0,0,0,7,0,11
10787,1,1,1997,0,0,0,0,0,0,0,0,0,0
10787,2,1,1997,0,0,0,0,0,0,0,0,0,0
10788,1,1,1997,0,0,0,0,0,0,0,0,0,0
10788,2,1,1997,22,22,22,22,22,22,22,22,22,22
10789,1,1,1997,9,9,9,9,9,9,9,9,9,9
10790,1,1,1997,23,12,17,46,19,25,14,12,18,16
10791,0,1,1997,22,0,21,0,36,0,0,0,25,0
10791,1,1,1997,0,0,0,0,0,0,0,0,0,0
10792,1,1,1997,0,0,0,0,0,0,0,0,0,0
10792,2,1,1997,9,20,0,9,0,19,10,26,27,0
10793,0,1,1997,0,0,0,0,0,0,0,0,0,0
10793,1,1,1997,0,0,0,0,0,0,0,11,0,0
10794,1,1,1997,26,26,26,26,26,26,26,26,26,26
10795,1,1,1997,0,0,0,0,0,0,0,0,0,0
10795,2,1,1997,0,21,0,0,0,0,9,10,0,24
10796,1,1,1997,10,10,10,10,10,10,10,10,10,10
10796,2,1,1997,0,0,0,0,0,0,0,0,0,0
10796,3,1,1997,0,0,0,0,0,0,0,0,0,0
10797,1,1,1997,0,26,18,37,20,35,30,15,36,29
10798,1,1,1997,0,0,0,0,0,0,0,0,0,0
10798,2,1,1997,0,0,0,0,0,0,0,0,0,0
10798,3,1,1997,0,0,0,0,0,0,0,0,0,0
10799,1,1,1997,7,21,4,13,12,0,0,18,0,12
10799,2,1,1997,0,0,0,0,0,0,0,0,0,0
10800,1,1,1997,0,0,0,0,0,0,0,0,0,0
10800,2,1,1997,0,0,0,0,0,0,0,0,0,0
10801,1,1,1997,0,0,0,0,0,0,0,0,0,0
10802,1,1,1997,10,10,10,10,10,10,10,10,10,10
10802,2,1,1997,19,21,0,0,0,0,0,0,0,0
10803,1,1,1997,0,0,16,0,0,0,0,7,11,0
10804,1,1,1997,0,0,0,0,0,0,0,0,0,0
10805,1,1,1997,0,0,0,0,0,0,0,0,0,0
10805,2,1,1997,0,0,0,0,0,0,0,0,0,0
10806,1,1,1997,11,0,0,0,0,0,0,0,9,0
10807,1,1,1997,0,0,0,0,0,0,0,0,12,0
10807,2,1,1997,0,0,0,0,0,0,0,0,7,0
10808,0,1,1997,0,0,0,0,0,0,0,0,0,0
10808,1,1,1997,0,0,0,0,0,0,0,0,0,0
10809,1,1,1997,28,24,10,15,27,24,6,12,17,21
10810,1,1,1997,14,14,14,14,14,14,14,14,14,14
10811,1,1,1997,0,0,5,0,0,0,0,0,0,0
10812,1,1,1997,31,0,0,0,24,14,0,0,15,0
10813,1,1,1997,21,0,14,13,0,0,13,18,29,15
10813,2,1,1997,0,0,0,0,0,0,0,0,0,0
10814,1,1,1997,0,0,0,0,0,0,0,14,16,0
10814,2,1,1997,0,0,0,0,0,0,0,0,0,0
10815,1,1,1997,20,13,6,10,21,19,27,19,24,24
10815,2,1,1997,0,0,0,0,0,0,0,0,0,0
10815,3,1,1997,0,0,0,0,0,0,0,0,0,0
10816,1,1,1997,22,22,22,22,22,22,22,22,22,22
10817,1,1,1997,0,0,0,9,0,0,0,0,20,0
10818,2,1,1997,12,17,0,0,0,0,0,0,0,0
10818,3,1,1997,0,0,0,0,0,0,0,0,0,0
10819,1,1,1997,0,0,0,0,0,0,0,0,0,0
10819,2,1,1997,0,0,0,0,0,0,0,0,0,0
10820,1,1,1997,0,0,0,0,0,0,0,0,0,0
10820,2,1,1997,0,0,0,0,0,0,0,0,0,0
10821,1,1,1997,0,0,23,0,0,0,0,14,17,0
10821,2,1,1997,0,0,0,0,0,14,0,13,0,0
10822,1,1,1997,0,0,0,0,0,0,0,0,0,0
10823,1,1,1997,19,11,15,30,29,12,17,22,12,6
10824,1,1,1997,0,0,22,0,0,0,0,0,0,24
10825,0,1,1997,0,0,0,0,0,0,0,0,0,0
10825,1,1,1997,0,0,0,0,0,0,0,0,0,0
10826,1,1,1997,0,0,0,0,0,0,0,0,0,0
10827,1,1,1997,0,0,0,0,0,0,0,0,0,0
10827,2,1,1997,12,0,0,4,0,15,0,14,9,20
10828,1,1,1997,5,5,5,5,5,5,5,5,5,5
10828,2,1,1997,0,0,0,0,0,0,0,0,0,0
10829,1,1,1997,27,11,24,17,17,22,0,33,33,30
10830,1,1,1997,0,0,0,0,0,0,0,0,0,0
10830,2,1,1997,0,0,0,0,0,0,0,0,0,0
10831,2,1,1997,6,14,7,16,13,23,23,30,17,8
10832,1,1,1997,0,0,0,0,0,0,0,0,0,0
10833,1,1,1997,0,0,0,0,0,0,0,0,0,0
10833,2,1,1997,31,28,6,0,14,17,27,10,16,0
10833,3,1,1997,0,0,0,0,0,0,0,0,0,0
10834,1,1,1997,0,0,0,0,0,0,0,0,0,0
10834,2,1,1997,0,0,0,0,0,0,0,0,0,0
10834,3,1,1997,0,0,0,0,0,0,0,0,0,0
10835,1,1,1997,0,14,4,20,0,0,15,12,13,26
10836,1,1,1997,14,35,37,23,17,6,12,10,19,21
10837,1,1,1997,0,0,0,0,0,0,0,0,0,0
10837,2,1,1997,0,0,0,0,0,0,0,0,0,0
10837,3,1,1997,0,0,0,0,0,0,0,0,0,0
10838,1,1,1997,3,3,3,3,3,3,3,3,3,3
10838,2,1,1997,0,0,0,0,0,0,0,0,0,0
10838,3,1,1997,0,0,0,0,0,0,0,0,0,0
10839,1,1,1997,0,0,0,0,0,0,0,0,0,0
10839,2,1,1997,0,0,0,0,0,0,0,29,28,0
10840,1,1,1997,0,0,0,0,0,0,0,0,17,0
10840,2,1,1997,0,0,0,0,0,0,0,0,0,0
10841,1,1,1997,2,2,2,2,2,2,2,2,2,2
10841,2,1,1997,29,29,29,29,29,29,29,29,29,29
10841,3,1,1997,6,6,6,6,6,6,6,6,6,6
10842,1,1,1997,0,0,0,0,0,0,0,0,0,0
10842,2,1,1997,0,0,0,0,0,0,0,0,0,0
10843,1,1,1997,0,0,0,0,0,0,0,0,0,0
10843,2,1,1997,0,0,0,0,0,0,0,0,0,0
10844,0,1,1997,14,14,14,14,14,14,14,14,14,14
10844,1,1,1997,0,0,0,0,0,0,0,0,0,0
10845,1,1,1997,20,22,20,9,0,11,27,4,9,12
10846,1,1,1997,6,21,7,17,19,16,14,15,40,28
10846,2,1,1997,19,0,0,13,0,0,0,0,17,0
10846,3,1,1997,22,0,14,23,13,0,8,0,0,0
10846,4,1,1997,18,0,0,9,0,0,18,0,0,0
10847,1,1,1997,0,0,21,0,0,6,8,11,0,0
10847,2,1,1997,0,0,0,7,0,22,0,7,10,0
10848,1,1,1997,0,0,0,0,0,0,0,0,0,0
10848,2,1,1997,0,0,0,0,0,0,0,0,0,0
10849,1,1,1997,9,9,9,9,9,9,9,9,9,9
10850,1,1,1997,11,0,14,0,13,0,16,15,4,0
10851,1,1,1997,0,0,21,15,0,0,0,0,0,0
10851,2,1,1997,0,0,0,0,0,0,0,0,0,0
10852,1,1,1997,9,25,15,35,8,3,12,8,25,19
10853,1,1,1997,0,0,0,0,0,0,0,0,0,0
10854,1,1,1997,0,31,0,7,32,6,0,39,20,6
10855,1,1,1997,0,0,0,0,0,0,0,3,0,26
10855,2,1,1997,0,0,0,0,0,0,0,0,0,0
10856,1,1,1997,0,0,0,0,0,0,0,0,0,0
10856,2,1,1997,0,0,0,0,0,0,0,0,0,0
10857,1,1,1997,25,25,25,25,25,25,25,25,25,25
10858,1,1,1997,12,0,0,7,0,0,0,0,0,24
10859,1,1,1997,2,0,0,8,0,0,0,25,0,0
10860,1,1,1997,0,0,0,0,0,0,0,0,0,0
10861,0,1,1997,10,22,28,19,23,22,13,51,20,23
10861,1,1,1997,0,0,0,0,0,0,0,0,0,0
10862,1,1,1997,5,12,9,10,14,16,4,12,12,9
10863,1,1,1997,0,0,0,0,0,0,0,0,0,0