ST_CASE,VEH_NO,PER_NO,YEAR,P1,P2,P3,P4,P5,P6,P7,P8,P9,P10
10864,1,1,1997,0,0,0,0,0,0,0,0,0,0
10864,2,1,1997,0,0,0,0,0,0,0,0,0,0
10865,1,1,1997,11,11,5,13,29,12,10,21,17,12
10865,2,1,1997,0,0,0,10,0,0,0,0,0,0
10866,1,1,1997,6,6,6,6,6,6,6,6,6,6
10866,2,1,1997,0,0,0,0,0,0,0,0,0,0
10867,1,1,1997,0,0,0,0,0,0,0,0,0,0
10867,2,1,1997,0,0,0,0,0,0,0,0,0,0
10868,1,1,1997,18,18,20,31,15,20,19,13,17,26
10869,1,1,1997,0,0,0,0,0,0,0,0,0,0
10869,2,1,1997,0,0,0,0,0,0,0,0,0,0
10870,1,1,1997,21,21,21,21,21,21,21,21,21,21
10871,0,1,1997,31,22,19,30,13,29,18,10,18,11
10871,1,1,1997,0,0,6,25,0,0,0,0,0,11
10872,0,1,1997,16,16,16,16,16,16,16,16,16,16
10872,1,1,1997,0,0,0,0,0,0,0,0,0,0
10873,1,1,1997,25,30,7,0,26,7,0,8,9,0
10874,1,1,1997,11,11,11,11,11,11,11,11,11,11
10876,1,1,1997,0,0,0,0,0,0,0,0,0,0
10876,2,1,1997,0,0,0,0,0,0,0,0,0,0
10877,1,1,1997,23,23,23,23,23,23,23,23,23,23
10878,1,1,1997,17,20,4,16,12,32,8,30,14,6
10879,1,1,1997,0,20,0,23,7,12,0,6,0,8
10879,2,1,1997,0,0,0,0,0,0,0,0,0,0
10879,3,1,1997,0,0,0,0,0,0,0,0,0,0
10880,0,1,1997,23,0,0,0,0,0,0,28,16,0
10880,1,1,1997,6,6,6,6,6,6,6,6,6,6
10881,1,1,1997,0,0,0,0,0,0,0,0,0,0
10881,2,1,1997,0,0,0,0,0,0,0,0,0,0
10882,1,1,1997,0,0,24,0,17,0,18,10,0,0
10883,1,1,1997,0,0,0,0,0,0,0,0,0,0
10883,2,1,1997,0,0,0,0,0,0,0,0,0,0
10884,1,1,1997,7,7,7,7,7,7,7,7,7,7
10884,2,1,1997,15,15,15,15,15,15,15,15,15,15
10885,1,1,1997,31,0,25,30,33,13,0,8,0,25
10886,1,1,1997,10,10,10,10,10,10,10,10,10,10
10887,1,1,1997,0,0,0,0,0,0,0,0,0,0
10887,2,1,1997,0,0,0,0,0,0,0,0,0,0
10888,1,1,1997,17,17,17,17,17,17,17,17,17,17
10889,1,1,1997,0,0,0,0,0,0,0,0,0,0
10889,2,1,1997,0,0,0,0,0,0,0,0,0,0
10889,3,1,1997,0,0,0,0,0,16,0,0,0,0
10890,1,1,1997,0,0,0,0,0,0,0,0,0,0
10890,2,1,1997,6,0,10,10,10,9,21,24,6,7
10891,1,1,1997,13,11,8,13,0,14,10,14,0,19
10891,2,1,1997,0,0,0,0,0,0,0,0,0,0
10891,3,1,1997,0,0,0,0,0,0,0,0,0,0
10892,1,1,1997,0,0,0,14,0,21,6,7,0,6
10893,1,1,1997,0,0,0,3,0,0,0,0,0,0
10894,1,1,1997,36,36,3,18,10,17,20,22,4,22
10894,2,1,1997,0,0,0,0,0,0,0,0,0,0
10895,0,1,1997,14,11,15,23,16,14,28,11,23,18
10895,1,1,1997,0,0,0,0,0,0,0,0,0,0
10896,1,1,1997,33,10,19,16,15,17,8,15,12,14
10897,1,1,1997,21,0,0,0,15,0,22,23,0,24
10898,1,1,1997,0,0,0,0,0,0,0,0,0,0
10898,2,1,1997,0,0,0,0,0,0,0,0,0,0
10899,1,1,1997,12,25,13,40,13,10,7,41,24,0
10899,2,1,1997,0,0,0,0,0,0,0,0,0,0
10900,1,1,1997,0,0,0,0,16,0,0,0,0,0
10901,1,1,1997,0,0,28,0,0,0,0,0,0,0
10901,2,1,1997,0,0,0,0,0,0,0,11,0,0
10902,1,1,1997,15,0,13,0,0,24,0,0,0,0
10902,2,1,1997,12,0,0,0,0,6,0,0,25,26
10903,1,1,1997,5,14,31,0,10,14,12,16,11,0
10904,0,1,1997,37,0,0,0,0,0,0,0,17,19
10904,1,1,1997,0,0,0,0,0,0,0,0,0,0
10904,2,1,1997,0,0,0,0,0,0,0,0,0,0
10905,1,1,1997,0,0,0,0,0,0,0,0,0,0
10905,2,1,1997,0,0,0,0,0,0,0,0,0,0
10906,0,1,1997,0,0,0,0,0,0,0,0,0,0
10906,1,1,1997,0,0,0,0,0,0,0,0,0,0
10907,1,1,1997,7,25,28,28,21,10,29,18,13,10
10908,0,1,1997,0,0,0,0,0,0,0,0,0,0
10908,1,1,1997,0,0,0,0,0,0,0,0,0,0
10909,1,1,1997,0,0,0,0,0,0,0,0,0,0
10909,2,1,1997,0,0,0,0,0,0,0,0,0,0
10910,1,1,1997,34,0,0,0,0,0,0,33,0,0
10911,1,1,1997,0,0,13,26,27,27,5,6,0,0
10912,1,1,1997,0,0,0,0,0,0,0,0,0,20
10913,1,1,1997,0,0,0,0,0,0,0,0,0,0
10913,2,1,1997,0,0,0,0,0,0,0,0,0,0
10913,3,1,1997,9,0,0,0,8,0,0,0,0,7
10914,1,1,1997,26,32,52,30,25,15,16,16,11,12
10915,1,1,1997,16,9,20,2,14,0,25,26,21,9
10916,1,1,1997,12,13,10,19,19,13,8,12,13,17
10917,1,1,1997,0,0,0,0,0,0,0,0,0,0
10917,2,1,1997,0,0,0,0,0,0,0,0,0,0
10917,3,1,1997,0,0,0,0,0,0,0,0,0,0
10918,1,1,1997,22,22,22,22,22,22,22,22,22,22
10918,2,1,1997,0,0,0,0,0,0,0,0,0,0
10918,3,1,1997,0,0,0,0,0,0,0,0,0,0
10919,1,1,1997,12,16,24,20,8,7,21,17,10,20
10920,1,1,1997,0,0,10,0,0,13,0,0,22,0
10920,2,1,1997,8,16,11,12,20,9,14,13,0,12
10921,1,1,1997,0,0,0,0,0,0,0,0,0,0
10921,2,1,1997,0,0,0,0,0,0,0,0,0,0
10922,1,1,1997,13,13,13,13,13,13,13,13,13,13
10923,1,1,1997,25,25,25,25,25,25,25,25,25,25
10924,1,1,1997,0,0,0,0,0,0,0,0,0,0
10924,2,1,1997,0,0,0,0,0,0,0,0,0,11
10925,1,1,1997,0,0,0,0,0,0,0,0,0,0
10925,2,1,1997,0,0,0,0,0,0,0,0,0,0
10926,1,1,1997,0,0,0,0,0,0,0,0,0,0
10927,1,1,1997,0,0,0,21,0,0,0,0,0,0
10928,1,1,1997,0,0,0,0,0,0,0,0,0,0
10928,2,1,1997,0,0,0,0,0,0,0,0,0,0
10929,1,1,1997,0,0,0,0,0,0,0,0,0,0
10929,2,1,1997,0,0,0,0,0,0,0,0,0,0
10930,1,1,1997,0,0,0,0,0,0,0,0,0,0
10930,2,1,1997,0,0,0,0,0,0,0,0,0,0
10931,1,1,1997,0,0,0,0,0,0,0,0,0,0
10931,2,1,1997,0,0,0,0,0,0,0,0,0,0
10932,1,1,1997,0,0,0,0,0,0,0,0,0,0
10932,2,1,1997,0,0,0,0,0,0,0,0,0,0
10933,1,1,1997,0,0,0,0,0,0,0,0,0,0
10933,2,1,1997,0,0,0,0,0,0,0,0,0,0
10933,3,1,1997,0,0,0,0,0,0,0,0,0,0
10933,4,1,1997,0,0,0,0,0,0,0,0,0,0
10934,1,1,1997,35,35,35,35,35,35,35,35,35,35
10935,1,1,1997,0,0,0,0,0,0,0,0,0,0
10935,2,1,1997,0,0,0,0,0,0,0,0,0,0
10936,1,1,1997,11,11,11,11,11,11,11,11,11,11
10937,1,1,1997,17,29,22,6,7,20,4,11,15,12
10937,2,1,1997,0,0,0,0,0,0,0,0,0,11
10937,3,1,1997,0,0,0,0,0,0,0,0,0,0
10938,1,1,1997,19,19,19,19,19,19,19,19,19,19
10939,1,1,1997,0,0,0,0,0,0,0,0,0,0
10939,2,1,1997,0,0,0,0,0,0,0,0,0,0
10940,1,1,1997,0,0,0,0,0,5,0,0,0,0
10940,2,1,1997,0,0,0,0,0,0,0,0,0,0
10941,1,1,1997,0,0,0,0,0,0,0,0,0,0
10941,2,1,1997,0,0,0,0,0,0,0,0,0,0
10942,0,1,1997,27,16,39,13,9,16,3,37,36,23
10942,1,1,1997,0,0,0,0,0,0,0,0,0,0
10943,1,1,1997,26,26,26,26,26,26,26,26,26,26
10944,1,1,1997,12,17,0,0,0,0,0,25,6,23
10945,1,1,1997,0,17,2,37,40,0,0,32,23,31
10945,2,1,1997,0,0,18,0,0,0,0,0,0,0
10946,1,1,1997,28,28,28,28,28,28,28,28,28,28
10947,1,1,1997,0,0,0,0,0,0,14,21,0,0
10947,2,1,1997,0,0,0,0,0,0,0,0,0,0
10948,1,1,1997,29,29,29,29,29,29,29,29,29,29
10949,1,1,1997,0,0,0,0,0,0,0,0,0,0
10949,2,1,1997,0,0,0,0,0,0,0,0,0,0
10950,1,1,1997,25,25,25,25,25,25,25,25,25,25
10950,2,1,1997,0,0,0,0,0,0,0,0,0,0
10951,1,1,1997,10,10,10,10,10,10,10,10,10,10
10952,1,1,1997,13,13,13,13,13,13,13,13,13,13
10953,1,1,1997,11,33,27,16,23,9,12,16,7,19
10954,1,1,1997,12,0,2,0,15,12,4,7,19,10
10954,2,1,1997,17,6,14,0,4,14,2,0,20,9
10955,1,1,1997,0,0,0,0,0,0,0,0,0,0
10955,2,1,1997,0,0,0,0,0,0,0,0,0,0
10955,3,1,1997,0,0,0,0,0,0,0,0,0,0
10956,0,1,1997,24,24,24,24,24,24,24,24,24,24
10956,1,1,1997,0,0,0,0,0,0,0,0,0,0
10957,1,1,1997,0,0,0,0,0,0,0,0,0,0
10957,2,1,1997,0,0,0,0,0,0,0,0,0,0
10958,1,1,1997,0,0,0,0,0,0,0,0,0,0
10958,2,1,1997,0,0,0,0,0,0,0,0,0,0
10959,1,1,1997,0,0,15,0,0,0,0,6,0,0
10960,1,1,1997,0,0,0,0,0,0,0,0,0,0
10960,2,1,1997,0,0,0,0,0,0,0,0,0,0
10960,3,1,1997,0,0,9,0,0,0,0,0,0,0
10961,1,1,1997,0,0,0,0,0,0,0,0,0,0
10961,2,1,1997,0,0,0,0,0,0,0,0,0,0
10962,1,1,1997,0,0,0,0,0,0,0,0,0,0
10963,1,1,1997,0,0,0,0,0,0,0,0,0,0
10963,2,1,1997,0,0,0,0,0,0,0,0,0,0
10964,1,1,1997,10,10,10,10,10,10,10,10,10,10
10964,2,1,1997,16,0,0,0,25,0,0,15,16,6
10965,1,1,1997,5,0,0,0,0,0,0,0,0,0
10965,2,1,1997,0,0,0,0,0,0,0,0,0,0
10966,1,1,1997,0,0,0,0,0,0,0,0,0,0
10966,2,1,1997,0,0,0,0,0,0,0,0,0,0
10967,1,1,1997,19,19,19,19,19,19,19,19,19,19
10968,1,1,1997,0,0,0,0,0,0,0,0,0,0
10968,2,1,1997,0,0,0,0,0,0,0,0,0,0
10969,0,1,1997,0,0,0,0,0,0,0,0,0,0
10969,1,1,1997,0,0,0,0,0,0,0,0,0,0
10970,1,1,1997,25,24,11,15,21,18,27,24,19,29
10971,1,1,1997,0,0,0,0,0,0,0,0,0,0
10971,2,1,1997,0,0,0,0,0,0,0,0,0,0
10972,1,1,1997,3,3,3,3,3,3,3,3,3,3
10972,2,1,1997,0,0,0,0,0,0,0,0,0,0
10973,1,1,1997,0,15,16,16,10,0,19,0,9,9
10973,2,1,1997,0,0,0,0,0,0,0,0,0,0
10974,1,1,1997,16,16,16,17,12,17,16,4,0,13
10975,1,1,1997,25,0,19,0,12,28,0,0,0,13
10976,1,1,1997,0,0,0,0,0,0,0,0,0,0
10976,2,1,1997,0,0,0,0,0,0,0,0,0,0
10976,3,1,1997,0,0,0,0,0,0,0,0,0,0
10977,1,1,1997,0,24,0,26,0,0,28,18,0,0
10978,1,1,1997,0,0,0,0,0,0,0,0,0,0
10979,1,1,1997,19,30,20,24,31,15,17,18,14,20
10980,1,1,1997,0,0,0,0,0,0,0,0,0,0
10980,2,1,1997,0,0,0,11,0,0,0,0,0,0
10981,1,1,1997,25,11,0,9,0,0,0,12,0,0
10982,1,1,1997,14,14,14,14,14,14,14,14,14,14
10983,1,1,1997,15,14,22,7,14,12,13,17,16,9
10983,2,1,1997,0,0,0,0,0,0,0,0,0,0
10984,1,1,1997,0,0,0,0,0,0,0,0,0,0
10984,2,1,1997,0,0,0,0,0,0,0,0,0,0
10984,3,1,1997,0,0,0,0,0,0,0,0,0,0
10984,4,1,1997,0,0,0,0,0,0,0,0,0,0
10984,5,1,1997,0,0,0,0,0,0,0,0,0,0
10985,1,1,1997,0,0,0,0,0,0,0,0,0,0
10985,2,1,1997,0,0,0,0,0,0,0,0,0,0
10985,3,1,1997,0,0,0,0,0,0,0,0,0,0
10986,1,1,1997,0,0,0,0,0,0,0,0,0,0
10986,2,1,1997,0,0,0,0,0,0,0,0,0,0
10987,0,1,1997,16,7,10,20,7,20,60,19,12,22
10987,1,1,1997,0,0,0,0,0,0,0,0,6,0
10988,1,1,1997,18,18,18,18,18,18,18,18,18,18
10989,1,3,1997,18,27,21,11,0,3,14,0,9,0
10990,1,1,1997,4,4,4,4,4,4,4,4,4,4
10990,2,1,1997,0,0,0,0,0,0,0,0,0,0
10991,1,1,1997,19,36,17,19,29,11,14,19,30,15
10992,1,1,1997,0,0,0,0,0,0,0,0,0,0
10992,2,1,1997,0,0,0,0,0,0,0,0,0,0
10993,1,1,1997,16,0,0,0,0,0,0,0,0,0
10994,1,1,1997,8,8,8,8,8,8,8,8,8,8
10994,2,1,1997,7,16,0,24,0,0,0,16,5,28
10995,1,1,1997,0,0,0,0,0,0,0,0,0,0
10995,2,1,1997,0,0,0,0,0,0,0,0,0,0
10996,1,1,1997,10,10,10,10,10,10,10,10,10,10
10996,2,1,1997,0,0,0,0,0,0,0,0,0,0
10997,1,1,1997,0,0,0,0,0,0,0,0,0,0
10997,2,1,1997,0,0,0,0,0,0,0,0,0,0
10998,1,1,1997,23,23,23,23,23,23,23,23,23,23
10999,1,1,1997,0,0,0,0,0,0,0,0,0,0
10999,2,1,1997,0,0,0,0,0,0,0,0,0,0
11000,0,1,1997,0,0,21,0,0,0,0,0,0,0
11000,1,1,1997,0,0,0,0,0,0,0,0,0,0
11001,1,1,1997,19,17,30,32,0,17,8,24,21,34
11002,1,1,1997,0,0,0,0,0,0,0,0,0,0
11002,2,1,1997,24,25,35,0,0,19,0,20,0,25
11003,1,1,1997,12,8,19,14,17,15,11,3,17,3
11004,1,1,1997,11,21,19,26,16,0,17,0,22,19
11005,1,1,1997,26,23,16,0,13,21,11,0,8,17
11006,1,1,1997,15,15,15,15,15,15,15,15,15,15
11007,1,1,1997,0,0,0,0,0,0,0,0,0,0
11007,2,1,1997,0,0,0,0,0,0,0,0,0,0
11008,1,1,1997,0,0,0,0,0,0,0,0,0,0
11008,2,1,1997,0,0,0,0,5,0,0,0,0,0
11009,1,1,1997,0,0,0,0,0,0,0,0,0,0
11009,2,1,1997,0,0,0,0,0,0,0,0,0,0
11010,1,1,1997,0,0,0,0,0,0,0,0,0,0
11011,1,1,1997,0,0,21,0,27,0,0,0,0,0
11012,1,1,1997,0,5,15,0,0,11,0,22,0,0
11013,1,1,1997,26,26,26,26,26,26,26,26,26,26
11013,2,1,1997,0,0,0,0,0,0,0,0,0,0
11014,0,1,1997,0,0,0,0,0,0,30,0,0,28
11014,1,1,1997,0,0,0,0,0,0,0,0,0,0
11014,2,1,1997,14,10,11,9,12,14,10,30,0,12
11015,0,1,1997,0,0,0,0,12,0,0,0,0,0
11015,1,1,1997,0,0,0,0,0,0,0,0,0,0
11016,0,1,1997,13,27,8,0,23,21,0,0,13,13
11016,1,1,1997,0,9,0,0,0,0,0,0,0,0
11017,0,1,1997,0,0,0,0,0,0,0,0,0,0
11017,1,1,1997,0,0,0,0,0,0,0,0,0,0
11018,1,1,1997,0,0,0,0,0,0,0,0,0,0
11018,2,1,1997,0,0,17,17,0,0,0,0,0,0
11019,1,1,1997,0,0,0,0,0,0,0,0,0,0
11019,2,1,1997,0,0,0,0,0,0,0,0,0,0
11020,1,1,1997,0,0,0,0,0,0,0,0,0,0
11020,2,1,1997,0,0,0,0,0,0,0,0,0,0
11021,1,1,1997,0,0,41,0,13,27,0,14,0,8
11022,0,1,1997,0,0,0,0,0,0,0,0,0,0
11022,1,1,1997,0,0,0,0,0,0,0,0,0,0
11023,1,1,1997,16,8,29,15,16,0,26,16,17,0
11024,1,1,1997,0,0,0,0,0,11,0,0,0,0
11024,2,1,1997,0,0,0,0,0,0,0,0,0,0
11025,1,1,1997,0,0,0,0,0,0,0,0,0,0
11025,2,1,1997,12,0,0,0,0,0,0,0,0,0
11026,1,1,1997,0,0,0,0,0,0,0,0,0,0
11026,2,1,1997,0,0,0,0,0,19,0,0,0,0
11026,3,1,1997,0,0,0,0,0,0,0,0,0,0
11027,0,1,1997,0,0,0,0,0,0,0,0,0,0
11027,0,2,1997,0,0,0,0,0,0,0,0,14,0
11027,1,1,1997,8,8,8,8,8,8,8,8,8,8
11028,0,1,1997,0,0,0,0,0,0,0,0,0,0
11028,1,1,1997,0,0,0,0,0,0,0,0,0,0
11029,1,1,1997,8,0,22,0,0,19,0,0,14,20
11029,2,1,1997,0,0,0,0,0,0,0,0,0,0
11030,0,1,1997,0,31,0,0,0,0,0,0,0,0
11030,0,2,1997,0,0,0,0,0,0,0,0,0,0
11030,1,1,1997,0,0,0,0,26,0,0,21,0,0
11031,1,1,1997,0,0,0,0,0,0,0,0,0,40
11032,1,1,1997,0,0,0,0,0,0,0,0,0,0
11032,2,1,1997,0,0,0,0,0,0,0,0,0,0
11033,0,1,1997,0,0,0,0,0,0,0,0,0,0
11033,1,1,1997,0,0,0,0,0,0,0,0,0,0
11034,1,1,1997,32,12,6,23,4,13,31,21,0,0
11035,1,1,1997,27,20,24,19,22,21,23,15,10,41
11035,2,1,1997,0,0,0,0,0,0,0,0,0,0
11036,1,1,1997,0,0,9,30,12,0,15,12,0,30
11036,2,1,1997,19,0,0,0,7,0,0,11,0,0
11037,1,1,1997,0,0,0,0,0,0,0,0,0,0
11038,0,1,1997,0,0,0,0,0,0,0,0,0,0
11038,1,1,1997,0,0,0,0,0,0,0,0,0,0
11039,1,1,1997,0,0,0,0,0,0,0,0,0,0
11039,2,1,1997,10,10,20,16,0,6,7,0,11,13
11040,0,1,1997,3,12,27,0,0,0,0,21,0,22
11040,1,1,1997,2,2,2,2,2,2,2,2,2,2
11041,1,1,1997,0,0,0,0,0,0,0,0,0,0
11041,2,1,1997,0,0,0,0,0,0,0,0,0,0
11042,0,1,1997,0,0,0,0,0,0,0,0,0,0
11042,1,1,1997,0,0,0,0,0,0,0,0,0,0
11043,1,1,1997,0,0,20,0,28,26,4,0,0,26
11044,1,1,1997,15,11,14,32,14,16,0,19,8,34
11045,1,1,1997,0,0,0,0,0,0,0,0,0,0
11045,2,1,1997,0,0,0,0,0,0,0,0,0,0
11046,1,1,1997,6,0,0,17,22,0,15,12,4,25
11047,1,1,1997,0,0,0,0,0,0,0,0,0,0
11047,2,1,1997,0,0,0,0,0,0,0,0,0,0
11048,1,3,1997,24,0,9,0,14,17,9,8,19,0
11049,1,1,1997,0,0,0,0,0,0,0,0,0,0
11050,1,1,1997,0,0,0,0,0,0,0,0,0,0
11050,2,1,1997,18,0,0,0,0,0,0,0,0,0
11050,3,1,1997,0,0,0,0,0,0,0,0,0,0
11051,1,1,1997,0,0,0,0,0,0,0,0,0,0
11051,2,1,1997,0,0,0,0,0,0,0,0,0,0
11052,1,1,1997,0,0,0,0,0,0,22,0,0,0
11052,2,1,1997,0,0,0,0,0,0,0,0,0,0
11053,1,1,1997,20,20,20,20,20,20,20,20,20,20
11054,1,1,1997,10,10,10,10,10,10,10,10,10,10
11055,1,1,1997,0,0,0,0,0,0,0,0,0,0
11055,2,1,1997,0,0,0,0,0,0,0,0,0,0
11055,3,1,1997,0,0,0,0,0,0,0,0,0,0
11055,4,1,1997,0,0,0,0,0,0,0,0,0,0
11056,1,1,1997,0,0,0,0,0,0,0,0,0,0
11056,2,1,1997,0,0,0,0,0,0,0,4,0,0
20001,1,1,1997,0,0,0,0,0,0,0,0,0,0
20002,0,1,1997,0,0,0,0,0,0,0,0,0,0
20002,1,1,1997,0,0,0,0,0,0,0,0,0,0
20003,1,1,1997,0,0,0,0,6,11,0,0,0,0
20004,1,1,1997,0,0,0,0,0,0,0,0,0,0
20004,2,1,1997,0,0,0,0,0,0,0,0,0,0
20005,1,1,1997,0,0,0,0,0,0,0,0,0,0
20005,2,1,1997,0,0,0,0,0,0,0,0,0,0
20007,1,1,1997,0,0,0,0,0,0,0,0,0,0
20007,2,1,1997,0,0,0,0,0,0,0,0,0,0
20008,1,1,1997,0,0,0,0,0,0,0,0,0,0
20008,2,1,1997,0,0,0,0,0,0,0,0,0,0
20009,1,1,1997,0,0,0,0,0,0,0,0,0,0
20009,2,1,1997,4,4,4,4,4,4,4,4,4,4
20010,1,1,1997,15,15,15,15,15,15,15,15,15,15
20011,1,1,1997,0,0,0,0,0,0,0,0,0,0
20011,2,1,1997,0,0,0,0,0,0,0,0,0,0
20011,3,1,1997,0,0,0,0,0,0,0,0,0,0
20012,1,1,1997,0,0,0,0,0,0,0,0,0,0
20012,2,1,1997,0,0,0,0,0,0,0,0,0,0
20013,1,1,1997,0,0,0,0,0,0,0,0,0,0
20014,1,1,1997,0,0,25,0,0,0,0,0,0,0
20015,1,1,1997,27,27,27,27,27,27,27,27,27,27
20015,2,1,1997,0,0,0,0,0,0,0,0,0,0
20016,0,1,1997,0,0,0,0,0,0,0,0,0,0
20016,1,1,1997,0,0,0,0,0,0,0,0,0,0
20017,1,1,1997,27,10,18,24,12,26,25,18,15,28
20018,1,1,1997,13,13,13,13,13,13,13,13,13,13
20019,1,1,1997,4,4,4,4,4,4,4,4,4,4
20020,1,1,1997,0,0,0,0,0,0,0,0,0,0
20020,2,1,1997,0,0,0,0,0,0,0,0,0,0
20021,1,1,1997,18,18,18,18,18,18,18,18,18,18
20021,2,1,1997,2,2,2,2,2,2,2,2,2,2
20022,1,1,1997,0,0,0,0,0,0,0,0,0,0
20022,2,1,1997,10,10,10,10,10,10,10,10,10,10
20023,0,1,1997,0,0,0,0,0,0,0,0,0,0
20023,1,1,1997,0,0,0,0,0,0,0,0,0,0
20024,1,1,1997,21,21,21,21,21,21,21,21,21,21
20025,1,1,1997,9,9,9,9,9,9,9,9,9,9
20025,2,1,1997,0,0,0,0,0,0,0,0,0,0
20026,1,1,1997,0,0,0,0,0,0,0,0,0,0
20026,2,1,1997,7,7,7,7,7,7,7,7,7,7
20027,1,1,1997,0,0,0,0,0,0,0,0,0,0
20027,2,1,1997,2,2,2,2,2,2,2,2,2,2
20028,1,1,1997,0,0,0,0,0,0,0,0,0,0
20029,1,1,1997,0,0,0,0,0,0,4,0,0,0
20030,1,1,1997,0,0,0,3,3,0,0,0,0,0
20030,2,1,1997,0,0,0,0,0,0,0,0,0,0
20031,1,1,1997,15,0,15,0,0,0,0,0,14,0
20032,1,1,1997,0,0,0,0,0,0,0,0,0,0
20032,2,1,1997,0,0,0,0,0,0,0,0,0,0
20033,1,1,1997,18,5,18,11,21,15,12,10,30,10
20034,1,1,1997,0,0,0,0,0,0,0,15,0,0
20035,1,1,1997,0,0,0,0,0,0,0,0,0,0
20035,2,1,1997,0,0,0,0,0,0,0,0,0,0
20036,1,1,1997,34,34,34,34,34,34,34,34,34,34
20037,1,1,1997,0,7,0,39,6,28,0,0,0,0
20038,1,1,1997,11,11,11,11,11,11,11,11,11,11
20039,0,1,1997,0,0,0,0,0,0,0,0,0,0
20039,1,1,1997,0,0,0,0,0,0,0,0,0,0
20040,1,1,1997,0,0,0,0,0,0,0,0,0,0
20041,1,1,1997,0,0,0,0,0,0,0,0,0,0
20041,2,1,1997,0,0,0,0,0,0,0,0,0,0
20042,1,1,1997,16,16,16,16,16,16,16,16,16,16
20043,1,1,1997,28,28,28,28,28,28,28,28,28,28
20044,1,1,1997,14,14,14,14,14,14,14,14,14,14
20045,0,1,1997,11,11,11,11,11,11,11,11,11,11
20045,1,1,1997,10,10,10,10,10,10,10,10,10,10
20046,1,1,1997,27,0,23,22,20,0,32,25,0,0
20047,1,1,1997,17,17,17,17,17,17,17,17,17,17
20048,1,1,1997,0,0,0,0,0,0,0,0,0,0
20048,2,1,1997,0,0,0,0,0,0,0,0,0,0
20049,1,1,1997,10,10,10,10,10,10,10,10,10,10
20050,0,1,1997,0,0,13,0,0,37,0,0,0,0
20050,0,2,1997,0,27,14,7,0,0,0,0,0,0
20050,1,1,1997,0,0,0,0,0,0,0,0,0,0
20051,0,1,1997,28,28,28,28,28,28,28,28,28,28
20051,1,1,1997,0,0,0,0,0,0,0,0,0,0
20052,0,1,1997,31,31,31,31,31,31,31,31,31,31
20052,1,1,1997,20,20,20,20,20,20,20,20,20,20
20053,1,1,1997,0,0,0,0,0,0,0,0,0,0
20053,2,1,1997,0,0,0,0,0,0,0,0,0,0
20054,1,1,1997,7,7,7,7,7,7,7,7,7,7
20055,1,1,1997,16,16,16,16,16,16,16,16,16,16
20055,2,1,1997,0,0,0,0,0,0,0,0,0,0
20056,1,1,1997,2,2,2,2,2,2,2,2,2,2
20056,2,1,1997,0,0,0,0,0,0,0,0,0,0
20057,1,1,1997,13,13,13,13,13,13,13,13,13,13
20058,1,1,1997,0,0,0,0,0,0,0,0,0,0
20058,2,1,1997,0,0,0,0,0,0,0,0,0,0
20059,0,1,1997,0,0,0,0,0,0,0,0,0,0
20059,0,2,1997,7,0,0,0,0,0,0,0,14,0
20059,0,3,1997,0,0,6,0,0,19,0,0,0,0
20059,1,1,1997,0,0,0,0,0,0,0,0,0,0
20060,1,1,1997,0,0,0,0,0,0,0,0,0,0
20061,1,1,1997,27,27,27,27,27,27,27,27,27,27
20062,0,1,1997,23,23,23,23,23,23,23,23,23,23
20062,1,1,1997,0,0,0,0,0,0,0,0,0,0
20063,1,1,1997,7,7,7,7,7,7,7,7,7,7
20064,1,1,1997,0,0,0,0,10,14,0,0,0,0
20064,2,1,1997,0,0,0,0,26,0,0,0,0,0
20065,0,1,1997,23,0,30,11,17,19,7,0,26,0
20065,1,1,1997,13,19,22,11,0,15,0,16,0,0
20066,1,1,1997,11,13,20,3,18,0,5,0,0,0
20067,1,1,1997,10,10,10,10,10,10,10,10,10,10
20068,1,1,1997,15,15,15,15,15,15,15,15,15,15
20069,1,1,1997,0,0,0,0,0,0,0,0,0,0
20069,2,1,1997,0,8,0,0,0,0,0,0,0,0
40001,1,1,1997,23,0,0,0,0,0,0,0,10,8
40002,1,1,1997,9,9,9,9,9,9,9,9,9,9
40002,2,1,1997,0,0,0,0,0,0,0,0,0,0
40003,1,1,1997,0,28,18,0,0,14,25,0,15,14
40004,1,1,1997,0,0,0,0,0,0,0,0,0,0
40004,2,1,1997,0,0,0,0,0,0,0,0,0,0
40005,1,1,1997,10,14,18,20,37,18,13,6,19,30
40007,0,1,1997,18,18,18,18,18,18,18,18,18,18
40007,1,1,1997,0,0,0,0,14,17,9,0,0,0
40008,1,1,1997,11,17,17,11,20,0,14,8,0,0
40008,2,1,1997,0,0,19,0,0,22,0,0,22,0
40009,1,1,1997,0,0,0,0,0,0,0,0,0,0
40009,2,1,1997,0,0,0,0,0,0,0,0,0,0
40009,3,1,1997,0,0,0,0,0,0,0,0,0,0
40010,1,1,1997,25,25,25,25,25,25,25,25,25,25
40010,2,1,1997,0,0,0,0,0,0,20,0,0,0
40011,1,1,1997,11,11,11,11,11,11,11,11,11,11
40011,2,1,1997,0,0,0,0,0,0,0,0,0,0
40012,1,1,1997,26,23,20,4,10,24,30,7,12,24
40013,0,1,1997,22,0,28,27,6,15,9,24,0,24
40013,1,1,1997,0,0,0,0,0,0,0,12,0,0