ST_CASE,VEH_NO,PER_NO,YEAR,P1,P2,P3,P4,P5,P6,P7,P8,P9,P10
40014,1,1,1997,0,0,0,0,0,0,0,0,0,0
40015,1,1,1997,0,0,0,0,0,0,0,0,0,0
40016,0,1,1997,0,0,0,0,0,0,0,0,0,0
40016,1,1,1997,0,0,0,0,0,0,0,0,0,0
40017,0,1,1997,0,0,0,0,0,0,0,0,0,0
40017,1,1,1997,14,0,0,0,0,0,0,12,0,0
40018,1,1,1997,0,0,0,0,0,0,0,0,0,0
40018,2,1,1997,0,0,0,0,0,0,0,0,0,0
40019,1,1,1997,0,0,0,13,0,0,20,0,0,0
40020,0,1,1997,28,14,38,8,34,9,18,7,17,15
40020,1,1,1997,0,0,0,0,0,0,44,5,0,0
40021,1,1,1997,0,0,0,0,0,0,0,0,0,0
40021,2,1,1997,0,0,0,0,0,0,0,0,0,0
40021,3,1,1997,0,0,0,0,0,0,0,0,0,0
40021,4,1,1997,0,0,0,0,0,0,0,0,0,0
40021,5,1,1997,0,0,0,0,0,0,0,0,0,0
40021,6,1,1997,0,0,0,0,0,0,0,0,0,0
40022,0,1,1997,0,0,0,0,0,0,0,0,0,0
40022,1,1,1997,0,0,0,0,0,0,0,0,0,0
40023,1,1,1997,0,11,11,0,0,0,7,0,0,0
40023,2,1,1997,0,0,0,0,0,0,0,0,0,0
40024,0,1,1997,41,41,41,41,41,41,41,41,41,41
40024,1,1,1997,0,0,0,0,0,0,0,0,0,0
40025,1,1,1997,20,20,20,20,20,20,20,20,20,20
40026,1,1,1997,12,9,34,34,12,20,10,9,3,32
40026,2,1,1997,0,0,0,21,0,17,0,0,21,0
40027,1,1,1997,22,22,22,22,22,22,22,22,22,22
40028,1,1,1997,0,0,0,8,6,10,0,0,5,31
40028,2,1,1997,0,0,0,0,0,0,0,0,0,0
40029,1,1,1997,21,9,18,10,18,17,14,21,7,19
40030,1,1,1997,0,0,0,0,0,0,0,0,0,0
40030,2,1,1997,0,0,0,0,18,0,0,0,0,0
40031,0,1,1997,1,1,1,1,1,1,1,1,1,1
40031,1,1,1997,0,0,0,0,0,0,0,0,0,0
40032,0,1,1997,0,0,35,0,0,20,0,0,18,0
40032,1,1,1997,0,0,0,0,0,0,0,0,0,0
40033,0,1,1997,11,15,0,0,0,0,25,0,0,12
40033,1,1,1997,0,0,0,8,0,16,8,0,0,0
40034,1,1,1997,18,19,0,16,22,13,13,0,0,22
40035,1,1,1997,0,0,0,30,0,0,0,0,34,0
40035,2,1,1997,0,0,0,0,0,0,0,0,0,0
40036,1,1,1997,20,20,20,20,20,20,20,20,20,20
40036,2,1,1997,0,0,0,0,0,0,0,0,0,0
40037,0,1,1997,18,18,18,18,18,18,18,18,18,18
40037,1,1,1997,22,37,0,0,0,0,0,0,15,0
40038,1,1,1997,32,27,17,30,9,19,23,0,20,35
40039,0,1,1997,0,0,0,0,0,0,0,0,0,0
40039,1,1,1997,0,0,0,0,0,0,0,0,0,0
40040,1,1,1997,0,12,0,0,0,0,17,12,0,0
40041,1,1,1997,0,0,0,0,0,0,0,0,0,0
40042,1,1,1997,0,0,0,0,0,0,0,0,0,0
40042,2,1,1997,0,0,0,0,0,0,0,0,0,0
40043,1,1,1997,11,28,10,21,5,9,14,0,12,26
40043,2,1,1997,0,0,0,0,21,0,0,0,0,10
40044,0,1,1997,18,18,18,18,18,18,18,18,18,18
40044,1,1,1997,0,10,0,0,0,0,0,0,0,0
40044,2,1,1997,0,0,0,0,0,11,0,0,0,0
40045,1,1,1997,0,0,0,18,0,0,0,0,0,0
40045,2,1,1997,0,0,0,0,0,0,0,0,0,0
40046,1,1,1997,0,0,7,0,0,0,0,0,0,0
40047,1,1,1997,29,20,10,28,33,14,21,35,24,6
40048,1,1,1997,7,11,17,12,27,11,25,7,6,16
40049,1,1,1997,0,0,0,0,0,0,0,0,0,0
40049,2,1,1997,0,0,0,0,0,0,0,0,0,0
40050,1,1,1997,0,0,0,0,0,0,0,0,0,0
40050,2,1,1997,0,0,0,0,0,0,0,0,0,0
40051,1,1,1997,0,0,0,0,0,0,0,0,0,0
40052,1,1,1997,0,0,0,0,0,11,0,0,0,0
40052,2,1,1997,0,0,0,0,7,0,0,0,0,0
40053,1,1,1997,37,36,15,24,20,16,18,20,14,26
40054,1,1,1997,0,0,38,28,17,0,0,0,9,25
40055,0,1,1997,0,0,0,0,0,0,0,0,11,0
40055,1,1,1997,0,0,0,19,0,0,15,16,0,0
40056,0,1,1997,0,0,0,0,0,0,0,0,0,0
40056,1,1,1997,0,0,0,0,0,0,0,0,0,0
40057,1,1,1997,0,0,0,0,0,0,0,0,0,0
40058,0,1,1997,0,0,0,0,0,0,0,0,0,0
40058,1,1,1997,0,0,0,9,0,0,0,0,0,0
40059,0,1,1997,0,0,0,0,0,0,0,0,0,0
40059,1,1,1997,0,0,0,0,0,0,0,0,0,0
40060,1,1,1997,7,0,0,0,7,13,0,0,0,0
40060,2,1,1997,0,0,0,0,0,0,0,0,0,0
40061,0,1,1997,29,27,28,18,29,23,0,22,32,0
40061,1,1,1997,0,0,0,0,0,0,0,0,0,0
40062,1,1,1997,19,13,26,15,17,12,20,13,8,19
40063,1,1,1997,17,17,17,17,17,17,17,17,17,17
40063,2,1,1997,0,0,0,0,0,0,0,0,0,0
40064,1,2,1997,0,0,31,0,0,8,0,0,0,0
40065,1,1,1997,0,0,14,0,0,0,0,0,18,0
40065,2,1,1997,0,0,0,0,8,0,19,11,8,0
40066,1,1,1997,8,26,0,0,5,0,0,0,22,0
40066,2,1,1997,0,0,0,0,0,0,0,0,0,0
40067,1,1,1997,11,0,6,9,5,5,0,0,43,0
40068,1,1,1997,0,0,0,0,0,0,0,0,0,0
40068,2,1,1997,0,0,0,0,0,0,0,22,0,0
40069,1,1,1997,0,0,0,0,0,0,0,0,0,0
40069,2,1,1997,0,0,0,0,0,0,0,0,0,0
40070,1,1,1997,0,0,0,0,0,0,0,0,0,0
40070,2,1,1997,0,0,0,0,0,0,0,0,0,0
40071,0,1,1997,0,0,0,0,0,0,0,0,0,0
40071,1,1,1997,0,0,0,0,0,0,0,0,0,0
40072,0,1,1997,40,20,23,20,31,28,8,39,23,19
40072,1,1,1997,0,0,0,0,0,0,0,0,0,0
40073,1,1,1997,0,0,0,0,0,10,0,16,7,0
40074,1,1,1997,0,0,0,0,0,0,0,0,0,0
40074,2,1,1997,0,0,0,0,0,0,0,0,0,0
40076,1,1,1997,0,0,0,0,0,19,0,0,16,27
40076,2,1,1997,0,0,0,0,0,0,13,0,0,0
40077,0,1,1997,0,0,0,0,6,42,34,0,0,0
40077,1,1,1997,0,0,0,0,0,0,0,0,0,0
40078,0,1,1997,0,0,0,0,0,0,0,0,0,0
40078,1,1,1997,0,0,0,0,0,0,0,0,0,0
40079,1,1,1997,0,0,0,0,0,0,0,0,0,0
40079,2,1,1997,0,0,0,0,0,0,0,0,0,0
40080,1,1,1997,20,13,20,27,16,7,19,26,0,16
40081,0,1,1997,0,0,0,0,29,0,0,39,14,14
40081,1,1,1997,0,0,0,0,0,0,0,0,0,0
40082,0,1,1997,35,13,25,0,30,0,15,0,21,11
40082,1,1,1997,0,0,0,0,0,0,0,0,0,0
40083,1,1,1997,24,24,24,24,24,24,24,24,24,24
40083,2,1,1997,0,0,0,0,0,0,0,0,0,0
40084,1,1,1997,20,46,8,7,0,18,28,25,14,9
40084,2,1,1997,0,0,0,0,0,0,0,0,0,0
40085,1,1,1997,11,34,28,9,22,13,10,12,10,0
40085,2,1,1997,0,0,0,0,0,0,0,0,0,0
40086,1,1,1997,0,0,0,0,0,0,0,0,0,0
40086,2,1,1997,0,0,0,0,0,0,0,0,0,0
40087,1,1,1997,0,16,0,0,0,0,0,0,0,0
40088,1,1,1997,17,11,24,8,7,8,17,20,11,13
40088,2,1,1997,0,0,0,0,7,0,0,0,0,0
40088,3,1,1997,0,0,0,0,0,0,0,0,0,0
40088,4,1,1997,0,0,0,0,0,0,0,0,0,0
40089,1,1,1997,0,0,0,0,0,0,0,0,0,0
40089,2,1,1997,1,1,1,1,1,1,1,1,1,1
40090,0,1,1997,0,0,0,0,0,0,0,0,0,0
40090,1,1,1997,0,0,0,0,0,0,0,0,0,0
40091,1,1,1997,0,0,0,0,0,0,0,0,0,0
40092,0,1,1997,21,21,0,0,0,22,0,0,0,0
40092,1,1,1997,0,0,0,0,0,0,0,0,0,0
40093,1,1,1997,13,19,24,11,10,11,16,7,23,3
40094,1,1,1997,16,0,0,11,19,21,27,16,28,15
40095,0,1,1997,0,0,0,0,0,0,0,0,0,0
40095,1,1,1997,7,11,21,22,11,20,4,11,8,17
40096,1,1,1997,0,0,0,0,0,0,0,0,0,0
40096,2,1,1997,0,0,0,0,0,0,0,0,0,0
40096,3,1,1997,0,0,0,0,0,0,0,0,0,0
40097,0,1,1997,0,0,0,0,0,17,0,0,0,0
40097,1,1,1997,21,18,21,7,12,16,13,5,4,12
40098,1,1,1997,0,0,29,13,0,0,0,0,0,0
40099,1,1,1997,0,0,0,0,0,0,0,0,0,0
40100,1,1,1997,0,0,0,0,0,0,0,0,0,0
40100,2,1,1997,0,0,0,0,0,0,0,0,0,0
40101,1,1,1997,0,0,0,0,0,0,0,16,0,0
40101,2,1,1997,10,11,0,24,18,7,7,0,12,10
40102,1,1,1997,0,0,0,0,0,0,0,0,0,6
40103,1,1,1997,0,0,0,0,0,23,0,0,13,0
40104,1,1,1997,3,0,0,0,0,0,0,0,0,6
40104,2,1,1997,0,0,0,0,0,0,0,0,0,0
40105,1,1,1997,0,0,0,0,0,0,0,0,0,0
40106,1,1,1997,14,6,2,7,3,2,17,21,11,4
40106,2,1,1997,0,0,0,0,0,0,0,0,0,0
40106,3,1,1997,0,0,0,0,0,0,0,0,0,0
40106,4,1,1997,0,0,0,0,0,0,0,0,0,0
40107,0,1,1997,24,26,36,13,33,0,20,38,23,25
40107,1,1,1997,7,15,9,5,7,19,4,3,4,4
40108,1,1,1997,0,0,23,0,0,0,0,0,0,0
40109,1,1,1997,0,0,0,0,0,0,0,22,0,0
40110,1,1,1997,0,0,0,0,32,27,15,10,0,0
40111,1,1,1997,26,26,26,26,26,26,26,26,26,26
40111,2,1,1997,0,15,0,6,0,0,0,0,0,0
40112,1,1,1997,0,0,0,0,0,0,0,0,0,0
40114,1,1,1997,27,27,27,27,27,27,27,27,27,27
40115,1,1,1997,0,0,0,0,0,0,0,0,0,23
40116,1,1,1997,0,0,0,0,0,0,0,0,19,0
40117,1,1,1997,0,0,0,0,0,0,0,7,0,0
40117,2,1,1997,0,0,0,0,0,0,0,0,0,0
40117,3,1,1997,0,0,0,0,0,0,0,10,0,0
40118,1,1,1997,0,0,0,0,0,0,0,0,0,0
40118,2,1,1997,14,13,21,19,9,17,16,6,23,15
40119,1,1,1997,0,0,0,0,0,0,0,0,0,0
40119,2,1,1997,0,0,0,0,0,0,0,0,0,0
40120,1,1,1997,0,0,0,0,6,0,0,0,0,0
40121,1,1,1997,15,17,25,39,21,8,20,19,24,15
40122,1,1,1997,0,0,0,0,0,0,0,0,0,0
40122,2,1,1997,0,0,0,0,0,0,0,0,0,0
40123,1,1,1997,0,0,0,0,0,0,0,0,0,0
40123,2,1,1997,0,5,0,0,0,0,0,0,0,6
40124,1,1,1997,0,28,14,26,25,9,23,0,0,17
40124,2,1,1997,0,0,0,0,0,0,0,0,0,0
40125,1,1,1997,0,0,0,0,0,0,0,0,0,0
40125,2,1,1997,0,0,0,0,0,0,0,0,0,0
40126,1,1,1997,20,20,20,20,20,20,20,20,20,20
40127,1,1,1997,0,0,0,0,0,0,0,0,0,0
40127,2,1,1997,0,0,0,0,0,0,0,0,0,0
40128,1,1,1997,25,20,8,21,20,26,14,29,14,23
40129,1,1,1997,0,0,0,0,0,0,0,0,0,0
40129,2,1,1997,15,15,15,15,15,15,15,15,15,15
40130,1,1,1997,0,5,6,0,15,18,10,17,19,14
40130,2,1,1997,0,0,0,0,0,0,0,0,0,0
40131,1,1,1997,0,0,0,0,0,0,0,0,0,0
40131,2,1,1997,0,0,7,0,0,0,0,0,0,0
40131,3,1,1997,0,0,0,0,0,0,0,0,0,17
40132,0,1,1997,8,4,16,36,8,19,54,23,30,30
40132,1,1,1997,0,7,12,10,0,0,8,0,12,0
40132,2,1,1997,0,0,0,0,0,0,0,0,0,0
40132,3,1,1997,0,0,0,0,0,0,0,0,0,0
40133,1,1,1997,0,0,0,0,0,0,0,0,0,0
40133,2,1,1997,0,0,0,0,0,0,0,0,0,0
40134,1,1,1997,15,15,15,15,15,15,15,15,15,15
40135,1,1,1997,0,0,0,0,0,0,0,0,0,0
40135,2,1,1997,0,0,0,0,0,0,0,0,0,0
40136,1,1,1997,0,0,0,0,0,0,0,0,0,0
40136,2,1,1997,0,0,0,0,0,5,0,0,0,0
40137,1,1,1997,16,16,16,16,16,16,16,16,16,16
40138,1,1,1997,11,0,10,0,20,31,0,0,9,22
40138,2,1,1997,0,0,0,0,0,0,0,0,0,0
40139,1,1,1997,19,19,19,19,19,19,19,19,19,19
40139,2,1,1997,0,0,0,0,0,0,0,0,0,0
40140,0,1,1997,0,0,0,0,0,0,0,0,0,0
40140,1,1,1997,0,0,0,0,0,0,0,0,0,0
40141,1,1,1997,19,35,0,11,27,14,0,0,25,26
40142,1,1,1997,0,0,0,0,0,9,0,0,0,0
40142,2,1,1997,0,0,0,0,0,0,0,0,0,0
40143,0,1,1997,32,22,37,20,21,25,24,21,22,30
40143,1,1,1997,0,0,0,0,0,0,0,0,0,0
40144,0,1,1997,0,14,57,0,23,0,28,6,23,27
40144,1,1,1997,0,0,0,0,0,0,0,0,0,0
40145,1,1,1997,0,0,0,0,0,0,0,0,0,0
40146,1,1,1997,27,22,10,24,16,19,21,37,23,13
40147,1,1,1997,0,0,0,0,0,0,0,0,0,0
40147,2,1,1997,0,0,0,0,0,0,0,0,0,0
40148,1,1,1997,32,15,24,27,20,23,5,25,10,20
40149,1,1,1997,0,0,0,0,0,0,0,22,0,0
40149,2,1,1997,0,0,0,0,0,0,0,0,0,0
40150,1,1,1997,0,36,24,0,31,36,24,29,23,20
40151,0,1,1997,0,0,0,0,0,0,0,0,0,0
40151,1,1,1997,11,8,4,10,7,8,13,16,0,3
40152,1,1,1997,0,0,0,0,0,0,0,9,0,0
40153,1,1,1997,0,0,0,0,0,0,0,0,0,0
40153,2,1,1997,0,0,0,0,0,0,0,0,0,0
40154,0,1,1997,0,0,0,0,0,0,0,0,0,0
40154,1,1,1997,0,0,15,0,0,0,0,0,0,0
40155,1,1,1997,3,0,0,0,0,0,0,9,18,13
40155,2,1,1997,0,0,0,0,12,0,0,0,0,0
40156,0,1,1997,0,0,0,0,0,0,0,0,0,0
40156,1,1,1997,0,0,0,0,0,0,0,0,0,0
40157,0,1,1997,0,0,0,0,0,0,0,0,0,0
40157,1,1,1997,0,0,0,0,0,0,0,0,0,0
40158,1,1,1997,0,0,0,0,0,0,0,0,0,0
40158,2,1,1997,0,0,0,0,0,0,0,0,0,0
40158,3,1,1997,0,0,0,0,0,0,0,0,0,0
40159,1,1,1997,15,0,0,38,0,0,18,0,22,24
40161,0,1,1997,12,12,12,12,12,12,12,12,12,12
40161,1,1,1997,0,0,0,0,0,0,0,8,0,0
40162,0,1,1997,0,0,0,0,0,0,0,0,0,0
40162,1,1,1997,39,6,28,16,0,0,23,9,15,4
40162,2,1,1997,0,0,0,0,0,0,0,0,0,0
40163,1,1,1997,0,0,0,0,0,0,0,0,0,0
40163,2,1,1997,0,0,0,0,0,0,0,0,0,0
40164,0,1,1997,21,16,2,22,8,4,42,26,9,26
40164,1,1,1997,0,15,0,0,0,0,13,13,0,21
40165,1,1,1997,0,0,17,0,0,0,0,0,0,0
40166,1,1,1997,11,11,11,11,11,11,11,11,11,11
40166,2,1,1997,0,0,0,0,0,0,0,0,0,0
40166,3,1,1997,0,0,0,0,0,0,0,0,0,0
40167,0,1,1997,17,13,0,15,28,20,15,15,7,25
40167,1,1,1997,0,0,0,0,0,0,0,0,0,0
40168,0,1,1997,0,21,0,0,6,0,0,0,32,34
40168,1,1,1997,0,0,0,0,0,0,0,0,0,0
40169,1,1,1997,24,24,24,24,24,24,24,24,24,24
40170,0,1,1997,24,24,24,24,24,24,24,24,24,24
40170,1,1,1997,0,0,0,8,0,0,3,10,0,0
40171,1,1,1997,0,0,0,0,0,0,0,0,0,0
40172,0,1,1997,20,0,0,0,23,15,35,0,11,21
40172,1,1,1997,0,0,0,0,0,0,0,0,0,0
40173,1,1,1997,0,0,0,0,0,0,0,0,0,0
40173,2,1,1997,0,0,0,0,0,0,0,0,0,0
40174,0,1,1997,0,0,0,0,0,0,0,0,0,0
40174,1,1,1997,7,0,0,0,0,0,0,8,0,0
40175,1,1,1997,0,0,0,16,0,0,0,0,0,0
40175,2,1,1997,0,0,0,0,0,0,0,0,0,0
40176,1,1,1997,0,15,0,0,16,0,0,0,24,24
40177,1,1,1997,0,0,0,0,0,0,0,0,0,0
40177,2,1,1997,0,0,0,13,0,0,20,0,0,0
40177,3,1,1997,0,0,0,0,0,0,0,0,0,0
40178,1,1,1997,0,0,0,0,0,0,0,0,0,0
40178,2,1,1997,0,0,0,0,0,0,0,0,0,0
40179,1,1,1997,0,0,0,0,0,0,0,0,0,0
40179,2,1,1997,0,0,0,0,0,0,0,0,0,0
40180,0,1,1997,20,17,0,25,14,18,0,18,0,0
40180,1,1,1997,0,0,0,0,0,0,24,0,23,0
40181,1,1,1997,0,0,23,0,0,0,0,0,0,0
40182,1,1,1997,0,0,0,0,0,0,0,0,0,0
40182,2,1,1997,0,0,0,0,0,0,0,0,0,0
40183,0,1,1997,26,26,26,26,26,26,26,26,26,26
40183,1,1,1997,0,0,0,0,0,0,0,0,0,0
40184,1,1,1997,11,7,0,0,11,13,13,5,8,5
40184,2,1,1997,0,0,0,0,0,0,0,0,0,0
40185,1,1,1997,9,14,20,6,27,0,0,4,4,0
40186,1,1,1997,0,0,25,9,0,9,21,13,0,10
40186,2,1,1997,0,0,0,0,0,0,0,0,22,0
40187,1,1,1997,18,18,18,18,18,18,18,18,18,18
40187,2,1,1997,0,0,0,0,0,0,0,0,0,0
40187,3,1,1997,0,0,0,0,0,0,0,0,0,0
40188,1,1,1997,0,0,0,0,0,10,0,0,0,0
40189,1,1,1997,0,0,0,0,0,0,0,0,0,0
40189,2,1,1997,0,0,0,0,0,0,0,0,0,0
40190,1,1,1997,14,14,14,14,14,14,14,14,14,14
40191,0,1,1997,23,23,23,23,23,23,23,23,23,23
40191,1,1,1997,0,0,0,0,0,0,0,0,0,0
40192,1,1,1997,18,13,21,6,5,12,39,8,10,19
40193,1,1,1997,0,0,33,0,11,0,0,0,0,0
40194,1,1,1997,0,0,0,0,0,0,0,0,0,0
40194,2,1,1997,0,0,0,0,0,0,0,0,0,0
40195,1,1,1997,0,23,0,0,0,0,18,0,0,0
40196,1,1,1997,0,0,0,0,0,0,0,0,0,0
40196,2,1,1997,0,0,0,0,0,0,0,0,0,0
40197,1,1,1997,0,0,0,0,0,0,0,0,8,0
40198,1,1,1997,0,0,0,0,2,0,0,0,0,0
40198,2,1,1997,24,24,24,24,24,24,24,24,24,24
40199,1,1,1997,0,0,0,0,0,0,0,0,0,0
40200,0,1,1997,37,11,30,11,0,0,0,0,22,20
40200,1,1,1997,0,0,0,0,0,0,0,0,0,28
40201,1,1,1997,0,0,0,0,0,0,0,0,0,0
40201,2,1,1997,0,0,0,0,0,0,0,0,16,0
40202,1,1,1997,0,0,0,0,0,0,0,0,19,0
40202,2,1,1997,19,26,18,23,13,17,0,34,26,0
40203,1,1,1997,0,0,0,0,0,0,0,0,0,0
40203,2,1,1997,0,0,0,0,0,0,0,0,0,0
40204,1,1,1997,5,5,5,5,5,5,5,5,5,5
40204,2,1,1997,0,0,0,0,0,0,0,0,0,0
40205,1,1,1997,25,26,11,16,11,20,19,16,5,34
40206,1,1,1997,14,21,11,30,28,0,17,23,19,0
40207,1,1,1997,0,0,0,0,0,18,0,0,0,0
40207,2,1,1997,0,0,0,0,0,6,0,0,0,0
40208,1,1,1997,0,0,0,0,0,0,0,0,0,0
40208,2,1,1997,0,0,0,0,0,0,0,0,0,0
40209,0,1,1997,18,18,18,18,18,18,18,18,18,18
40209,1,1,1997,13,3,9,0,0,5,5,12,14,0
40210,1,1,1997,0,0,0,0,0,0,0,0,0,0
40210,2,1,1997,0,0,0,0,0,0,0,0,0,0
40211,1,1,1997,0,0,0,0,0,0,0,0,0,0
40211,2,1,1997,0,0,0,0,0,0,0,0,0,0
40212,1,1,1997,0,0,0,0,0,2,0,0,0,0
40213,1,1,1997,0,0,0,0,4,0,0,0,0,0
40213,2,1,1997,0,0,0,0,12,31,0,0,0,0
40214,1,1,1997,0,0,0,0,0,0,0,0,0,0
40214,2,1,1997,0,0,0,0,0,0,0,0,0,0
40215,1,1,1997,0,0,0,0,0,0,0,0,0,0
40216,1,1,1997,0,0,0,0,9,0,0,0,0,0
40216,2,1,1997,7,17,3,12,0,8,0,0,6,0
40217,1,1,1997,25,25,25,25,25,25,25,25,25,25
40218,1,1,1997,9,9,9,9,9,9,9,9,9,9
40219,1,1,1997,0,0,7,18,0,0,16,15,15,0
40220,0,1,1997,0,0,0,0,0,0,0,0,0,0
40221,1,1,1997,0,0,0,0,0,0,0,0,0,0
40221,2,1,1997,0,0,0,0,0,0,0,0,0,0
40221,3,1,1997,0,0,0,0,0,0,0,0,0,0
40222,1,1,1997,0,0,0,0,0,0,0,0,0,0
40223,1,1,1997,0,0,0,0,0,0,0,0,0,0
40223,2,1,1997,0,0,0,0,0,0,0,0,0,0
40224,1,1,1997,5,5,5,5,5,5,5,5,5,5
40225,0,1,1997,6,4,34,8,10,6,23,23,20,29
40225,1,1,1997,0,0,0,19,0,0,0,0,7,0
40226,1,1,1997,0,0,0,0,0,0,0,0,0,0
40227,1,1,1997,10,6,5,12,8,14,4,10,20,15
40227,2,1,1997,0,0,8,0,0,0,0,0,25,0
40227,3,1,1997,0,0,0,0,0,0,0,0,0,0
40228,0,1,1997,25,0,0,0,0,0,0,27,0,7
40228,1,1,1997,0,0,0,0,15,0,7,24,0,10
40229,1,1,1997,0,0,0,0,0,0,0,0,0,0
40229,2,1,1997,0,0,0,0,0,0,0,0,0,0
40230,1,1,1997,0,0,0,0,0,0,0,0,0,0
40230,2,1,1997,0,0,0,0,0,0,0,0,0,0
40231,0,1,1997,0,0,0,0,16,0,0,0,0,0
40231,1,1,1997,0,0,0,0,0,0,0,0,0,0
40232,0,1,1997,12,28,21,10,15,19,10,12,27,11
40232,1,1,1997,0,0,0,0,0,0,25,0,0,0
40233,1,1,1997,10,10,10,10,10,10,10,10,10,10
40234,1,1,1997,0,0,0,0,20,0,0,0,0,0
40234,2,1,1997,0,0,0,0,0,0,0,18,0,0
40235,1,1,1997,18,21,0,29,25,0,12,22,28,15
40236,1,1,1997,0,0,0,0,0,0,0,0,0,0
40236,2,1,1997,0,0,0,0,0,0,0,0,0,0
40237,1,1,1997,0,0,0,0,0,0,0,0,0,0
40238,1,1,1997,0,0,0,0,0,0,0,0,0,0
40238,2,1,1997,0,0,0,0,0,0,0,0,0,0
40238,3,1,1997,0,0,0,0,0,0,0,0,0,0
40239,1,1,1997,14,18,12,20,18,13,14,9,0,19
40240,0,1,1997,12,12,12,12,12,12,12,12,12,12
40240,1,1,1997,0,0,0,0,0,0,0,0,0,0
40241,1,1,1997,24,33,12,17,17,25,21,23,5,20
40241,2,1,1997,0,0,0,0,0,0,0,0,0,0
40242,1,1,1997,14,14,14,14,14,14,14,14,14,14
40243,1,1,1997,12,12,12,12,12,12,12,12,12,12
40243,2,1,1997,0,0,3,0,0,23,0,9,0,0
40244,0,1,1997,21,21,21,21,21,21,21,21,21,21
40244,1,1,1997,0,0,0,0,0,0,0,0,0,0
40245,1,1,1997,0,0,0,0,0,0,0,0,0,0
40245,2,1,1997,9,9,9,9,9,9,9,9,9,9
40246,1,1,1997,0,0,0,0,0,0,0,3,0,0
40246,2,1,1997,0,0,0,0,0,0,0,0,0,0
40246,3,1,1997,0,0,0,0,0,0,0,0,0,0
40247,0,1,1997,0,0,0,0,0,0,0,0,0,0
40247,1,1,1997,0,0,0,0,0,0,0,0,0,0
40248,1,1,1997,0,0,0,0,0,0,0,0,0,0
40248,2,1,1997,0,0,0,0,0,15,16,0,25,0
40248,3,1,1997,0,0,0,0,0,0,0,0,0,0
40249,1,1,1997,0,0,0,0,0,0,0,0,0,0
40249,2,1,1997,0,0,0,0,0,0,0,0,0,0
40250,1,1,1997,17,27,31,18,19,36,0,18,33,35
40251,1,1,1997,0,0,0,8,0,0,0,0,0,0
40251,2,1,1997,0,0,0,0,0,0,0,0,0,0
40252,1,1,1997,17,0,26,11,12,13,18,14,13,17
40252,2,1,1997,0,0,0,0,0,0,0,0,0,0
40253,1,1,1997,16,17,20,16,13,11,0,26,8,0
40253,2,1,1997,0,0,0,0,0,0,0,0,0,0
40254,1,1,1997,0,22,0,3,0,0,0,0,10,0
40255,1,1,1997,23,0,25,9,4,0,0,0,16,0
40255,2,1,1997,0,0,0,0,0,0,0,0,6,0
40256,1,1,1997,0,0,0,0,0,0,0,0,0,0
40256,2,1,1997,0,0,10,0,0,0,0,0,0,0
40257,1,1,1997,6,8,26,13,11,2,8,17,7,8
40257,2,1,1997,0,0,0,0,0,0,0,16,0,0
40258,1,1,1997,0,0,0,0,0,0,0,0,0,0
40258,2,1,1997,0,0,0,4,0,0,7,0,0,0
40259,1,1,1997,6,11,0,11,28,4,11,0,20,9
40260,0,1,1997,0,29,0,0,0,0,0,0,0,0
40260,1,1,1997,0,0,0,0,0,0,0,0,0,0
40261,1,1,1997,0,0,19,0,0,8,0,0,19,7
40262,0,1,1997,0,0,18,0,0,0,0,0,0,0
40262,1,1,1997,0,0,0,0,0,0,0,0,0,0
40263,0,1,1997,0,11,17,13,0,0,25,23,0,0
40263,1,1,1997,0,0,23,0,0,0,20,0,19,0
40264,1,1,1997,26,26,26,26,26,26,26,26,26,26
40265,0,1,1997,0,20,0,0,31,0,0,14,0,11
40265,1,1,1997,0,0,0,0,0,0,0,0,0,0
40266,0,1,1997,21,23,11,17,17,23,17,11,23,20
40266,1,1,1997,12,32,7,3,17,11,17,33,6,12
40268,1,1,1997,0,0,39,0,0,0,0,0,0,16
40269,1,1,1997,0,0,0,0,0,0,0,0,0,0
40269,2,1,1997,0,0,0,0,0,0,0,0,0,0
40270,1,1,1997,0,0,0,0,0,0,0,0,0,0
40270,2,1,1997,0,0,0,0,0,0,0,0,0,0
40271,0,1,1997,0,0,0,0,0,0,0,0,0,0
40271,1,1,1997,0,0,0,0,0,0,0,0,0,0
40272,1,1,1997,28,0,19,17,11,0,5,4,9,12
40272,2,1,1997,0,0,0,0,0,0,0,0,0,0
40273,0,1,1997,0,0,0,0,0,0,0,32,0,0
40273,1,1,1997,0,0,0,0,0,0,0,0,0,0
40274,0,1,1997,9,23,22,32,16,11,46,10,30,0
40274,1,1,1997,0,0,0,0,0,0,0,0,0,0
40275,1,1,1997,24,0,0,23,0,21,0,0,0,0
40276,1,1,1997,0,0,0,0,0,0,0,0,0,0
40277,1,1,1997,22,0,0,24,0,20,0,0,6,32
40278,1,1,1997,9,9,9,9,9,9,9,9,9,9
40278,2,1,1997,0,2,0,0,0,0,0,0,0,0
40278,3,1,1997,0,0,0,0,0,0,0,0,0,0
40279,1,1,1997,28,28,28,28,28,28,28,28,28,28
40280,1,1,1997,17,17,17,17,17,17,17,17,17,17
40281,1,1,1997,0,0,21,35,23,23,16,16,20,23
40282,1,1,1997,15,15,16,18,20,6,15,21,15,0
40283,0,1,1997,22,22,22,22,22,22,22,22,22,22
40283,1,1,1997,0,0,2,0,23,29,0,0,0,19
40284,1,1,1997,17,13,12,15,12,0,0,0,13,0
40285,1,1,1997,0,0,0,0,0,0,0,0,0,0
40286,0,1,1997,0,0,0,0,0,0,0,0,0,0