ST_CASE,VEH_NO,PER_NO,YEAR,P1,P2,P3,P4,P5,P6,P7,P8,P9,P10
40835,1,1,1997,0,0,0,0,0,0,0,0,0,0
40836,1,1,1997,0,0,0,0,0,0,0,0,0,0
40836,2,1,1997,0,0,0,0,0,0,0,0,0,0
40836,3,1,1997,0,0,0,0,0,0,0,0,0,0
40836,4,1,1997,0,23,0,0,0,0,31,0,0,0
40837,1,2,1997,0,0,16,0,0,0,18,0,0,0
40838,1,1,1997,21,21,21,21,21,21,21,21,21,21
40839,1,1,1997,0,0,0,0,0,0,0,0,0,0
40839,2,1,1997,0,0,0,0,0,0,0,0,0,0
40840,0,1,1997,0,0,0,0,0,0,0,0,0,0
40840,1,1,1997,0,0,0,0,0,0,0,0,0,0
40841,1,1,1997,0,0,0,0,0,0,0,0,0,0
40841,2,1,1997,0,0,0,0,0,0,0,0,0,0
40842,0,1,1997,0,12,0,0,0,0,29,0,0,0
40842,1,1,1997,0,0,0,0,0,0,0,0,0,0
40843,1,1,1997,0,23,0,0,4,18,0,0,16,0
40844,1,1,1997,0,0,0,0,0,0,0,0,0,0
40845,1,2,1997,0,0,0,0,0,0,0,0,0,0
40846,1,1,1997,17,15,0,0,18,0,27,25,0,0
40847,1,1,1997,18,18,18,18,18,18,18,18,18,18
40848,0,1,1997,0,0,0,0,0,0,0,0,0,0
40848,1,1,1997,14,0,0,0,0,0,0,0,0,0
40849,1,1,1997,23,23,23,23,23,23,23,23,23,23
40849,2,1,1997,7,7,7,7,7,7,7,7,7,7
40850,1,1,1997,16,16,16,16,16,16,16,16,16,16
40850,2,1,1997,0,0,0,0,0,0,0,0,0,0
40851,1,1,1997,11,23,0,0,0,0,0,0,0,14
40852,1,1,1997,0,0,0,0,0,0,0,0,0,0
40854,1,1,1997,43,17,14,29,0,0,12,11,0,0
50001,1,1,1997,0,0,0,0,0,0,0,0,0,0
50002,1,1,1997,24,24,24,24,24,24,24,24,24,24
50003,1,1,1997,0,0,0,0,0,0,0,0,0,0
50003,2,1,1997,0,0,0,0,0,0,0,0,0,0
50004,1,1,1997,0,0,0,0,0,0,0,0,0,0
50005,1,1,1997,0,0,0,0,0,0,0,0,0,0
50006,1,1,1997,0,0,0,0,0,0,0,0,0,0
50006,2,1,1997,0,0,0,0,0,0,0,0,0,0
50006,3,1,1997,0,0,0,0,0,0,0,0,0,0
50007,1,1,1997,16,5,0,0,0,0,0,0,0,0
50008,0,1,1997,0,0,0,0,0,0,0,0,0,0
50008,1,1,1997,0,0,0,0,0,0,0,0,0,0
50009,1,1,1997,0,0,0,0,0,0,0,0,0,0
50009,2,1,1997,0,0,0,0,0,0,0,0,0,0
50010,1,1,1997,7,7,7,7,7,7,7,7,7,7
50011,1,1,1997,0,0,0,0,0,0,0,0,0,0
50012,1,1,1997,17,17,17,17,17,17,17,17,17,17
50013,1,1,1997,0,0,0,0,0,0,0,19,0,6
50014,1,1,1997,0,0,0,0,0,0,0,0,0,0
50014,2,1,1997,0,0,0,0,0,0,0,0,0,0
50015,1,1,1997,17,0,0,0,43,0,0,0,0,0
50016,1,1,1997,0,0,0,0,0,0,0,0,0,0
50017,1,1,1997,20,20,20,20,20,20,20,20,20,20
50018,1,1,1997,0,0,0,0,0,0,0,0,0,0
50018,2,1,1997,0,0,0,0,0,0,0,0,0,0
50018,3,1,1997,0,0,0,0,0,0,0,0,0,0
50019,1,1,1997,0,0,22,0,0,0,0,0,12,0
50020,1,1,1997,0,0,0,0,0,0,0,0,0,0
50020,2,1,1997,0,0,0,0,0,0,0,0,0,0
50021,1,1,1997,0,0,0,0,0,0,0,0,0,0
50021,2,1,1997,0,0,0,0,0,0,0,0,0,0
50022,0,1,1997,0,0,0,0,0,0,0,0,0,0
50022,1,1,1997,0,0,0,0,0,0,0,0,0,0
50023,1,1,1997,0,0,0,0,0,0,0,0,0,0
50023,2,1,1997,22,22,22,22,22,22,22,22,22,22
50024,1,1,1997,0,0,0,0,0,0,0,0,0,0
50024,2,1,1997,0,0,0,0,0,0,0,0,0,0
50025,1,1,1997,13,13,13,13,13,13,13,13,13,13
50026,1,1,1997,24,24,24,24,24,24,24,24,24,24
50027,1,1,1997,12,12,12,12,12,12,12,12,12,12
50028,1,1,1997,0,0,21,0,19,0,0,0,0,0
50029,1,1,1997,16,14,28,26,5,27,13,13,0,4
50029,2,1,1997,0,0,0,0,0,0,0,16,0,0
50030,1,1,1997,0,0,0,0,0,0,0,0,11,0
50030,2,1,1997,0,0,0,0,0,0,0,0,0,0
50031,1,1,1997,0,0,0,0,0,0,0,0,0,0
50031,2,1,1997,0,0,0,0,0,0,0,0,0,0
50032,1,1,1997,0,0,0,0,0,0,0,0,0,0
50033,0,1,1997,0,0,0,0,0,0,0,0,0,0
50033,0,2,1997,32,0,0,0,0,0,0,0,0,0
50033,0,3,1997,0,0,0,0,0,0,0,0,0,0
50033,0,4,1997,0,0,0,0,0,0,0,0,0,0
50033,1,1,1997,0,0,0,0,0,0,0,0,0,0
50034,1,1,1997,12,12,12,12,12,12,12,12,12,12
50035,1,1,1997,16,16,16,16,16,16,16,16,16,16
50036,1,1,1997,0,11,20,0,0,0,24,0,0,0
50037,1,1,1997,0,0,0,0,0,0,0,0,0,10
50037,2,1,1997,0,0,0,0,0,0,0,0,0,0
50038,0,1,1997,0,0,0,0,0,0,0,0,0,0
50038,1,1,1997,0,0,0,0,0,0,0,0,0,0
50039,1,1,1997,0,0,0,0,0,0,0,0,0,0
50039,2,1,1997,0,0,0,0,0,0,0,0,0,0
50040,1,1,1997,0,0,0,0,0,0,0,0,0,0
50041,0,1,1997,16,16,16,16,16,16,16,16,16,16
50041,1,1,1997,0,0,0,0,0,0,16,0,0,0
50042,1,1,1997,0,0,0,0,0,0,0,0,0,0
50043,1,1,1997,20,0,0,0,0,0,0,0,0,0
50043,2,1,1997,0,0,0,0,0,0,0,0,0,0
50044,1,1,1997,0,0,0,0,0,0,0,0,0,0
50044,2,1,1997,0,0,0,0,0,0,0,0,0,0
50044,3,1,1997,0,0,0,0,0,23,0,0,0,0
50045,1,1,1997,0,0,0,0,0,0,0,0,0,0
50045,2,1,1997,31,0,0,0,0,0,0,0,0,0
50046,1,1,1997,0,0,0,0,0,0,0,0,0,0
50047,1,1,1997,0,0,0,0,0,0,0,0,0,0
50047,2,1,1997,0,0,0,0,0,0,0,0,0,0
50048,1,1,1997,0,0,0,0,0,0,0,0,0,0
50048,2,1,1997,0,0,0,0,0,0,0,0,0,0
50049,1,1,1997,0,0,0,0,0,0,0,0,0,0
50049,2,1,1997,0,0,0,0,0,0,0,0,0,0
50050,1,1,1997,23,23,23,23,23,23,23,23,23,23
50051,1,1,1997,19,35,0,18,20,35,0,25,0,21
50052,1,1,1997,0,0,0,0,0,0,0,0,0,0
50052,2,1,1997,17,17,17,17,17,17,17,17,17,17
50053,1,1,1997,0,0,0,0,0,0,0,0,0,0
50053,2,1,1997,0,0,0,0,0,3,0,0,0,0
50054,1,1,1997,0,0,0,0,0,0,0,0,0,0
50054,2,1,1997,0,6,0,0,0,0,0,0,0,0
50055,1,1,1997,0,0,0,0,0,0,0,0,0,0
50055,2,1,1997,0,0,0,0,0,0,0,0,0,0
50055,3,1,1997,0,0,0,0,0,0,0,0,0,0
50056,1,1,1997,0,0,11,0,0,11,0,0,0,0
50056,2,1,1997,0,0,0,0,0,0,0,0,0,0
50057,1,1,1997,0,0,0,0,0,0,0,0,0,0
50058,1,1,1997,0,0,0,0,0,0,0,0,0,0
50058,2,1,1997,0,0,0,0,0,0,0,0,0,0
50059,1,1,1997,0,0,0,0,0,0,0,0,0,0
50060,1,1,1997,25,25,25,25,25,25,25,25,25,25
50060,2,1,1997,0,0,0,0,0,0,0,0,0,0
50061,0,1,1997,0,0,0,0,0,0,0,0,0,0
50061,1,1,1997,0,0,0,0,0,0,0,0,0,0
50062,1,1,1997,0,0,0,0,0,0,0,0,0,0
50062,2,1,1997,0,0,0,0,0,0,0,0,0,0
50062,3,1,1997,0,0,0,0,0,0,0,0,0,0
50063,1,1,1997,0,0,0,0,0,0,0,0,0,0
50064,1,1,1997,21,21,21,21,21,21,21,21,21,21
50064,2,1,1997,0,0,0,0,0,0,0,0,0,0
50065,1,1,1997,0,0,0,0,0,0,0,0,0,0
50065,2,1,1997,0,0,0,0,0,0,0,0,0,0
50066,1,1,1997,0,0,0,0,0,0,0,0,0,0
50066,2,1,1997,27,27,27,27,27,27,27,27,27,27
50066,3,1,1997,0,0,0,0,0,0,0,0,0,0
50067,1,1,1997,23,23,23,23,23,23,23,23,23,23
50068,1,1,1997,0,0,0,0,0,0,0,0,0,0
50068,2,1,1997,6,6,6,6,6,6,6,6,6,6
50069,1,1,1997,30,30,30,30,30,30,30,30,30,30
50070,1,1,1997,0,0,0,0,0,0,0,0,0,0
50070,2,1,1997,0,0,0,0,0,0,0,0,0,0
50071,1,1,1997,0,0,0,0,0,0,0,0,0,0
50072,1,1,1997,0,0,0,0,0,0,0,0,0,0
50072,2,1,1997,0,0,0,0,0,0,0,0,0,0
50073,0,1,1997,21,21,21,21,21,21,21,21,21,21
50073,1,1,1997,0,0,0,0,0,0,0,0,0,0
50074,1,1,1997,12,12,12,12,12,12,12,12,12,12
50074,2,1,1997,0,0,0,0,0,0,0,0,0,0
50075,1,1,1997,5,5,5,5,5,5,5,5,5,5
50076,1,1,1997,0,0,0,0,0,0,0,0,0,0
50076,2,1,1997,0,0,0,0,0,0,0,0,0,0
50077,1,1,1997,0,0,0,0,0,0,0,0,0,0
50078,1,1,1997,0,0,0,0,0,0,0,0,0,0
50078,2,1,1997,0,0,0,0,0,0,0,0,0,0
50079,1,1,1997,0,0,0,0,0,0,0,0,0,0
50079,2,1,1997,0,0,0,0,0,0,0,0,0,0
50080,0,1,1997,0,0,0,0,0,0,0,0,0,0
50080,1,1,1997,0,0,0,0,0,0,0,0,0,0
50081,1,1,1997,0,0,0,0,0,0,0,0,0,0
50081,2,1,1997,0,0,0,0,0,0,0,0,0,0
50081,3,1,1997,0,0,0,0,0,0,0,0,0,0
50082,0,1,1997,25,25,25,25,25,25,25,25,25,25
50082,1,1,1997,0,0,0,0,0,0,0,0,0,0
50083,1,1,1997,0,0,0,0,0,0,0,0,0,0
50083,2,1,1997,0,0,0,0,0,0,0,0,0,0
50083,3,1,1997,0,0,0,0,0,0,0,0,0,0
50084,1,1,1997,33,33,33,33,33,33,33,33,33,33
50085,1,1,1997,5,5,5,5,5,5,5,5,5,5
50086,1,1,1997,0,0,0,15,0,0,6,0,23,0
50087,1,1,1997,0,0,0,0,0,0,0,0,0,0
50087,2,1,1997,0,0,0,0,0,0,0,0,0,0
50088,1,1,1997,0,0,0,0,0,0,0,0,0,0
50089,0,1,1997,0,0,0,0,0,0,0,0,0,0
50089,1,1,1997,0,0,0,0,0,0,0,0,0,0
50090,1,1,1997,22,22,22,22,22,22,22,22,22,22
50091,1,1,1997,0,0,0,0,0,0,0,0,0,0
50092,1,1,1997,0,0,0,0,0,0,0,0,0,0
50092,2,1,1997,0,0,0,0,0,0,0,0,0,0
50093,0,1,1997,35,0,0,0,0,0,0,0,20,22
50093,1,1,1997,0,0,0,0,0,0,0,0,0,0
50094,1,1,1997,22,15,0,8,0,0,0,14,13,19
50095,1,1,1997,1,1,1,1,1,1,1,1,1,1
50095,2,1,1997,26,26,26,26,26,26,26,26,26,26
50096,1,1,1997,0,0,0,0,0,0,0,0,0,0
50096,2,1,1997,0,0,0,0,0,0,0,0,0,0
50097,1,1,1997,17,17,17,17,17,17,17,17,17,17
50098,0,1,1997,0,0,0,0,0,0,0,0,0,0
50098,1,1,1997,0,0,0,0,0,0,0,0,0,0
50099,1,1,1997,0,0,24,0,0,0,0,0,0,26
50099,2,1,1997,0,0,0,0,0,0,0,0,0,0
50100,1,1,1997,21,21,21,21,21,21,21,21,21,21
50101,0,1,1997,0,0,0,0,0,0,0,0,0,0
50101,1,1,1997,0,0,0,0,0,0,0,0,0,0
50102,1,1,1997,4,4,4,4,4,4,4,4,4,4
50102,2,1,1997,0,0,0,0,0,0,0,0,0,0
50103,1,1,1997,19,19,19,19,19,19,19,19,19,19
50104,1,1,1997,0,0,0,0,0,0,0,0,0,0
50104,2,1,1997,0,0,0,0,0,0,0,0,0,0
50105,1,1,1997,0,0,0,0,0,12,0,0,0,0
50106,1,1,1997,0,0,11,0,36,13,20,14,10,0
50107,1,1,1997,0,0,0,0,0,0,0,0,0,0
50107,2,1,1997,0,0,0,0,0,0,0,0,0,0
50108,0,1,1997,16,16,16,16,16,16,16,16,16,16
50108,1,1,1997,0,0,0,0,0,0,0,0,0,0
50109,1,1,1997,0,0,0,0,0,0,0,0,0,0
50110,1,1,1997,0,31,0,0,25,11,0,0,14,20
50111,1,1,1997,0,0,0,0,0,0,0,0,0,0
50112,1,1,1997,0,0,0,0,0,0,0,0,0,21
50113,1,1,1997,0,0,0,0,0,0,0,0,0,21
50113,2,1,1997,0,0,0,0,0,0,0,0,0,0
50114,1,1,1997,0,0,0,0,0,0,0,0,0,0
50114,2,1,1997,0,0,0,0,0,0,0,0,0,0
50114,3,1,1997,0,0,0,0,0,0,0,0,0,0
50115,1,1,1997,0,0,0,0,0,0,0,0,0,0
50115,2,1,1997,0,0,0,0,16,0,0,0,0,0
50116,1,1,1997,0,0,0,0,0,0,0,0,0,0
50117,1,1,1997,0,0,0,0,0,0,0,0,0,0
50118,1,1,1997,0,28,0,0,0,0,0,0,13,18
50119,1,1,1997,0,0,0,0,0,0,0,0,0,0
50119,2,1,1997,0,0,0,0,0,0,0,0,0,0
50120,1,1,1997,0,0,0,0,0,0,0,0,0,0
50120,2,1,1997,0,0,0,0,0,0,0,0,0,0
50121,1,1,1997,0,0,0,0,0,0,0,0,0,13
50121,2,1,1997,24,0,0,0,0,0,0,0,0,0
50122,1,1,1997,0,0,0,0,0,0,0,0,0,0
50123,1,1,1997,0,29,0,0,0,0,0,0,0,0
50124,0,1,1997,0,0,0,0,0,3,0,0,0,0
50124,0,2,1997,11,17,6,23,25,0,0,0,0,14
50124,1,1,1997,9,9,9,9,9,9,9,9,9,9
50125,1,1,1997,0,0,0,0,0,0,0,0,0,0
50126,1,1,1997,0,0,0,0,0,16,0,0,0,0
50126,2,1,1997,0,0,0,0,0,0,0,0,0,0
50127,1,1,1997,0,0,0,0,0,0,0,0,0,0
50128,1,1,1997,12,12,12,12,12,12,12,12,12,12
50129,1,1,1997,0,0,0,0,0,0,0,0,0,0
50130,1,1,1997,18,18,18,18,18,18,18,18,18,18
50131,0,1,1997,0,0,0,0,0,0,0,0,0,0
50131,1,1,1997,0,0,0,0,0,0,0,0,0,0
50132,1,1,1997,0,0,0,0,0,0,0,0,0,0
50132,2,1,1997,0,0,0,0,0,0,0,0,7,0
50133,1,1,1997,0,0,0,0,0,0,0,0,0,0
50133,2,1,1997,0,0,0,0,0,0,0,0,6,0
50134,1,1,1997,0,0,0,0,0,0,0,0,0,0
50134,2,1,1997,0,0,0,17,0,0,14,9,0,0
50135,1,1,1997,12,12,12,12,12,12,12,12,12,12
50136,1,1,1997,26,26,26,26,26,26,26,26,26,26
50137,1,1,1997,23,23,23,23,23,23,23,23,23,23
50138,1,1,1997,0,0,0,0,0,0,0,22,0,0
50139,1,1,1997,0,0,0,0,0,0,0,0,0,0
50140,1,1,1997,0,0,0,0,0,0,0,0,16,0
50140,2,1,1997,0,0,0,0,0,0,0,0,0,0
50141,1,1,1997,0,0,0,0,0,0,0,0,0,0
50141,2,1,1997,0,0,0,0,0,0,0,0,0,0
50142,1,1,1997,0,0,0,0,0,0,0,0,0,0
50142,2,1,1997,0,0,0,0,0,0,0,0,0,0
50142,3,1,1997,0,0,0,0,0,0,0,0,0,0
50143,1,1,1997,0,0,0,0,0,0,0,0,0,0
50143,2,1,1997,0,0,0,0,0,0,0,0,0,0
50143,3,1,1997,0,0,0,0,0,0,0,0,0,0
50144,1,1,1997,0,0,0,0,0,0,0,0,0,0
50144,2,1,1997,0,0,0,0,0,0,0,0,0,0
50145,1,1,1997,0,0,0,0,0,0,0,0,0,0
50146,1,1,1997,0,0,0,14,0,0,0,0,0,0
50147,1,1,1997,0,0,0,0,0,0,0,0,0,0
50148,1,1,1997,0,0,0,0,21,0,0,0,0,0
50149,1,1,1997,11,11,11,11,11,11,11,11,11,11
50150,1,1,1997,0,0,0,0,0,0,0,0,0,0
50150,2,1,1997,0,0,0,0,0,0,0,0,0,0
50151,1,1,1997,0,0,0,0,0,0,0,0,0,0
50151,2,1,1997,0,0,0,0,0,0,0,0,0,0
50152,0,1,1997,0,0,0,0,0,0,0,0,0,0
50152,1,1,1997,0,0,0,0,0,0,0,0,0,0
50153,1,1,1997,0,0,0,0,0,0,0,0,0,0
50153,2,1,1997,0,0,0,0,0,0,0,0,0,0
50154,1,1,1997,0,0,0,0,0,0,0,0,0,0
50155,1,1,1997,21,21,21,21,21,21,21,21,21,21
50156,1,1,1997,0,0,0,0,0,0,0,0,0,0
50156,2,1,1997,25,25,25,25,25,25,25,25,25,25
50157,1,1,1997,0,0,0,16,0,0,7,0,16,23
50158,1,1,1997,17,17,17,17,17,17,17,17,17,17
50159,1,1,1997,28,28,28,28,28,28,28,28,28,28
50159,2,1,1997,37,37,37,37,37,37,37,37,37,37
50160,1,1,1997,0,0,0,0,0,0,0,0,0,0
50160,2,1,1997,0,0,0,0,0,0,0,0,0,0
50161,1,1,1997,0,0,0,0,0,0,23,10,0,26
50162,1,1,1997,0,0,0,0,0,0,0,0,0,0
50162,2,1,1997,0,0,0,0,0,0,0,0,0,0
50163,1,1,1997,0,0,0,0,0,0,9,0,0,0
50164,1,1,1997,0,18,7,0,0,0,0,0,0,0
50164,2,1,1997,24,24,24,24,24,24,24,24,24,24
50165,0,1,1997,0,0,35,0,0,0,0,0,0,0
50165,1,1,1997,0,0,5,0,0,0,0,0,0,0
50166,1,1,1997,13,15,21,5,38,9,10,22,18,7
50167,1,1,1997,11,11,11,11,11,11,11,11,11,11
50167,2,1,1997,0,0,0,0,0,0,0,0,0,0
50168,1,1,1997,0,0,0,0,0,0,0,0,0,0
50168,2,1,1997,0,0,0,0,0,0,0,0,0,0
50169,1,1,1997,35,0,0,0,0,0,0,0,0,18
50169,2,1,1997,0,0,0,0,0,0,0,0,0,0
50170,1,1,1997,0,0,0,0,0,0,0,0,0,0
50170,2,1,1997,0,0,0,0,0,0,0,0,0,0
50171,0,1,1997,0,0,0,0,20,0,0,0,0,0
50171,1,1,1997,0,0,0,0,0,0,0,0,0,0
50172,1,1,1997,0,0,0,0,0,0,0,0,0,0
50173,0,1,1997,24,24,24,24,24,24,24,24,24,24
50173,1,1,1997,0,0,0,0,0,0,0,0,0,0
50174,1,1,1997,27,27,27,27,27,27,27,27,27,27
50175,1,1,1997,0,0,0,0,0,0,0,0,0,0
50175,2,1,1997,0,0,0,0,0,0,0,0,0,0
50176,1,1,1997,0,0,0,0,0,0,0,0,0,0
50177,1,1,1997,12,12,12,12,12,12,12,12,12,12
50178,1,1,1997,0,0,0,0,0,0,0,0,0,0
50178,2,1,1997,0,0,0,0,0,0,0,0,0,0
50179,1,2,1997,26,5,20,0,0,26,0,0,0,0
50180,0,1,1997,0,0,0,0,0,0,0,0,0,0
50180,1,1,1997,0,0,0,0,0,0,0,0,0,0
50181,1,1,1997,29,29,29,29,29,29,29,29,29,29
50181,2,1,1997,0,0,0,0,0,0,0,0,0,0
50182,1,1,1997,0,0,0,0,0,0,0,0,0,0
50182,2,1,1997,0,0,0,0,0,0,0,0,0,0
50183,1,1,1997,0,0,0,0,0,0,0,0,0,0
50183,2,1,1997,0,0,0,0,0,0,0,0,0,0
50184,1,1,1997,0,0,0,0,0,0,0,0,0,0
50184,2,1,1997,15,15,15,15,15,15,15,15,15,15
50185,1,1,1997,51,51,51,51,51,51,51,51,51,51
50186,1,1,1997,0,0,0,0,0,0,0,0,0,0
50186,2,1,1997,0,9,0,0,0,0,0,0,0,0
50187,1,1,1997,0,0,0,0,0,0,0,0,0,0
50188,1,1,1997,1,1,1,1,1,1,1,1,1,1
50189,0,1,1997,7,0,0,0,0,0,0,0,0,0
50189,1,1,1997,31,23,12,24,12,18,10,12,22,12
50190,0,1,1997,0,0,10,25,23,6,0,0,16,0
50190,1,1,1997,19,21,15,19,13,4,24,22,11,12
50191,1,1,1997,2,2,2,2,2,2,2,2,2,2
50191,2,1,1997,12,0,0,0,0,0,0,0,0,0
50192,1,1,1997,0,0,0,0,0,0,0,0,0,0
50192,2,1,1997,0,0,0,0,0,0,0,0,0,0
50193,1,1,1997,25,25,25,25,25,25,25,25,25,25
50194,1,1,1997,0,0,0,0,0,0,0,0,0,0
50194,2,1,1997,0,0,0,0,0,0,0,0,0,0
50195,1,1,1997,0,0,0,17,0,0,33,23,27,0
50195,2,1,1997,2,2,2,2,2,2,2,2,2,2
50196,1,1,1997,0,0,0,0,0,0,0,0,0,0
50196,2,1,1997,0,0,0,0,0,0,0,0,0,0
50197,1,1,1997,0,0,0,0,0,0,0,0,0,0
50197,2,1,1997,0,0,0,0,0,0,0,0,0,0
50198,1,1,1997,0,0,0,0,10,0,0,0,0,0
50198,2,1,1997,0,0,0,0,0,0,0,0,0,0
50199,1,1,1997,0,0,0,0,0,0,0,0,0,0
50199,2,1,1997,0,0,0,0,0,0,0,0,0,0
50200,1,1,1997,0,0,0,0,0,0,0,0,0,0
50200,2,1,1997,0,0,0,0,0,0,0,0,0,0
50201,1,1,1997,13,13,13,13,13,13,13,13,13,13
50202,1,1,1997,0,0,0,0,0,0,0,0,0,0
50202,2,1,1997,0,0,0,0,0,0,0,0,0,0
50203,1,1,1997,0,0,0,0,0,0,0,0,0,0
50203,2,1,1997,0,0,0,0,0,0,0,0,0,0
50204,1,1,1997,0,0,0,0,0,0,0,0,0,0
50205,1,1,1997,25,25,25,25,25,25,25,25,25,25
50206,1,1,1997,0,0,0,0,0,0,0,0,0,0
50207,1,1,1997,0,0,0,0,0,0,0,0,0,0
50208,1,1,1997,1,1,1,1,1,1,1,1,1,1
50208,2,1,1997,0,0,0,0,0,0,0,0,0,0
50209,0,1,1997,0,0,0,0,0,0,0,0,0,0
50209,1,1,1997,0,0,0,0,0,0,0,0,0,0
50210,1,1,1997,0,0,0,0,0,0,0,0,0,0
50210,2,1,1997,0,0,0,0,0,0,0,0,0,0
50211,1,1,1997,0,0,0,0,17,13,0,23,25,0
50212,1,1,1997,0,0,0,0,0,0,0,0,0,0
50212,2,1,1997,0,0,0,0,0,0,0,0,0,0
50213,1,1,1997,11,0,0,0,0,0,0,0,0,0
50214,1,1,1997,0,0,0,0,0,0,0,17,0,0
50215,0,1,1997,0,0,0,0,33,0,16,19,0,0
50215,0,2,1997,0,0,0,0,0,0,13,0,0,0
50215,1,1,1997,0,0,0,0,0,0,0,0,0,0
50216,1,1,1997,13,13,13,13,13,13,13,13,13,13
50217,1,1,1997,0,0,0,0,0,0,0,0,0,0
50218,1,1,1997,0,0,0,0,0,0,0,0,0,0
50218,2,1,1997,0,0,0,0,0,0,0,0,0,0
50219,0,1,1997,0,0,0,0,0,0,0,0,0,0
50219,1,1,1997,0,0,0,0,0,0,0,0,0,0
50220,1,1,1997,0,0,0,0,0,0,0,0,0,0
50220,2,1,1997,0,0,0,0,0,0,0,0,0,0
50221,0,1,1997,0,0,0,0,0,0,0,0,0,0
50221,1,1,1997,0,0,0,0,0,0,0,0,0,0
50222,1,1,1997,1,1,1,1,1,1,1,1,1,1
50223,1,1,1997,10,0,0,0,0,0,0,0,0,0
50223,2,1,1997,0,10,0,0,0,0,0,0,0,0
50224,1,1,1997,0,0,0,0,0,0,0,0,0,0
50224,2,1,1997,0,0,0,0,0,0,0,0,0,0
50225,1,1,1997,0,0,0,0,0,0,0,0,0,0
50226,1,1,1997,0,0,0,0,0,0,0,0,0,0
50226,2,1,1997,0,0,0,0,0,0,0,0,0,0
50227,1,1,1997,0,0,0,0,0,0,0,0,0,0
50228,1,1,1997,0,0,0,0,0,0,0,0,0,0
50229,1,1,1997,0,0,0,0,0,0,0,0,0,0
50229,2,1,1997,0,0,0,0,0,0,0,0,0,0
50230,1,1,1997,0,0,0,0,0,0,0,0,0,0
50230,2,1,1997,0,0,0,0,0,0,0,0,0,0
50231,1,1,1997,16,16,16,16,16,16,16,16,16,16
50232,1,1,1997,0,0,15,0,0,0,23,0,0,0
50232,2,1,1997,7,7,7,7,7,7,7,7,7,7
50233,1,1,1997,0,0,0,0,0,0,0,0,0,0
50233,2,1,1997,6,6,6,6,6,6,6,6,6,6
50233,3,1,1997,0,0,0,0,0,0,0,0,0,0
50233,4,1,1997,0,16,0,0,0,0,0,0,0,0
50234,1,1,1997,29,29,29,29,29,29,29,29,29,29
50234,2,1,1997,0,22,0,0,0,0,0,0,0,0
50235,1,1,1997,17,17,17,17,17,17,17,17,17,17
50236,1,1,1997,0,0,0,0,0,0,0,0,0,0
50236,2,1,1997,0,0,0,0,0,0,0,0,0,0
50237,1,1,1997,0,0,0,0,0,0,0,0,0,0
50237,2,1,1997,0,0,0,0,0,0,0,0,0,0
50238,0,1,1997,0,0,0,0,0,0,0,0,0,0
50238,0,2,1997,0,0,0,0,0,0,0,0,0,0
50238,1,1,1997,0,0,0,0,0,0,0,0,0,0
50239,1,1,1997,0,0,0,0,0,0,0,0,0,0
50240,1,1,1997,0,0,0,0,0,0,0,0,0,0
50240,2,1,1997,0,0,0,0,0,0,0,0,0,0
50241,1,1,1997,0,0,0,0,0,0,0,0,0,0
50241,2,1,1997,0,0,0,0,0,0,0,0,0,0
50241,3,1,1997,0,0,0,0,0,0,0,0,0,0
50241,4,1,1997,0,0,0,0,0,0,0,0,0,0
50242,1,1,1997,0,0,0,0,0,0,0,0,0,0
50242,2,1,1997,0,0,0,0,0,0,0,0,0,0
50242,3,1,1997,0,0,0,0,0,0,0,0,0,0
50242,4,1,1997,0,0,0,0,0,0,0,7,0,0
50243,0,1,1997,0,0,0,0,0,0,0,0,0,0
50243,1,1,1997,0,0,6,0,0,0,0,0,0,0
50244,1,1,1997,14,14,14,14,14,14,14,14,14,14
50245,1,1,1997,0,0,0,0,0,0,0,0,0,0
50245,2,1,1997,0,0,0,0,0,19,0,0,0,0
50246,1,1,1997,0,0,0,0,0,0,0,0,0,0
50246,2,1,1997,0,0,0,0,0,0,0,0,0,0
50247,1,1,1997,0,0,0,0,0,0,0,0,0,0
50248,1,1,1997,0,0,0,0,0,0,0,0,0,0
50248,2,1,1997,0,0,0,0,0,0,0,0,0,0
50249,1,1,1997,0,0,0,0,0,0,0,0,0,0
50250,1,1,1997,14,14,14,14,14,14,14,14,14,14
50251,1,1,1997,0,0,0,0,0,0,21,0,0,0
50251,2,1,1997,12,12,12,12,12,12,12,12,12,12
50252,1,1,1997,0,0,0,0,0,0,0,0,0,0
50252,2,1,1997,0,0,0,0,0,0,0,0,0,0
50253,1,1,1997,0,0,0,0,0,0,0,0,0,0
50253,2,1,1997,0,0,0,0,0,0,0,0,0,0
50254,1,1,1997,0,0,0,0,0,0,0,0,0,0
50255,1,1,1997,0,0,0,0,0,0,0,0,0,0
50256,1,1,1997,0,0,0,0,0,0,0,0,0,0
50256,2,1,1997,0,0,0,0,0,0,0,0,0,0
50257,1,1,1997,2,2,2,2,2,2,2,2,2,2
50257,2,1,1997,0,0,0,0,0,0,0,0,0,0
50258,1,1,1997,0,0,0,0,0,0,0,0,0,0
50258,2,1,1997,0,0,0,0,0,0,0,0,0,0
50259,1,1,1997,0,5,11,0,0,0,0,32,30,0
50259,2,1,1997,0,0,0,0,0,0,0,0,0,0
50260,1,1,1997,0,0,0,0,0,0,0,2,0,0
50260,2,1,1997,8,8,8,8,8,8,8,8,8,8
50261,1,1,1997,0,15,16,0,0,0,16,0,0,13
50262,1,1,1997,0,0,0,0,0,0,0,0,0,0
50263,1,1,1997,0,0,0,0,0,0,0,0,0,0
50264,1,1,1997,23,23,23,23,23,23,23,23,23,23
50265,0,1,1997,0,0,0,0,0,20,31,0,0,32
50265,1,1,1997,0,0,0,0,0,0,0,0,0,0
50266,0,1,1997,0,0,0,0,0,0,0,0,0,0
50266,1,1,1997,18,0,0,0,0,0,0,0,0,0
50267,1,1,1997,0,6,0,0,0,0,0,0,0,0
50267,2,1,1997,0,0,0,0,0,0,0,0,0,0
50268,1,1,1997,0,0,0,0,0,0,0,0,0,0