ST_CASE,VEH_NO,PER_NO,YEAR,P1,P2,P3,P4,P5,P6,P7,P8,P9,P10
50268,2,1,1997,0,0,0,0,0,0,0,0,0,0
50269,1,1,1997,0,0,0,0,0,0,0,0,0,0
50269,2,1,1997,0,0,0,0,0,0,0,0,0,0
50270,1,1,1997,0,0,0,0,0,0,0,0,0,0
50271,1,1,1997,0,0,0,0,0,0,0,0,0,0
50272,1,1,1997,0,13,0,0,0,0,0,0,0,0
50272,2,1,1997,0,0,0,0,0,0,0,0,0,0
50273,1,1,1997,5,5,5,5,5,5,5,5,5,5
50274,1,1,1997,0,0,0,0,0,0,0,0,0,0
50275,1,1,1997,8,8,8,8,8,8,8,8,8,8
50276,1,1,1997,0,0,0,0,0,0,0,0,0,0
50276,2,1,1997,23,23,23,23,23,23,23,23,23,23
50277,1,1,1997,0,0,0,0,0,0,0,0,0,0
50277,2,1,1997,0,0,0,0,0,0,0,0,0,0
50278,1,1,1997,12,12,12,12,12,12,12,12,12,12
50279,1,1,1997,0,0,0,0,0,0,0,0,0,0
50280,1,1,1997,0,0,0,0,0,0,0,0,0,0
50280,2,1,1997,0,0,0,0,0,0,20,0,0,7
50281,1,1,1997,4,4,4,4,4,4,4,4,4,4
50282,0,1,1997,0,0,0,0,0,0,0,0,0,0
50282,1,1,1997,0,0,0,0,0,0,0,0,0,0
50283,1,1,1997,6,0,0,0,0,0,0,0,0,0
50283,2,1,1997,0,0,0,0,0,0,0,0,0,0
50284,1,1,1997,0,0,0,0,0,0,0,0,0,0
50285,1,1,1997,17,17,17,17,17,17,17,17,17,17
50286,1,1,1997,0,0,0,0,0,0,0,0,0,0
50287,0,1,1997,27,26,15,28,0,0,0,0,26,0
50287,1,1,1997,0,0,0,0,0,0,0,0,0,0
50288,1,1,1997,0,0,0,0,0,0,0,0,0,0
50289,1,1,1997,0,0,0,0,0,0,0,0,0,0
50289,2,1,1997,0,0,0,0,0,0,0,0,0,0
50290,1,1,1997,0,0,0,0,0,0,0,0,0,0
50290,2,1,1997,0,0,0,0,0,0,0,0,0,0
50291,1,1,1997,0,0,0,0,0,0,0,0,0,0
50291,2,1,1997,0,0,0,0,0,0,0,0,0,0
50292,1,1,1997,22,22,22,22,22,22,22,22,22,22
50293,1,1,1997,0,0,0,0,0,0,0,0,0,0
50293,2,1,1997,0,0,0,0,0,0,0,0,0,0
50294,1,1,1997,0,0,0,0,0,0,0,0,0,0
50294,2,1,1997,10,10,10,10,10,10,10,10,10,10
50295,1,1,1997,7,7,7,7,7,7,7,7,7,7
50295,2,1,1997,0,0,0,0,0,0,0,0,0,0
50296,1,1,1997,0,9,0,0,7,0,0,0,0,25
50297,1,1,1997,0,0,0,0,0,0,0,0,0,0
50297,2,1,1997,0,0,0,0,0,0,0,0,0,0
50298,0,1,1997,38,0,26,0,15,27,15,0,0,0
50298,1,1,1997,0,0,0,0,0,0,0,0,0,0
50299,1,1,1997,0,0,0,0,0,0,0,0,0,0
50299,2,1,1997,0,0,0,0,0,0,0,0,0,0
50300,1,1,1997,7,5,0,28,8,5,13,11,10,6
50301,1,1,1997,32,32,32,32,32,32,32,32,32,32
50302,1,1,1997,23,23,23,23,23,23,23,23,23,23
50303,1,1,1997,0,0,0,0,0,0,0,0,0,0
50303,2,1,1997,0,0,0,0,0,0,0,0,0,0
50304,1,1,1997,0,0,0,0,0,0,0,0,0,0
50305,1,1,1997,0,0,0,0,0,0,0,0,0,0
50305,2,1,1997,0,0,0,0,0,0,0,0,0,0
50306,1,1,1997,0,0,0,0,0,0,0,0,0,0
50306,2,1,1997,19,0,0,0,0,0,0,30,0,0
50307,1,1,1997,0,0,0,0,0,0,0,0,0,0
50308,1,1,1997,0,0,0,0,0,0,0,0,0,0
50309,1,1,1997,0,0,0,0,0,0,0,0,0,0
50309,2,1,1997,0,0,0,0,0,0,0,0,33,0
50309,3,1,1997,0,0,0,0,0,0,0,0,0,0
50309,4,1,1997,0,0,0,0,0,0,0,0,0,0
50310,1,1,1997,0,0,11,0,0,0,0,0,0,0
50311,1,1,1997,5,5,5,5,5,5,5,5,5,5
50312,1,1,1997,0,0,0,0,0,0,0,0,0,0
50312,2,1,1997,0,0,0,0,0,0,0,0,0,0
50313,1,1,1997,22,22,22,22,22,22,22,22,22,22
50314,1,1,1997,0,0,0,0,0,0,0,0,0,0
50314,2,1,1997,0,0,0,17,0,0,0,0,0,0
50314,3,1,1997,0,0,0,0,0,0,0,0,0,0
50315,1,1,1997,0,0,0,0,0,0,0,0,0,0
50315,2,1,1997,0,0,0,0,0,0,0,0,0,0
50316,1,1,1997,20,20,20,20,20,20,20,20,20,20
50317,1,1,1997,0,0,0,0,0,0,0,0,0,0
50317,2,1,1997,0,0,0,0,0,0,0,0,0,0
50317,3,1,1997,0,0,0,0,0,0,0,0,0,0
50318,1,1,1997,0,0,0,0,0,0,0,0,0,0
50319,1,1,1997,0,0,0,0,0,0,0,0,0,0
50320,1,1,1997,0,0,0,0,0,0,0,0,0,0
50321,1,1,1997,0,0,0,0,0,0,0,0,0,0
50322,1,1,1997,19,19,19,19,19,19,19,19,19,19
50323,1,1,1997,0,0,0,0,0,0,0,0,0,0
50324,1,1,1997,15,15,15,15,15,15,15,15,15,15
50325,1,1,1997,0,0,0,0,0,0,0,0,0,0
50326,1,1,1997,22,22,22,22,22,22,22,22,22,22
50327,1,1,1997,0,0,0,0,0,0,0,0,0,0
50328,1,1,1997,0,0,0,0,0,0,0,0,0,0
50328,2,1,1997,0,0,0,0,9,0,0,0,0,0
50329,1,1,1997,0,0,0,0,0,0,0,0,0,0
50330,1,1,1997,0,0,0,0,0,0,0,0,0,0
50330,2,1,1997,0,0,0,0,0,0,0,0,0,0
50331,1,1,1997,0,9,0,0,15,0,0,28,0,0
50332,1,1,1997,0,0,0,0,0,0,0,0,0,0
50332,2,1,1997,0,0,0,0,0,0,0,0,0,0
50333,1,1,1997,22,22,22,22,22,22,22,22,22,22
50333,2,1,1997,0,0,0,0,0,0,0,0,0,0
50334,1,1,1997,0,0,0,0,0,0,0,0,0,0
50334,2,1,1997,0,0,0,0,0,0,0,0,0,0
50335,1,1,1997,0,0,0,0,0,0,0,0,0,0
50336,1,1,1997,0,0,0,0,0,0,0,0,0,0
50336,2,1,1997,25,0,0,0,0,0,0,18,0,0
50337,1,1,1997,0,0,0,0,0,0,0,0,0,0
50337,2,1,1997,0,0,0,0,0,0,0,0,0,0
50337,3,1,1997,0,0,0,0,0,0,0,0,0,0
50338,1,1,1997,0,0,0,0,12,0,0,0,0,0
50338,2,1,1997,0,0,0,0,0,0,0,0,0,0
50338,3,1,1997,0,0,0,0,0,0,0,0,0,0
50339,1,1,1997,0,0,0,0,0,0,0,0,0,0
50339,2,1,1997,6,6,6,6,6,6,6,6,6,6
50340,1,1,1997,0,0,0,0,0,0,0,0,0,0
50340,2,1,1997,0,0,0,0,0,0,0,0,0,0
50341,1,1,1997,26,26,26,26,26,26,26,26,26,26
50342,1,1,1997,0,0,0,0,0,0,0,0,0,0
50342,2,1,1997,0,0,0,0,0,0,0,0,0,0
50343,1,1,1997,0,0,0,0,0,0,0,0,0,0
50344,1,1,1997,0,0,0,0,0,0,0,0,0,0
50344,2,1,1997,0,0,0,0,0,0,0,0,0,0
50345,1,1,1997,0,0,0,0,19,0,0,0,0,23
50346,1,1,1997,25,0,9,0,9,11,0,28,14,0
50347,1,1,1997,0,0,0,0,0,0,0,0,0,0
50347,2,1,1997,0,0,0,0,0,0,0,0,0,0
50348,0,1,1997,0,0,0,0,0,0,0,0,0,0
50348,1,1,1997,0,0,0,0,0,0,0,0,0,0
50349,1,1,1997,0,0,0,0,0,0,0,0,0,0
50350,1,1,1997,0,0,0,0,0,0,0,0,0,0
50351,1,1,1997,0,0,0,0,0,0,0,0,0,0
50351,2,1,1997,0,0,0,0,0,0,0,0,0,0
50352,1,1,1997,17,17,17,17,17,17,17,17,17,17
50352,2,1,1997,0,0,0,0,0,0,0,0,0,0
50353,1,1,1997,24,24,24,24,24,24,24,24,24,24
50353,2,1,1997,0,0,0,0,0,0,0,0,0,0
50353,3,1,1997,0,0,0,0,0,0,0,0,0,0
50354,1,1,1997,0,0,0,0,0,0,0,0,0,0
50354,2,1,1997,2,2,2,2,2,2,2,2,2,2
50355,1,1,1997,16,16,16,16,16,16,16,16,16,16
50356,1,1,1997,20,0,0,0,0,0,0,0,0,0
50356,2,1,1997,0,0,0,0,0,0,0,0,0,0
50357,1,1,1997,0,0,0,0,0,0,0,0,0,0
50357,2,1,1997,0,0,0,0,0,0,0,0,0,0
50358,1,1,1997,0,0,0,0,0,0,0,0,0,0
50359,1,1,1997,0,0,0,0,0,0,0,0,0,0
50360,1,1,1997,18,18,18,18,18,18,18,18,18,18
50361,1,1,1997,9,9,9,9,9,9,9,9,9,9
50362,1,1,1997,0,0,0,0,0,0,0,0,0,0
50363,1,1,1997,0,0,0,0,0,0,0,0,0,0
50364,1,1,1997,0,0,0,0,0,0,0,0,0,0
50364,2,1,1997,0,0,0,0,0,0,0,0,0,0
50365,1,1,1997,0,0,20,0,0,0,0,0,0,0
50366,1,1,1997,0,0,0,0,0,0,20,0,0,0
50366,2,1,1997,0,0,0,0,0,0,0,0,0,0
50367,1,1,1997,0,0,0,10,0,0,0,0,0,0
50367,2,1,1997,0,0,0,0,0,0,0,0,0,0
50368,1,1,1997,0,0,0,0,0,0,0,0,0,0
50368,2,1,1997,0,0,0,0,0,0,0,0,0,16
50369,1,1,1997,9,9,9,9,9,9,9,9,9,9
50370,1,1,1997,0,0,0,0,0,0,0,0,0,0
50370,2,1,1997,0,0,0,0,0,0,0,0,0,0
50371,1,1,1997,0,0,0,0,0,6,0,0,0,0
50371,2,1,1997,0,0,0,0,0,0,0,0,0,0
50372,1,1,1997,0,26,0,0,0,0,0,0,0,0
50373,1,1,1997,6,0,16,0,22,0,0,23,0,26
50374,1,1,1997,0,0,0,0,0,0,0,0,0,0
50375,0,1,1997,0,0,0,0,0,0,0,0,0,0
50375,1,1,1997,0,0,0,0,0,0,0,0,0,0
50376,0,1,1997,0,0,0,0,0,0,0,0,0,0
50376,1,1,1997,0,0,0,0,0,0,0,0,0,0
50377,1,1,1997,24,24,24,24,24,24,24,24,24,24
50378,1,1,1997,24,24,24,24,24,24,24,24,24,24
50379,1,1,1997,0,0,0,0,0,0,0,0,0,0
50379,2,1,1997,0,0,0,0,0,0,0,0,0,0
50380,1,1,1997,0,0,0,0,0,0,0,0,0,0
50380,2,1,1997,0,0,0,0,0,0,0,0,0,0
50381,1,1,1997,0,0,0,0,0,0,0,0,0,0
50381,2,1,1997,0,0,0,0,0,0,0,0,0,0
50382,1,1,1997,0,0,0,0,0,0,0,0,0,0
50383,1,1,1997,24,24,24,24,24,24,24,24,24,24
50384,1,1,1997,0,0,0,0,0,0,0,0,0,0
50384,2,1,1997,0,0,0,0,0,0,0,0,0,0
50385,1,1,1997,0,0,0,0,0,0,0,0,0,0
50385,2,1,1997,0,0,0,0,0,0,0,0,0,0
50385,3,1,1997,0,0,0,0,0,0,0,0,0,0
50386,1,1,1997,0,0,0,0,0,0,0,0,0,0
50386,2,1,1997,0,0,0,0,0,0,0,0,0,0
50387,1,1,1997,9,9,9,9,9,9,9,9,9,9
50388,1,1,1997,0,0,0,0,0,0,0,0,0,0
50388,2,1,1997,0,0,0,0,0,0,0,0,0,0
50389,1,1,1997,0,0,0,0,19,0,0,0,0,0
50389,2,1,1997,0,0,0,0,0,0,0,0,0,0
50390,1,1,1997,0,0,0,0,0,0,0,0,0,0
50391,1,1,1997,0,0,0,0,0,0,0,0,0,0
50392,1,1,1997,0,0,12,0,0,0,0,0,0,0
50392,2,1,1997,0,0,0,0,0,0,0,0,0,0
50393,1,1,1997,0,0,0,0,0,0,0,0,0,0
50394,1,1,1997,0,0,0,0,0,0,0,0,0,0
50395,1,1,1997,2,2,2,2,2,2,2,2,2,2
50395,2,1,1997,9,9,9,9,9,9,9,9,9,9
50396,0,1,1997,0,0,0,0,0,0,0,0,0,0
50396,1,1,1997,0,0,0,30,0,0,0,0,0,0
50397,1,1,1997,0,0,0,0,0,0,0,0,0,0
50397,2,1,1997,0,0,0,0,0,0,0,0,0,0
50398,1,1,1997,1,1,1,1,1,1,1,1,1,1
50399,1,1,1997,1,1,1,1,1,1,1,1,1,1
50400,1,1,1997,0,0,0,0,0,0,0,0,0,0
50401,1,1,1997,0,0,0,0,0,0,0,0,0,0
50402,1,1,1997,0,0,0,0,0,0,0,0,0,0
50402,2,1,1997,0,0,0,0,0,0,0,0,0,0
50403,1,1,1997,0,0,0,0,0,0,0,0,0,0
50403,2,1,1997,0,8,0,0,0,0,0,0,0,0
50404,1,1,1997,0,0,0,0,0,0,0,0,0,0
50404,2,1,1997,0,0,0,0,0,0,0,0,0,0
50404,3,1,1997,0,0,0,0,0,0,7,0,0,0
50404,4,1,1997,0,0,0,0,0,0,0,0,0,0
50405,1,1,1997,27,27,27,27,27,27,27,27,27,27
50406,1,1,1997,17,17,17,17,17,17,17,17,17,17
50406,2,1,1997,0,0,0,0,0,0,0,0,0,0
50407,1,1,1997,0,0,0,0,0,0,0,0,0,0
50408,1,1,1997,0,0,0,0,0,0,0,0,0,0
50409,1,1,1997,0,0,0,0,0,0,0,0,0,0
50410,1,1,1997,0,0,0,29,0,0,0,0,0,0
50410,2,1,1997,0,0,0,0,0,0,0,0,0,0
50411,1,1,1997,0,0,0,0,0,0,0,0,0,0
50411,2,1,1997,0,0,0,0,0,0,0,0,0,0
50412,1,1,1997,15,15,15,15,15,15,15,15,15,15
50413,1,1,1997,0,0,0,0,0,0,0,0,0,0
50414,1,1,1997,0,0,0,0,0,0,0,0,0,0
50414,2,1,1997,0,21,0,0,0,0,0,0,0,0
50415,0,1,1997,27,27,27,27,27,27,27,27,27,27
50415,1,1,1997,0,0,0,0,0,0,0,0,0,0
50416,1,1,1997,11,11,11,11,11,11,11,11,11,11
50417,1,1,1997,0,0,0,0,0,0,0,0,0,0
50417,2,1,1997,0,0,0,0,0,0,0,0,0,0
50418,1,1,1997,20,20,20,20,20,20,20,20,20,20
50419,1,1,1997,12,12,12,12,12,12,12,12,12,12
50419,2,1,1997,0,0,0,0,0,0,0,0,0,0
50420,1,1,1997,0,0,0,0,0,0,0,0,0,0
50420,2,1,1997,0,0,20,0,0,0,0,0,0,0
50420,3,1,1997,0,0,0,0,8,0,0,0,0,4
50420,4,1,1997,0,0,0,0,0,0,0,0,0,0
50421,0,1,1997,12,12,12,12,12,12,12,12,12,12
50421,1,1,1997,0,0,8,0,0,0,0,0,0,0
50422,1,1,1997,0,0,0,0,0,0,0,0,0,0
50422,2,1,1997,0,0,0,0,0,0,0,0,0,0
50423,1,1,1997,16,16,16,16,16,16,16,16,16,16
50424,1,1,1997,0,0,0,0,0,17,0,0,0,0
50425,1,1,1997,0,0,0,0,0,0,0,0,0,0
50426,1,1,1997,14,14,14,14,14,14,14,14,14,14
50426,2,1,1997,0,0,0,0,0,0,0,0,0,0
50427,1,1,1997,0,0,0,0,0,0,0,0,0,0
50427,2,1,1997,0,0,10,0,0,0,0,10,0,0
50429,1,1,1997,18,18,18,18,18,18,18,18,18,18
50430,0,1,1997,0,0,0,0,0,0,0,0,0,0
50430,1,1,1997,0,0,0,0,0,0,0,0,0,0
50431,1,1,1997,13,13,13,13,13,13,13,13,13,13
50432,1,1,1997,0,0,0,0,0,12,0,0,0,0
50433,1,1,1997,0,0,0,0,0,0,0,0,0,0
50433,2,1,1997,0,0,0,0,15,0,0,0,0,0
50434,1,1,1997,0,0,0,0,0,0,0,0,0,0
50434,2,1,1997,0,0,0,0,0,0,0,0,0,0
50434,3,1,1997,0,0,0,0,0,0,0,0,0,0
50435,1,1,1997,0,0,27,0,0,0,0,0,0,0
50435,2,1,1997,0,0,0,0,0,0,0,0,0,0
50436,1,1,1997,0,0,0,0,0,0,0,0,0,0
50436,2,1,1997,0,0,0,0,0,0,0,0,0,0
50437,1,1,1997,0,0,0,0,0,0,0,0,0,0
50438,1,1,1997,0,0,0,0,0,0,0,0,0,0
50439,1,1,1997,22,22,22,22,22,22,22,22,22,22
50440,0,1,1997,0,0,0,0,0,0,0,0,0,0
50440,1,1,1997,0,0,0,0,0,0,0,0,0,0
50441,1,1,1997,5,5,5,5,5,5,5,5,5,5
50442,1,1,1997,28,0,0,0,0,0,0,0,0,26
50442,2,1,1997,0,0,0,0,0,0,0,0,0,0
50442,3,1,1997,0,0,22,0,7,0,10,0,0,0
50443,1,1,1997,0,0,0,0,0,0,0,0,0,0
50443,2,1,1997,0,0,0,0,0,0,0,0,0,0
50443,3,1,1997,0,0,0,0,0,0,0,0,0,0
50444,1,1,1997,0,0,0,0,0,0,0,0,0,0
50444,2,1,1997,0,8,0,0,0,0,0,0,0,0
50445,1,1,1997,0,0,0,0,0,0,0,0,0,0
50445,2,1,1997,0,0,0,0,0,0,0,0,0,0
50446,0,1,1997,0,14,0,0,3,0,0,11,0,5
50446,0,2,1997,38,0,10,0,0,5,0,0,6,0
50446,1,1,1997,0,0,0,0,0,0,0,0,0,0
50447,1,1,1997,0,0,0,0,0,0,0,0,0,0
50447,2,1,1997,18,18,18,18,18,18,18,18,18,18
50448,1,1,1997,0,0,0,0,0,0,0,0,0,0
50449,1,1,1997,6,6,6,6,6,6,6,6,6,6
50450,1,1,1997,0,0,0,0,0,0,0,0,0,0
50450,2,1,1997,9,9,9,9,9,9,9,9,9,9
50451,1,1,1997,0,0,0,0,0,0,0,0,0,0
50451,2,1,1997,0,0,0,0,0,0,0,0,0,0
50452,1,1,1997,0,0,0,0,0,0,0,0,0,0
50452,2,1,1997,0,0,0,0,0,0,0,0,0,0
50453,1,1,1997,18,18,18,18,18,18,18,18,18,18
50453,2,1,1997,0,0,0,0,0,0,0,0,0,0
50454,1,1,1997,0,27,0,24,0,0,33,0,0,0
50455,1,1,1997,0,0,0,0,0,0,0,0,0,0
50456,1,1,1997,11,11,11,11,11,11,11,11,11,11
50456,2,1,1997,0,0,0,0,0,0,0,0,0,0
50456,3,1,1997,0,0,0,0,0,0,0,0,0,0
50457,1,1,1997,0,0,0,0,0,0,0,0,0,0
50457,2,1,1997,0,0,0,0,0,0,0,0,0,0
50458,0,1,1997,0,0,0,0,29,0,12,0,18,10
50458,0,2,1997,0,0,0,0,0,0,0,0,0,0
50458,0,3,1997,0,0,0,0,0,0,0,0,0,0
50458,0,6,1997,0,0,0,0,0,0,0,0,0,0
50458,1,1,1997,0,0,0,0,0,0,0,0,0,0
50459,1,1,1997,0,0,0,0,0,0,0,0,0,0
50460,0,1,1997,0,0,0,0,0,0,0,0,0,0
50460,1,1,1997,0,0,0,0,0,0,0,0,0,0
50461,1,1,1997,22,22,22,22,22,22,22,22,22,22
50462,1,1,1997,3,0,0,0,16,0,0,28,0,0
50463,1,1,1997,0,0,0,0,0,0,0,0,0,0
50464,1,1,1997,0,0,0,0,0,0,0,0,0,0
50464,2,1,1997,25,25,25,25,25,25,25,25,25,25
50465,1,1,1997,6,6,6,6,6,6,6,6,6,6
50466,1,1,1997,25,25,25,25,25,25,25,25,25,25
50467,1,1,1997,0,0,0,0,0,0,0,0,0,0
50467,2,1,1997,0,0,0,0,0,0,0,0,0,0
50468,1,1,1997,0,0,0,0,0,0,0,0,0,0
50468,2,1,1997,0,0,0,0,0,0,0,0,0,0
50469,1,1,1997,0,0,0,0,0,0,0,0,0,0
50470,1,1,1997,0,0,0,0,0,0,0,0,0,0
50470,2,1,1997,0,0,0,0,0,0,0,0,0,0
50471,1,1,1997,7,7,7,7,7,7,7,7,7,7
50472,0,1,1997,19,19,19,19,19,19,19,19,19,19
50472,1,1,1997,0,0,0,0,0,0,15,8,0,0
50473,1,1,1997,0,0,0,0,0,0,0,0,0,0
50474,1,1,1997,0,0,0,0,0,0,0,0,0,0
50475,1,1,1997,0,0,0,0,0,0,0,0,10,0
50475,2,1,1997,0,0,0,0,0,0,0,0,0,0
50476,1,1,1997,19,19,19,19,19,19,19,19,19,19
50477,1,1,1997,0,0,0,0,0,0,0,0,0,0
50478,1,1,1997,13,13,13,13,13,13,13,13,13,13
50478,2,1,1997,9,9,9,9,9,9,9,9,9,9
50479,1,1,1997,0,0,10,0,0,0,0,0,0,0
50479,2,1,1997,0,0,0,0,0,0,0,0,0,0
50480,1,1,1997,0,0,0,0,0,0,0,0,0,0
50480,2,1,1997,0,0,0,0,0,0,0,0,0,0
50481,1,1,1997,0,0,0,0,0,0,0,0,0,0
50481,2,1,1997,0,0,0,0,0,0,0,0,0,0
50482,1,1,1997,0,0,0,0,0,0,0,0,0,17
50483,1,1,1997,0,0,0,0,0,0,0,0,0,0
50483,2,1,1997,0,0,0,0,0,0,0,0,0,0
50484,1,1,1997,0,0,0,0,0,0,0,0,0,0
50484,2,1,1997,20,20,20,20,20,20,20,20,20,20
50485,1,1,1997,0,0,0,0,0,0,0,0,0,0
50486,1,1,1997,17,17,17,17,17,17,17,17,17,17
50487,1,1,1997,0,0,0,0,0,0,0,0,0,0
50487,2,1,1997,0,0,0,0,0,0,0,0,0,0
50488,0,1,1997,0,0,0,0,0,0,0,0,0,0
50488,1,1,1997,0,0,0,0,0,0,0,0,0,0
50489,1,1,1997,0,0,0,0,0,0,0,0,0,0
50489,2,1,1997,0,0,0,0,0,0,0,0,0,0
50490,1,1,1997,0,0,0,0,0,0,0,0,0,0
50491,1,1,1997,0,0,0,0,0,0,0,0,0,0
50492,1,1,1997,0,0,0,0,0,0,0,0,0,0
50493,1,1,1997,24,24,24,24,24,24,24,24,24,24
50493,2,1,1997,0,0,0,0,0,0,0,0,0,0
50494,1,1,1997,8,8,8,8,8,8,8,8,8,8
50495,1,1,1997,0,0,0,0,7,0,0,0,0,0
50496,1,1,1997,0,0,0,0,0,0,0,0,0,0
50496,2,1,1997,5,5,5,5,5,5,5,5,5,5
50497,1,1,1997,8,8,8,8,8,8,8,8,8,8
50498,1,1,1997,0,0,0,0,0,0,0,0,0,0
50498,2,1,1997,0,0,0,0,0,0,0,0,0,0
50499,1,1,1997,20,20,20,20,20,20,20,20,20,20
50500,1,1,1997,20,20,20,20,20,20,20,20,20,20
50500,2,1,1997,0,0,0,0,0,0,0,0,0,0
50501,1,1,1997,0,0,0,0,0,0,0,0,0,0
50502,1,1,1997,0,0,0,0,0,0,0,0,0,0
50503,1,1,1997,0,0,0,0,0,0,0,0,0,0
50503,2,1,1997,0,0,0,0,0,0,0,0,0,0
50504,1,1,1997,0,0,0,0,0,0,0,0,0,0
50505,1,1,1997,16,16,16,16,16,16,16,16,16,16
50506,1,1,1997,0,0,0,0,0,0,0,0,0,0
50507,1,1,1997,23,23,23,23,23,23,23,23,23,23
50508,1,1,1997,18,18,18,18,18,18,18,18,18,18
50509,1,1,1997,0,0,0,0,0,0,0,0,0,0
50510,0,1,1997,0,0,0,0,0,0,0,0,0,0
50510,1,1,1997,0,0,0,0,0,0,0,0,0,0
50511,1,1,1997,0,0,0,0,0,0,0,0,0,0
50512,1,1,1997,0,0,0,0,0,0,0,0,0,0
50512,2,1,1997,0,0,0,0,0,0,0,0,0,0
50512,3,1,1997,0,0,0,0,0,0,0,0,0,0
50513,1,1,1997,18,18,18,18,18,18,18,18,18,18
50513,2,1,1997,0,0,0,0,0,0,0,0,0,0
50514,1,1,1997,0,0,0,0,0,0,0,0,0,0
50515,1,1,1997,0,0,0,0,0,0,0,0,0,0
50515,2,1,1997,17,17,17,17,17,17,17,17,17,17
50515,3,1,1997,0,0,0,0,0,0,0,0,0,0
50516,0,1,1997,0,0,0,0,0,0,0,0,0,0
50516,1,1,1997,0,0,0,0,0,0,0,0,0,0
50517,0,1,1997,0,0,0,0,0,0,0,0,0,0
50517,1,1,1997,0,0,0,0,0,0,0,0,0,0
50518,1,1,1997,16,16,16,16,16,16,16,16,16,16
50519,1,1,1997,0,0,0,0,0,0,0,0,0,0
50519,2,1,1997,0,0,0,0,0,0,0,0,0,0
50519,3,1,1997,0,0,0,0,0,0,0,0,0,0
50520,1,1,1997,0,0,0,0,0,0,0,0,0,0
50521,1,1,1997,0,0,0,0,0,0,0,0,0,0
50522,1,1,1997,0,5,0,0,0,0,0,0,0,0
50523,1,1,1997,0,0,0,0,0,0,0,0,0,0
50524,1,1,1997,0,0,0,0,0,0,0,0,0,0
50525,1,1,1997,10,10,10,10,10,10,10,10,10,10
50526,1,1,1997,9,9,9,9,9,9,9,9,9,9
50527,1,1,1997,12,12,12,12,12,12,12,12,12,12
50528,1,1,1997,0,0,0,0,0,0,0,0,0,0
50529,1,1,1997,22,22,22,22,22,22,22,22,22,22
50530,1,1,1997,0,0,0,0,0,0,0,0,0,0
50531,1,1,1997,0,0,0,0,7,0,0,0,19,0
50532,1,1,1997,0,0,0,0,0,0,0,0,0,0
50532,2,1,1997,0,0,0,0,0,0,0,0,0,0
50533,1,1,1997,0,0,0,0,0,0,0,0,0,0
50533,2,1,1997,0,0,0,0,0,0,0,0,0,0
50534,1,1,1997,0,0,0,0,0,0,0,0,0,0
50535,1,1,1997,0,0,0,0,0,0,0,0,0,0
50536,1,1,1997,0,0,0,0,0,0,0,0,0,0
50536,2,1,1997,0,0,0,0,0,0,0,0,0,0
50536,3,1,1997,0,0,0,0,0,0,0,0,0,0
50537,1,1,1997,0,0,0,0,0,0,0,0,24,0
50537,2,1,1997,0,0,0,0,0,0,0,0,0,0
50538,1,1,1997,0,0,0,0,0,0,0,0,0,0
50538,2,1,1997,0,0,0,0,0,0,0,0,0,0
50539,1,1,1997,0,0,0,0,20,0,0,0,0,0
50540,1,1,1997,0,0,0,0,0,0,0,0,0,0
50540,2,1,1997,0,0,0,0,0,0,0,0,0,0
50540,3,1,1997,0,0,0,0,0,0,0,0,0,0
50541,1,1,1997,0,0,0,0,0,0,0,0,0,9
50542,1,1,1997,0,0,0,27,0,0,0,0,0,0
50542,2,1,1997,0,0,0,0,0,0,0,0,0,0
50543,1,1,1997,29,29,29,29,29,29,29,29,29,29
50544,1,1,1997,0,0,0,0,0,0,0,0,0,0
50544,2,1,1997,0,0,0,0,0,0,0,0,0,0
50544,3,1,1997,0,0,0,0,0,0,0,0,0,0
50545,1,1,1997,4,4,4,4,4,4,4,4,4,4
50545,2,1,1997,0,0,0,0,0,0,0,0,0,0
50546,1,1,1997,0,0,0,0,0,0,0,0,0,0
50546,2,1,1997,0,0,0,0,0,0,0,13,0,0
50547,1,1,1997,0,0,0,0,0,0,14,17,0,0
50547,2,1,1997,16,16,16,16,16,16,16,16,16,16
50548,1,1,1997,0,0,0,0,0,0,0,0,0,0
50548,2,1,1997,0,0,0,0,0,0,0,0,0,0
50548,3,1,1997,0,0,0,0,0,0,0,0,0,0
50549,1,1,1997,0,0,0,0,0,0,0,0,0,0
50550,1,1,1997,4,4,4,4,4,4,4,4,4,4
50550,2,1,1997,0,0,0,0,0,0,0,0,0,0
50551,1,1,1997,0,0,0,0,0,0,0,0,0,0
50552,1,1,1997,15,15,15,15,15,15,15,15,15,15
50553,1,1,1997,22,0,0,0,0,6,0,0,0,0
50554,1,1,1997,0,0,0,0,0,0,0,0,0,0
50555,1,1,1997,21,21,21,21,21,21,21,21,21,21
50556,1,1,1997,0,0,0,0,0,0,0,0,0,0
50556,2,1,1997,0,0,0,0,0,0,0,0,0,0
50557,1,1,1997,0,16,28,0,0,26,0,9,0,0
50558,1,1,1997,0,0,0,0,0,0,0,0,0,0
50558,2,1,1997,0,0,0,0,0,0,0,0,0,0
50559,1,1,1997,0,0,0,0,0,0,0,0,0,0
50559,2,1,1997,0,0,0,0,0,0,0,0,0,0
50560,1,1,1997,0,0,0,0,0,0,0,0,0,0
50560,2,1,1997,0,0,0,0,0,0,0,0,0,0
50561,0,1,1997,0,8,0,0,0,0,0,0,0,19
50561,0,2,1997,0,0,0,0,0,0,0,20,0,0
50561,1,1,1997,0,0,0,0,0,0,0,0,0,0
50562,1,1,1997,0,0,0,0,0,0,0,0,0,0
50563,1,1,1997,0,0,0,0,0,0,0,0,0,0
50564,0,1,1997,27,27,27,27,27,27,27,27,27,27
50564,1,1,1997,0,0,0,8,0,0,0,0,0,0
50565,1,1,1997,0,0,0,0,0,0,0,20,0,0
50565,2,1,1997,15,15,15,15,15,15,15,15,15,15
80001,1,1,1997,20,20,20,20,20,20,20,20,20,20
80002,1,1,1997,11,11,11,11,11,11,11,11,11,11
80003,1,1,1997,0,0,0,0,0,0,0,0,0,0