ST_CASE,VEH_NO,PER_NO,YEAR,P1,P2,P3,P4,P5,P6,P7,P8,P9,P10
80293,6,1,1997,0,0,0,0,0,0,0,0,0,0
80294,1,1,1997,0,0,0,0,0,0,0,0,0,0
80295,1,1,1997,0,0,0,0,0,0,0,0,0,0
80295,2,1,1997,0,0,0,0,0,0,0,0,0,0
80296,1,1,1997,0,0,0,0,0,0,0,0,0,0
80297,1,1,1997,18,18,18,18,18,18,18,18,18,18
80298,1,1,1997,0,0,0,0,0,0,0,0,0,0
80299,1,1,1997,17,17,17,17,17,17,17,17,17,17
80300,1,1,1997,0,0,0,0,0,0,0,0,0,0
80300,2,1,1997,0,0,0,0,0,0,0,0,0,0
80301,1,1,1997,0,0,0,0,0,0,0,0,0,0
80302,1,1,1997,0,0,0,23,0,10,31,0,0,17
80303,0,1,1997,14,14,14,14,14,14,14,14,14,14
80303,1,1,1997,0,0,0,0,0,0,0,0,0,4
80304,1,1,1997,0,0,0,0,0,0,0,0,0,0
80305,0,1,1997,28,28,28,28,28,28,28,28,28,28
80305,1,1,1997,6,0,0,0,0,0,0,0,0,0
80306,1,1,1997,0,0,0,0,0,0,0,15,0,0
80307,1,1,1997,0,0,0,0,0,0,0,0,0,0
80307,2,1,1997,0,0,0,0,0,0,0,0,0,0
80308,1,1,1997,0,0,0,0,0,0,0,0,0,0
80309,1,1,1997,45,45,45,45,45,45,45,45,45,45
80309,2,1,1997,0,0,0,0,0,0,0,0,0,0
80310,1,1,1997,17,17,17,17,17,17,17,17,17,17
80310,2,1,1997,0,0,0,0,0,0,0,0,0,0
80311,1,1,1997,0,0,0,0,0,0,0,0,0,0
80311,2,1,1997,0,0,0,0,0,0,0,0,0,0
80312,1,1,1997,19,19,19,19,19,19,19,19,19,19
80313,1,1,1997,0,0,0,0,0,0,0,0,0,0
80313,2,1,1997,0,0,0,0,0,0,0,0,0,0
80314,1,1,1997,0,0,0,0,0,2,0,0,0,17
80315,1,1,1997,12,12,12,12,12,12,12,12,12,12
80316,1,1,1997,14,14,14,14,14,14,14,14,14,14
80317,1,1,1997,0,0,0,0,0,0,0,0,0,0
80318,1,1,1997,0,0,0,0,0,0,0,0,0,0
80318,2,1,1997,0,0,0,0,0,0,0,0,0,0
80319,1,1,1997,18,18,18,18,18,18,18,18,18,18
80320,1,1,1997,0,0,0,0,0,0,0,0,0,0
80320,2,1,1997,0,0,0,0,0,0,0,0,0,0
80321,1,1,1997,0,0,0,0,0,0,0,0,0,0
80321,2,1,1997,0,0,0,0,0,0,0,0,0,0
80322,1,1,1997,0,0,0,0,0,0,0,0,0,0
80322,2,1,1997,0,0,0,0,0,0,0,14,0,0
80323,1,1,1997,0,0,0,0,0,0,0,0,0,0
80323,2,1,1997,0,0,0,0,0,0,0,0,0,0
80324,1,1,1997,0,0,0,0,0,0,0,0,0,0
80324,2,1,1997,0,0,0,0,0,0,0,0,0,0
80325,1,1,1997,17,17,17,17,17,17,17,17,17,17
80325,2,1,1997,0,0,0,0,0,0,0,0,0,0
80326,1,1,1997,0,0,0,0,0,0,0,0,0,0
80327,1,1,1997,13,13,13,13,13,13,13,13,13,13
80328,1,1,1997,0,0,0,0,0,0,0,0,0,0
80328,2,1,1997,0,0,0,0,0,0,0,0,0,0
80329,1,1,1997,26,26,26,26,26,26,26,26,26,26
80329,2,1,1997,0,0,0,0,0,0,0,14,0,0
80329,3,1,1997,0,0,0,0,0,0,0,0,0,0
80330,1,1,1997,0,0,0,0,0,0,0,0,0,0
80330,2,1,1997,0,0,0,0,0,0,11,0,0,0
80330,3,1,1997,0,0,0,0,0,0,0,0,0,0
80331,1,1,1997,0,0,0,0,0,0,0,0,0,0
80331,2,1,1997,0,0,0,0,0,0,0,0,0,0
80332,1,1,1997,22,22,22,22,22,22,22,22,22,22
80333,1,1,1997,0,0,0,0,0,0,0,0,0,0
80334,1,1,1997,1,1,1,1,1,1,1,1,1,1
80335,1,1,1997,0,0,0,0,0,0,0,0,0,0
80336,1,1,1997,17,17,17,17,17,17,17,17,17,17
80337,1,1,1997,5,5,5,5,5,5,5,5,5,5
80337,2,1,1997,0,0,0,0,0,0,0,0,0,0
80338,0,1,1997,47,0,19,22,21,21,17,25,32,27
80338,1,1,1997,0,0,17,0,0,0,0,18,0,0
80339,1,1,1997,0,0,0,0,0,0,0,0,0,0
80339,2,1,1997,0,0,0,0,0,0,0,0,0,0
80340,1,1,1997,0,0,0,0,0,0,0,0,0,0
80340,2,1,1997,0,0,0,0,0,0,0,0,0,0
80341,0,1,1997,32,32,32,32,32,32,32,32,32,32
80341,1,1,1997,0,0,0,0,0,0,0,0,0,0
80342,1,1,1997,9,9,9,9,9,9,9,9,9,9
80343,0,1,1997,30,30,30,30,30,30,30,30,30,30
80343,1,1,1997,0,0,0,0,0,0,0,0,0,0
80344,1,1,1997,0,0,0,0,0,0,0,0,0,0
80345,1,1,1997,14,14,14,14,14,14,14,14,14,14
80346,1,1,1997,0,0,0,0,0,0,0,0,0,0
80347,1,1,1997,15,15,15,15,15,15,15,15,15,15
80348,1,1,1997,0,0,0,0,0,0,0,0,0,0
80348,2,1,1997,0,0,0,0,0,0,0,0,0,0
80349,1,1,1997,1,1,1,1,1,1,1,1,1,1
80350,1,1,1997,0,0,0,0,0,0,0,0,0,0
80351,0,1,1997,29,29,29,29,29,29,29,29,29,29
80351,1,1,1997,0,0,0,0,0,0,22,0,0,0
80352,1,1,1997,0,0,0,0,0,0,0,0,0,0
80353,1,1,1997,0,0,0,0,0,0,0,0,0,0
80354,0,1,1997,14,14,14,14,14,14,14,14,14,14
80354,1,1,1997,0,0,0,4,0,0,0,0,0,41
80355,1,1,1997,0,0,0,0,0,0,0,0,0,0
80355,2,1,1997,0,0,0,0,0,0,0,0,0,0
80356,1,1,1997,0,0,0,0,0,0,0,0,0,0
80357,1,1,1997,0,0,0,0,0,0,0,0,0,0
80357,2,1,1997,0,0,0,0,0,0,0,0,0,0
80357,3,1,1997,0,0,0,0,0,0,0,0,0,0
80358,1,1,1997,23,23,23,23,23,23,23,23,23,23
80359,1,1,1997,0,0,0,0,0,0,0,0,0,0
80360,1,1,1997,34,34,34,34,34,34,34,34,34,34
80361,1,1,1997,4,4,4,4,4,4,4,4,4,4
80362,1,1,1997,0,0,0,0,0,0,0,0,0,0
80363,1,1,1997,0,0,0,0,0,0,0,0,0,0
80364,1,1,1997,0,0,0,0,0,0,0,0,0,0
80365,1,1,1997,24,24,24,24,24,24,24,24,24,24
80365,2,1,1997,0,0,0,0,0,0,0,0,0,0
80366,1,1,1997,17,17,17,17,17,17,17,17,17,17
80367,1,1,1997,0,0,0,0,0,0,0,0,0,0
80367,2,1,1997,17,0,0,0,0,0,0,0,0,0
80368,1,1,1997,0,0,0,0,0,0,0,0,0,0
80368,2,1,1997,0,0,0,0,0,0,0,0,0,0
80369,1,1,1997,0,0,0,0,0,0,0,0,0,0
80369,2,1,1997,0,0,0,0,0,0,10,0,0,0
80370,0,1,1997,0,0,0,0,0,0,0,0,0,0
80370,1,1,1997,0,0,0,0,0,0,0,0,0,0
80371,0,1,1997,0,0,0,0,0,0,0,0,0,0
80371,1,1,1997,0,0,0,0,0,0,0,0,0,0
80372,1,1,1997,0,0,0,0,0,0,0,0,0,0
80372,2,1,1997,0,0,0,0,0,0,0,0,0,0
80373,1,1,1997,0,0,0,0,0,0,0,0,0,0
80373,2,1,1997,0,0,0,0,0,0,0,0,0,0
80374,1,1,1997,0,0,0,0,0,0,0,0,0,0
80375,1,1,1997,0,0,0,0,0,0,0,0,0,0
80376,1,1,1997,3,3,3,3,3,3,3,3,3,3
80377,0,1,1997,0,0,0,0,0,0,0,0,0,0
80377,1,1,1997,1,1,1,1,1,1,1,1,1,1
80378,1,1,1997,0,0,0,0,0,0,0,0,0,0
80378,2,1,1997,0,0,0,0,0,0,0,0,0,0
80378,3,1,1997,0,0,0,0,0,0,0,0,0,0
80378,4,1,1997,0,0,0,0,0,0,0,0,0,0
80378,5,1,1997,0,0,0,0,0,0,0,0,0,0
80378,6,1,1997,0,0,0,0,0,15,0,0,0,0
80378,7,1,1997,0,0,0,0,0,0,0,0,0,0
80378,8,1,1997,0,0,0,0,0,0,0,0,0,0
80379,1,1,1997,25,25,25,25,25,25,25,25,25,25
80380,1,1,1997,0,0,0,0,0,8,0,0,0,0
80381,1,1,1997,0,0,0,0,0,0,0,0,0,0
80381,2,1,1997,0,0,0,0,0,0,0,0,0,0
80382,0,1,1997,0,0,0,0,0,0,0,0,0,0
80382,1,1,1997,0,0,0,0,0,0,0,0,0,0
80383,1,1,1997,20,20,20,20,20,20,20,20,20,20
80384,1,1,1997,0,0,0,0,0,0,0,0,0,0
80385,1,1,1997,0,0,0,0,0,0,0,0,0,0
80386,1,1,1997,26,26,26,26,26,26,26,26,26,26
80386,2,1,1997,0,0,0,0,0,0,0,0,0,0
80387,1,1,1997,0,0,0,0,0,0,0,0,0,0
80387,2,1,1997,0,0,0,0,0,0,0,0,0,0
80388,1,1,1997,0,0,0,0,0,0,0,0,0,0
80388,2,1,1997,0,0,0,0,0,0,0,0,0,0
80389,0,1,1997,0,0,0,0,0,0,0,0,0,0
80389,1,1,1997,0,0,0,0,0,0,0,0,0,0
80390,1,1,1997,0,0,0,0,0,0,0,0,0,0
80390,2,1,1997,0,0,0,0,0,0,0,0,0,0
80390,3,1,1997,0,0,0,0,0,0,0,0,0,0
80391,0,1,1997,0,0,0,0,0,0,0,0,0,0
80391,1,1,1997,0,0,0,5,0,0,0,0,0,0
80392,0,1,1997,0,0,0,0,0,0,0,0,0,0
80392,1,1,1997,0,0,0,0,0,0,0,0,0,0
80393,0,1,1997,9,43,13,22,18,14,20,50,26,42
80393,1,1,1997,0,0,0,0,0,0,0,0,0,0
80394,1,1,1997,0,0,0,0,0,0,10,0,0,25
80395,1,1,1997,0,0,0,0,0,0,0,0,0,0
80395,2,1,1997,0,0,16,0,0,0,0,0,0,0
80396,0,1,1997,0,0,0,0,0,0,0,0,0,0
80396,1,1,1997,0,0,0,0,0,0,0,0,0,0
80397,1,1,1997,0,0,0,0,0,0,0,0,0,0
80397,2,1,1997,0,0,0,0,0,0,0,0,0,0
80398,1,1,1997,0,0,0,0,0,0,0,0,0,0
80398,2,1,1997,0,0,0,0,0,0,0,0,0,0
80399,1,1,1997,0,0,0,0,0,0,0,0,0,0
80399,2,1,1997,0,0,0,0,0,0,0,0,0,0
80400,1,1,1997,0,0,0,0,0,0,0,0,0,0
80400,2,1,1997,0,0,0,0,0,0,0,0,0,0
80400,3,1,1997,0,0,0,0,0,0,0,0,0,0
80401,1,1,1997,0,0,0,0,0,0,0,0,0,0
80401,2,1,1997,0,0,0,0,0,0,0,0,0,0
80402,1,1,1997,0,0,0,0,0,0,0,0,0,0
80402,2,1,1997,0,0,0,0,0,0,0,0,0,0
80402,3,1,1997,0,0,0,0,0,0,0,0,0,0
80403,1,1,1997,0,0,0,0,0,0,0,0,0,0
80403,2,1,1997,0,0,0,0,0,0,0,0,0,0
80404,1,1,1997,0,0,0,0,0,0,0,0,0,0
80405,1,1,1997,0,0,0,0,0,0,0,0,0,0
80405,2,1,1997,0,0,0,0,0,0,0,0,0,0
80406,1,1,1997,1,1,1,1,1,1,1,1,1,1
80407,1,1,1997,13,13,13,13,13,13,13,13,13,13
80408,1,1,1997,22,22,22,22,22,22,22,22,22,22
80408,2,1,1997,0,0,13,0,0,0,0,0,0,0
80409,1,1,1997,14,14,14,14,14,14,14,14,14,14
80410,1,1,1997,0,0,0,0,0,0,0,0,0,0
80410,2,1,1997,0,0,0,0,0,0,0,0,0,0
80411,1,1,1997,0,0,0,0,0,0,0,0,0,0
80411,2,1,1997,0,0,0,0,0,0,0,0,0,0
80411,3,1,1997,0,0,0,0,0,0,0,0,0,0
80412,1,1,1997,21,21,21,21,21,21,21,21,21,21
80412,2,1,1997,0,0,0,0,0,0,0,0,0,0
80413,0,1,1997,0,0,0,0,0,0,0,0,0,0
80413,1,1,1997,7,17,0,0,0,0,0,0,0,31
80414,1,1,1997,0,0,0,0,0,0,0,0,0,0
80414,2,1,1997,0,0,0,0,0,0,0,0,0,0
80415,1,1,1997,0,0,0,0,0,0,0,0,0,0
80416,1,1,1997,0,0,0,0,0,0,0,0,0,0
80416,2,1,1997,0,0,0,0,14,0,0,0,0,0
80417,1,1,1997,0,0,0,0,0,0,0,0,0,0
80418,1,1,1997,0,0,0,0,0,0,0,0,0,0
80418,2,1,1997,0,0,0,0,0,0,0,0,0,0
80419,1,1,1997,0,0,0,0,0,0,0,0,0,0
80419,2,1,1997,0,0,0,0,0,0,0,0,0,0
80419,3,1,1997,0,0,0,0,0,0,0,0,0,0
80420,1,1,1997,15,15,15,15,15,15,15,15,15,15
80420,2,1,1997,0,0,0,0,0,0,0,14,0,0
80421,1,1,1997,19,14,29,7,30,12,5,6,37,26
80422,0,1,1997,0,0,0,0,0,0,0,0,0,0
80422,1,1,1997,0,0,0,0,0,0,0,0,0,0
80423,1,1,1997,0,0,0,0,0,0,0,0,0,0
80423,2,1,1997,0,0,0,0,0,0,0,0,0,0
80424,1,1,1997,0,0,0,0,0,0,0,0,0,0
80424,2,1,1997,0,0,0,0,0,0,0,0,0,0
80425,1,1,1997,0,0,0,0,0,0,0,0,0,0
80425,2,1,1997,0,0,0,0,0,0,0,0,0,0
80426,1,1,1997,16,16,16,16,16,16,16,16,16,16
80426,2,1,1997,0,0,0,0,0,0,0,0,0,0
80427,1,1,1997,0,0,0,0,0,0,0,0,0,0
80428,1,1,1997,0,0,0,0,0,0,0,0,0,0
80428,2,1,1997,0,0,0,0,0,0,0,0,0,0
80429,1,1,1997,9,9,9,9,9,9,9,9,9,9
80430,1,1,1997,0,0,0,0,0,0,0,0,0,0
80431,1,1,1997,5,5,5,5,5,5,5,5,5,5
80431,2,1,1997,0,0,0,0,0,0,0,0,0,0
80432,1,1,1997,7,7,7,7,7,7,7,7,7,7
80433,1,1,1997,0,0,0,0,0,0,0,0,0,0
80433,2,1,1997,0,0,0,0,0,0,0,0,0,0
80433,3,1,1997,0,0,0,16,0,0,0,0,0,0
80434,1,1,1997,0,0,0,0,0,0,0,0,0,0
80434,2,1,1997,0,0,0,0,0,0,0,0,0,0
80435,1,1,1997,7,32,0,0,0,0,0,0,0,0
80435,2,1,1997,0,0,0,0,0,0,0,0,0,0
80436,1,1,1997,0,0,0,0,0,0,0,0,0,0
80436,2,1,1997,0,0,0,0,0,0,0,0,0,0
80437,1,1,1997,0,0,0,0,0,0,0,0,0,0
80438,1,1,1997,0,0,0,0,0,0,0,0,0,0
80438,2,1,1997,0,0,0,0,0,0,0,0,0,0
80439,1,1,1997,0,0,0,0,0,0,0,0,0,0
80439,2,1,1997,0,0,0,0,0,0,0,0,0,0
80440,0,1,1997,22,0,0,13,0,0,0,0,0,10
80440,1,1,1997,0,0,0,0,0,0,0,0,0,0
80441,1,1,1997,11,11,11,11,11,11,11,11,11,11
80441,2,1,1997,14,14,14,14,14,14,14,14,14,14
80441,3,1,1997,22,22,22,22,22,22,22,22,22,22
80442,1,1,1997,14,14,14,14,14,14,14,14,14,14
80443,1,1,1997,12,12,12,12,12,12,12,12,12,12
80444,1,1,1997,0,0,18,0,0,0,0,0,0,0
80445,1,1,1997,0,0,0,0,0,0,0,0,0,0
80446,1,1,1997,0,0,0,0,0,0,0,0,0,0
80447,1,1,1997,0,0,0,0,0,0,0,0,0,0
80447,2,1,1997,0,0,0,0,0,0,0,0,0,0
80448,0,1,1997,0,0,0,0,0,0,0,0,0,0
80448,1,1,1997,0,0,0,0,0,0,0,0,0,0
80449,1,1,1997,15,15,15,15,15,15,15,15,15,15
80450,1,1,1997,0,0,0,0,0,0,0,0,0,0
80450,2,1,1997,1,1,1,1,1,1,1,1,1,1
80451,1,1,1997,0,0,0,0,0,0,0,0,0,0
80452,1,1,1997,0,0,0,0,0,0,0,0,0,0
80453,1,1,1997,0,0,0,13,0,0,23,0,0,0
80453,2,1,1997,0,0,0,0,0,0,0,0,0,0
80454,1,1,1997,0,0,0,0,0,0,0,0,0,0
80454,2,1,1997,0,0,0,0,0,0,0,0,0,0
80455,1,1,1997,1,1,1,1,1,1,1,1,1,1
80456,1,1,1997,0,0,0,0,0,0,0,0,0,0
80456,2,1,1997,0,0,0,16,0,0,0,0,0,0
80457,1,1,1997,8,8,8,8,8,8,8,8,8,8
80458,1,1,1997,17,17,17,17,17,17,17,17,17,17
80459,1,1,1997,14,14,14,14,14,14,14,14,14,14
80460,1,1,1997,0,0,0,9,0,0,0,0,0,0
80461,1,1,1997,19,19,19,19,19,19,19,19,19,19
80462,1,1,1997,0,0,0,0,0,0,0,0,0,0
80463,1,1,1997,0,0,0,0,0,0,0,0,0,0
80464,1,1,1997,0,0,0,0,0,0,0,0,0,0
80465,1,1,1997,0,0,0,0,0,0,0,0,0,0
80466,1,1,1997,0,0,0,0,0,0,0,0,0,0
80466,2,1,1997,0,0,0,0,0,0,0,0,0,0
80467,1,1,1997,0,0,0,0,0,0,0,0,0,0
80467,2,1,1997,0,0,0,0,0,0,0,0,0,0
80468,1,1,1997,10,10,10,10,10,10,10,10,10,10
80469,1,1,1997,30,30,30,30,30,30,30,30,30,30
80470,1,1,1997,0,0,0,0,0,0,0,0,0,0
80470,2,1,1997,0,0,0,0,0,0,0,0,0,0
80471,1,1,1997,18,18,18,18,18,18,18,18,18,18
80472,1,1,1997,0,0,0,0,0,0,0,0,0,0
80472,2,1,1997,0,0,0,0,0,0,0,0,0,0
80473,1,1,1997,0,0,0,0,0,0,0,0,0,0
80473,2,1,1997,0,0,0,0,0,0,0,0,0,0
80473,3,1,1997,0,0,0,0,0,0,0,0,0,0
80474,1,1,1997,0,0,0,0,0,0,0,0,0,0
80474,2,1,1997,0,0,0,0,0,0,0,0,0,0
80474,3,1,1997,0,0,0,0,0,0,0,0,0,0
80475,1,1,1997,0,0,0,0,0,0,0,0,0,0
80475,2,1,1997,0,0,0,0,0,0,0,0,0,0
80476,1,1,1997,0,0,0,0,0,0,0,0,0,0
80476,2,1,1997,0,0,5,0,0,0,0,0,0,0
80477,1,1,1997,0,0,0,0,0,0,0,0,0,0
80477,2,1,1997,0,0,0,0,0,0,0,0,0,0
80478,0,1,1997,0,0,0,0,0,0,0,0,0,0
80478,1,1,1997,0,0,0,0,0,0,0,0,0,0
80479,1,1,1997,13,13,13,13,13,13,13,13,13,13
80480,1,1,1997,0,0,0,0,0,0,0,9,0,0
80480,2,1,1997,0,0,0,0,0,0,0,0,0,0
80481,1,1,1997,19,19,19,19,19,19,19,19,19,19
80482,0,1,1997,14,33,25,9,0,28,5,7,27,22
80482,1,1,1997,0,0,0,0,0,0,0,0,0,0
80483,1,1,1997,26,14,24,10,9,13,10,10,13,9
80484,1,1,1997,0,0,0,0,0,0,0,0,0,0
80484,2,1,1997,0,0,0,0,0,0,0,0,0,0
80485,1,1,1997,15,15,15,15,15,15,15,15,15,15
80486,1,1,1997,0,0,0,0,0,0,0,0,0,0
80486,2,1,1997,0,0,0,0,0,0,0,0,0,0
80487,1,1,1997,0,0,0,0,0,0,0,0,0,0
80487,2,1,1997,0,0,0,0,0,0,0,0,0,0
80487,3,1,1997,0,0,0,0,0,0,0,0,0,0
80487,4,1,1997,0,0,0,0,0,0,0,0,0,0
80487,5,1,1997,0,0,0,0,0,0,0,0,0,0
80487,6,1,1997,0,0,0,0,0,0,0,0,0,0
80488,1,1,1997,0,0,0,0,0,0,0,0,0,0
80488,2,1,1997,0,0,0,0,0,0,0,0,0,0
80489,1,1,1997,0,0,0,0,0,0,0,0,0,0
80489,2,1,1997,0,0,0,0,0,0,0,0,0,0
80490,1,1,1997,0,0,0,0,0,0,0,0,0,0
80490,2,1,1997,0,0,0,0,0,0,0,0,0,0
80491,1,1,1997,0,0,0,0,0,0,0,0,0,0
80492,1,1,1997,0,0,0,0,0,0,0,0,0,0
80493,1,1,1997,0,0,0,0,0,0,0,0,0,0
80494,1,1,1997,16,16,16,16,16,16,16,16,16,16
80495,1,1,1997,0,0,0,0,0,0,0,0,0,0
80496,1,1,1997,0,0,0,0,0,0,0,0,0,0
80497,1,1,1997,19,19,19,19,19,19,19,19,19,19
80497,2,1,1997,0,0,0,0,0,0,0,0,0,0
80498,1,1,1997,0,0,0,0,0,0,0,0,0,0
80499,1,1,1997,0,0,0,0,0,0,0,0,0,0
80499,2,1,1997,0,0,0,0,0,0,0,0,0,0
80499,3,1,1997,0,0,0,0,0,0,0,0,0,0
80500,1,1,1997,0,0,0,0,0,0,0,0,0,0
80501,1,1,1997,0,0,0,0,0,0,0,0,0,0
80502,1,1,1997,18,0,0,0,0,0,0,0,0,0
80502,2,1,1997,0,0,0,0,0,0,0,0,0,0
80503,1,1,1997,0,0,0,0,0,0,0,0,0,0
80503,2,1,1997,0,0,0,0,0,0,0,0,0,0
80504,1,2,1997,9,9,9,9,9,9,9,9,9,9
80505,1,1,1997,12,12,12,12,12,12,12,12,12,12
80506,1,1,1997,23,23,23,23,23,23,23,23,23,23
80507,0,1,1997,18,18,18,18,18,18,18,18,18,18
80507,1,1,1997,16,16,16,16,16,16,16,16,16,16
80508,1,1,1997,0,0,0,0,0,0,0,0,0,0
80508,2,1,1997,0,0,0,0,0,0,0,0,0,0
80509,0,1,1997,0,0,0,0,0,0,0,0,0,0
80509,1,1,1997,0,0,0,0,0,0,0,0,0,0
80510,1,1,1997,0,0,0,0,0,0,0,0,0,0
80510,2,1,1997,0,0,0,0,0,0,0,0,0,0
80511,0,1,1997,9,9,9,9,9,9,9,9,9,9
80511,0,2,1997,21,16,40,19,27,27,24,26,20,11
80511,1,1,1997,5,5,5,5,5,5,5,5,5,5
80512,0,1,1997,20,20,20,20,20,20,20,20,20,20
80512,1,1,1997,0,0,0,0,0,0,0,0,0,0
80513,1,1,1997,0,0,0,0,0,0,0,0,0,0
80513,2,1,1997,0,0,0,0,0,0,0,0,0,0
80514,1,1,1997,0,0,0,0,0,0,0,0,0,8
80514,2,1,1997,0,0,0,0,0,0,0,0,0,0
80514,3,1,1997,0,0,0,0,0,0,0,0,0,0
80514,4,1,1997,0,0,0,0,0,0,0,0,0,0
80514,5,1,1997,0,0,0,0,0,0,0,0,0,0
80514,6,1,1997,0,0,0,0,0,0,0,0,0,0
80515,0,1,1997,0,0,0,0,0,0,0,0,0,0
80515,1,1,1997,0,0,0,0,0,0,0,0,0,0
80515,2,1,1997,0,0,0,0,0,0,0,0,0,0
80516,1,1,1997,0,0,0,0,0,0,0,0,0,0
80516,2,1,1997,0,0,0,0,0,0,0,0,0,0
80517,1,1,1997,0,0,16,0,0,0,26,0,0,0
80517,2,1,1997,0,0,0,0,0,0,0,0,0,0
80518,0,1,1997,0,0,0,0,0,0,0,0,0,0
80518,1,1,1997,0,0,0,0,0,0,0,0,0,0
80519,1,1,1997,0,0,0,0,0,0,0,0,0,0
80519,2,1,1997,0,0,0,0,0,0,0,0,0,0
80520,1,1,1997,0,0,0,0,0,0,0,0,0,0
80521,1,1,1997,11,11,11,11,11,11,11,11,11,11
80521,2,1,1997,0,0,0,0,3,0,0,0,0,0
80522,1,1,1997,0,0,0,0,0,0,0,0,0,0
80522,2,1,1997,0,0,0,0,0,0,0,0,0,0
80523,1,1,1997,0,0,0,0,0,0,0,0,0,0
80524,1,1,1997,0,0,0,0,0,0,0,0,0,0
80524,2,1,1997,0,0,0,0,0,0,0,0,0,0
80525,0,1,1997,0,0,0,0,0,0,0,8,0,0
80525,0,2,1997,0,0,0,0,0,0,0,0,0,0
80525,1,1,1997,0,0,0,0,0,0,0,0,0,0
80526,1,1,1997,31,31,31,31,31,31,31,31,31,31
80527,1,1,1997,0,0,0,0,0,0,0,11,0,0
80528,1,1,1997,0,0,0,0,0,0,0,0,0,0
80528,2,1,1997,0,0,0,0,0,0,0,0,0,0
80528,3,1,1997,0,0,0,0,0,0,0,0,0,31
80529,0,1,1997,0,0,0,0,0,0,0,0,0,0
80529,1,1,1997,0,0,0,0,0,0,0,0,0,0
80530,1,1,1997,0,0,0,0,0,0,0,17,0,0
80531,1,1,1997,31,31,31,31,31,31,31,31,31,31
80532,1,1,1997,0,0,0,0,0,0,0,0,0,0
80532,2,1,1997,0,0,0,0,0,0,0,0,0,0
80532,3,1,1997,0,0,0,0,0,0,0,0,0,0
80533,1,1,1997,18,18,18,18,18,18,18,18,18,18
80534,1,1,1997,8,8,8,8,8,8,8,8,8,8
80534,2,1,1997,0,0,0,0,0,0,0,0,0,0
80534,3,1,1997,0,0,0,26,0,0,0,0,0,0
80534,4,1,1997,0,0,0,0,0,0,0,0,0,0
80535,1,1,1997,12,12,12,12,12,12,12,12,12,12
90001,1,1,1997,27,27,27,27,27,27,27,27,27,27
90002,1,1,1997,15,11,17,13,20,15,20,21,9,22
90003,1,1,1997,0,0,0,0,0,0,0,0,0,0
90003,2,1,1997,0,0,0,0,0,0,0,0,0,0
90004,1,1,1997,0,0,0,0,0,0,0,0,0,0
90005,1,1,1997,0,0,0,0,0,0,0,0,0,0
90006,1,1,1997,13,0,27,7,0,0,0,0,0,0
90007,1,1,1997,0,0,0,9,0,0,0,0,0,0
90007,2,1,1997,0,0,16,0,0,0,0,0,0,0
90008,1,1,1997,11,11,11,11,11,11,11,11,11,11
90009,1,1,1997,0,0,0,0,0,0,0,0,0,0
90010,0,1,1997,0,0,0,0,0,0,0,0,0,0
90010,1,1,1997,0,0,0,0,0,0,0,0,0,0
90011,1,1,1997,0,0,0,0,0,0,0,0,0,0
90011,2,1,1997,0,0,0,0,0,0,0,0,0,0
90011,3,1,1997,0,0,0,0,0,0,0,0,0,0
90012,1,1,1997,22,22,22,22,22,22,22,22,22,22
90013,1,1,1997,26,26,26,26,26,26,26,26,26,26
90014,1,1,1997,20,20,20,20,20,20,20,20,20,20
90015,1,1,1997,0,0,0,0,0,13,0,18,0,0
90016,1,1,1997,28,28,28,28,28,28,28,28,28,28
90017,1,1,1997,6,6,6,6,6,6,6,6,6,6
90018,0,1,1997,19,19,19,19,19,19,19,19,19,19
90018,1,1,1997,0,0,0,0,0,0,0,0,0,0
90019,1,1,1997,6,0,0,0,21,9,0,0,17,0
90019,2,1,1997,0,0,0,0,0,0,0,0,0,0
90020,1,1,1997,0,0,0,0,0,0,0,0,0,0
90021,1,1,1997,22,26,0,33,0,28,26,33,10,0
90022,0,1,1997,0,0,0,0,0,11,0,0,0,0
90022,0,2,1997,0,0,0,0,0,0,0,0,0,0
90022,1,1,1997,0,0,0,0,0,0,0,0,0,0
90023,1,1,1997,0,0,0,0,0,0,0,0,0,0
90024,1,1,1997,21,21,21,21,21,21,21,21,21,21
90025,1,1,1997,22,22,22,22,22,22,22,22,22,22
90026,1,1,1997,11,11,11,11,11,11,11,11,11,11
90027,1,1,1997,0,0,0,0,0,0,0,0,0,0
90028,0,1,1997,19,15,54,0,10,0,0,40,34,0
90028,1,1,1997,0,0,0,0,0,0,0,0,0,0
90029,1,1,1997,0,0,0,0,0,0,0,0,0,0
90029,2,1,1997,0,0,0,0,0,0,0,0,0,0
90030,1,1,1997,0,0,0,0,0,0,0,0,0,0
90030,2,1,1997,0,0,0,0,0,0,0,0,0,0
90031,0,1,1997,21,21,21,21,21,21,21,21,21,21
90031,1,1,1997,0,0,0,0,0,3,31,0,22,0
90032,1,1,1997,0,0,0,0,0,0,0,0,0,0
90032,2,1,1997,0,0,0,0,0,0,0,0,0,0
90033,1,1,1997,19,19,19,19,19,19,19,19,19,19
90033,2,1,1997,0,0,0,0,0,0,0,0,0,0
90034,1,1,1997,0,0,0,0,0,0,0,0,0,0
90034,2,1,1997,0,0,0,0,0,0,0,0,0,0
90035,1,1,1997,0,0,0,0,0,0,0,0,0,0
90036,1,1,1997,0,0,0,7,0,13,12,0,0,0
90036,2,1,1997,6,21,23,22,12,20,23,13,13,14
90037,1,1,1997,0,0,0,0,0,0,0,0,0,0
90037,2,1,1997,0,0,0,0,0,0,0,0,0,0
90038,1,1,1997,12,12,12,12,12,12,12,12,12,12
90039,1,1,1997,0,0,0,9,13,5,0,0,17,0
90040,0,1,1997,0,0,0,0,0,0,0,0,0,0
90040,1,1,1997,0,0,0,0,0,0,0,0,0,0