ST_CASE,VEH_NO,PER_NO,YEAR,P1,P2,P3,P4,P5,P6,P7,P8,P9,P10
120844,2,1,1997,0,0,0,11,0,0,0,0,0,0
120845,0,1,1997,0,0,23,0,0,26,29,19,17,13
120845,1,1,1997,0,0,0,0,0,0,0,0,0,0
120846,1,1,1997,0,0,0,0,0,0,0,0,0,0
120847,1,1,1997,16,16,16,16,16,16,16,16,16,16
120848,1,1,1997,22,22,22,22,22,22,22,22,22,22
120849,0,1,1997,0,0,0,0,0,0,0,0,0,0
120849,1,1,1997,0,0,0,0,0,0,0,0,0,0
120850,1,1,1997,0,0,0,0,0,0,0,0,0,0
120851,0,1,1997,0,12,19,48,18,0,20,32,23,20
120851,1,1,1997,0,0,0,0,0,0,0,0,0,0
120852,1,1,1997,17,17,17,17,17,17,17,17,17,17
120853,1,1,1997,0,0,0,0,0,0,0,0,0,0
120853,2,1,1997,0,0,0,0,0,0,0,0,0,0
120854,1,1,1997,27,27,27,27,27,27,27,27,27,27
120854,2,1,1997,0,0,0,0,0,0,0,0,0,0
120855,1,1,1997,0,0,0,0,0,0,0,0,0,0
120856,1,1,1997,0,0,0,0,0,0,0,0,14,0
120856,2,1,1997,0,0,0,0,0,0,0,0,0,0
120856,3,1,1997,0,0,0,0,0,0,0,0,0,0
120857,0,1,1997,0,0,0,0,0,0,22,0,0,0
120857,1,1,1997,0,0,0,0,0,0,0,0,0,0
120858,1,1,1997,0,0,0,0,0,0,0,0,0,0
120858,2,1,1997,0,0,0,0,0,0,0,0,0,0
120859,1,1,1997,0,0,0,0,0,0,0,0,0,0
120860,1,1,1997,0,0,0,0,0,0,0,0,0,0
120860,2,1,1997,0,0,0,0,0,0,2,0,0,0
120861,1,1,1997,2,2,2,2,2,2,2,2,2,2
120862,1,1,1997,14,14,14,14,14,14,14,14,14,14
120863,1,1,1997,17,17,17,17,17,17,17,17,17,17
120863,2,1,1997,0,0,0,0,0,10,0,0,0,0
120864,1,1,1997,2,2,2,2,2,2,2,2,2,2
120865,1,1,1997,20,20,20,20,20,20,20,20,20,20
120866,0,1,1997,0,0,0,0,0,0,0,0,0,0
120866,1,1,1997,0,0,0,0,0,0,0,0,0,0
120867,1,1,1997,0,0,0,0,0,0,0,0,0,0
120867,2,1,1997,0,0,0,0,0,0,0,0,0,0
120867,3,1,1997,0,0,0,0,0,0,0,0,0,0
120868,1,1,1997,0,0,0,0,0,0,0,0,0,0
120868,2,1,1997,0,0,0,0,0,0,0,0,0,0
120869,1,1,1997,25,25,25,25,25,25,25,25,25,25
120870,1,1,1997,0,0,0,0,0,0,0,0,0,0
120871,1,1,1997,0,0,5,0,11,15,21,0,0,0
120871,2,1,1997,0,0,0,0,0,0,9,0,0,0
120872,1,1,1997,0,0,0,0,0,0,0,0,0,0
120872,2,1,1997,0,0,0,0,0,0,0,0,0,0
120873,1,1,1997,0,0,0,0,0,0,0,0,0,0
120874,1,1,1997,0,0,0,0,0,0,0,0,0,0
120874,2,1,1997,0,0,0,0,0,0,0,0,0,0
120875,1,1,1997,0,0,0,0,11,0,0,0,0,0
120875,2,1,1997,0,0,0,0,0,0,0,0,0,0
120876,1,1,1997,0,0,0,0,0,0,0,0,0,0
120877,0,1,1997,0,0,0,0,0,0,0,0,0,0
120877,1,1,1997,0,0,0,0,0,0,0,0,0,0
120878,0,1,1997,0,0,0,0,0,0,0,0,0,0
120878,1,1,1997,0,0,0,0,0,0,0,0,0,0
120879,0,1,1997,0,0,0,0,0,0,0,0,0,0
120879,1,1,1997,26,26,26,26,26,26,26,26,26,26
120880,1,1,1997,0,0,0,0,0,0,0,0,0,0
120880,2,1,1997,0,0,0,0,0,0,0,0,0,0
120881,0,1,1997,0,0,0,0,0,0,0,0,0,0
120881,1,1,1997,32,0,21,18,0,22,9,24,22,0
120881,2,1,1997,0,0,0,0,0,0,0,0,0,0
120881,3,1,1997,0,0,23,0,0,0,0,0,0,0
120882,1,1,1997,0,0,0,0,0,0,0,0,0,0
120882,2,1,1997,0,0,31,0,19,0,0,0,0,0
120883,1,1,1997,0,0,0,0,0,0,0,0,0,0
120883,2,1,1997,0,0,0,0,0,0,0,0,0,0
120884,1,1,1997,0,0,0,0,0,0,0,0,0,0
120884,2,1,1997,0,0,0,0,0,0,0,0,0,0
120885,1,1,1997,0,0,0,0,0,0,0,5,0,0
120885,2,1,1997,0,0,0,0,0,0,0,0,0,0
120886,1,1,1997,0,0,0,0,0,0,0,0,0,0
120886,2,1,1997,0,0,0,0,0,0,0,0,0,0
120887,0,1,1997,0,0,0,0,0,0,0,0,0,0
120887,1,1,1997,0,0,0,0,0,0,0,0,0,0
120887,2,1,1997,0,0,0,0,0,0,0,0,0,0
120888,1,1,1997,26,26,26,26,26,26,26,26,26,26
120889,1,1,1997,0,0,0,0,0,0,0,0,0,0
120889,2,1,1997,0,0,0,0,0,0,0,0,0,0
120889,3,1,1997,0,0,0,0,0,0,0,0,21,0
120890,1,1,1997,23,23,23,23,23,23,23,23,23,23
120891,1,1,1997,0,0,0,0,0,0,0,0,0,0
120891,2,1,1997,0,0,0,0,0,0,0,0,0,0
120892,0,1,1997,0,0,0,0,0,0,44,0,0,0
120892,1,1,1997,0,0,0,0,0,0,0,0,0,0
120893,1,1,1997,0,0,0,0,0,0,0,0,0,0
120893,2,1,1997,0,0,0,0,0,0,0,0,0,0
120894,1,1,1997,17,17,17,17,17,17,17,17,17,17
120894,2,1,1997,0,0,0,0,0,0,0,0,0,0
120895,1,1,1997,0,0,0,0,0,0,0,0,0,0
120895,2,1,1997,0,0,0,0,0,0,0,0,0,0
120896,1,1,1997,17,17,17,17,17,17,17,17,17,17
120896,2,1,1997,21,21,21,21,21,21,21,21,21,21
120897,1,1,1997,0,0,0,0,0,0,0,0,0,0
120897,2,1,1997,0,0,0,0,0,0,0,0,0,0
120898,1,1,1997,23,30,17,17,10,19,9,20,21,14
120898,2,1,1997,0,17,0,10,10,18,16,12,0,0
120899,1,1,1997,0,0,0,0,0,0,0,0,0,0
120899,2,1,1997,0,0,0,0,0,0,0,0,0,0
120900,1,1,1997,0,18,0,0,0,24,0,0,0,0
120901,1,1,1997,0,0,0,0,0,0,0,0,0,0
120901,2,1,1997,0,0,0,0,0,0,0,0,0,0
120902,1,1,1997,0,0,0,0,0,0,0,0,0,0
120902,2,1,1997,0,0,0,0,0,0,0,0,0,0
120903,0,1,1997,0,0,0,0,0,0,0,0,0,0
120903,0,2,1997,10,0,0,0,0,0,0,0,16,4
120903,1,1,1997,0,0,0,0,0,0,0,0,0,0
120904,1,1,1997,0,0,0,0,0,0,0,0,0,0
120904,2,1,1997,0,0,0,0,0,0,0,0,0,0
120905,0,1,1997,26,0,0,34,8,0,15,20,19,0
120905,1,1,1997,0,14,0,0,0,0,0,0,0,0
120905,2,1,1997,0,0,0,0,0,0,0,0,0,0
120906,1,1,1997,20,20,20,20,20,20,20,20,20,20
120907,0,1,1997,36,36,36,36,36,36,36,36,36,36
120907,1,1,1997,0,0,0,0,0,0,0,0,0,0
120908,1,1,1997,0,0,0,0,0,0,0,0,0,0
120909,1,1,1997,12,12,12,12,12,12,12,12,12,12
120909,2,1,1997,0,0,0,0,0,0,0,0,0,0
120910,1,1,1997,0,0,0,0,0,0,0,0,0,0
120911,1,1,1997,22,22,22,22,22,22,22,22,22,22
120912,0,1,1997,0,0,0,0,0,0,0,0,0,0
120912,1,1,1997,0,0,0,0,0,0,0,0,0,0
120913,1,1,1997,30,30,30,30,30,30,30,30,30,30
120913,2,1,1997,0,0,0,0,0,0,0,0,0,0
120914,1,1,1997,0,0,0,0,0,0,0,0,0,0
120915,1,1,1997,0,0,0,0,0,0,0,0,0,0
120915,2,1,1997,0,0,0,0,0,0,0,0,0,0
120916,1,1,1997,0,0,0,0,0,0,0,0,0,0
120916,2,1,1997,0,0,0,0,0,0,0,0,0,0
120917,1,1,1997,1,1,1,1,1,1,1,1,1,1
120917,2,1,1997,0,0,0,0,0,0,0,0,0,0
120918,1,1,1997,0,0,0,0,0,0,0,0,0,0
120918,2,1,1997,0,0,0,0,0,0,0,0,0,0
120918,3,1,1997,0,0,0,0,0,0,0,0,0,0
120919,1,1,1997,27,27,27,27,27,27,27,27,27,27
120920,0,1,1997,0,0,0,0,0,0,13,16,0,0
120920,2,1,1997,8,0,0,0,0,0,0,0,0,0
120921,1,1,1997,0,0,0,0,0,0,0,0,0,0
120921,2,1,1997,0,0,0,0,0,0,0,0,0,0
120922,0,1,1997,0,0,0,0,0,37,18,0,33,16
120922,1,1,1997,0,0,0,0,0,0,0,0,0,0
120923,1,1,1997,0,0,0,0,0,0,0,0,0,0
120923,2,1,1997,0,0,0,0,0,0,0,0,0,0
120924,1,1,1997,0,0,0,7,0,0,0,0,0,0
120924,2,1,1997,0,0,0,0,0,0,0,0,0,0
120925,1,1,1997,0,0,0,0,0,0,0,0,0,0
120925,2,1,1997,0,0,0,0,0,0,0,0,0,0
120925,3,1,1997,0,0,0,0,0,0,0,0,0,0
120926,1,1,1997,0,0,0,0,0,0,0,0,0,0
120926,2,1,1997,0,0,0,0,0,0,0,0,0,0
120927,0,1,1997,0,0,0,0,0,0,0,0,0,0
120927,1,1,1997,0,0,0,0,0,0,0,0,0,0
120928,1,1,1997,21,21,21,21,21,21,21,21,21,21
120928,2,1,1997,0,0,7,0,0,0,0,0,0,0
120929,1,1,1997,0,0,0,0,0,0,0,0,0,0
120930,1,1,1997,17,17,17,17,17,17,17,17,17,17
120930,2,1,1997,0,0,0,0,0,0,0,0,0,0
120931,1,1,1997,0,0,0,0,0,0,0,0,0,0
120931,2,1,1997,0,0,0,0,0,0,0,0,0,0
120931,3,1,1997,0,0,0,0,0,0,0,0,0,0
120932,0,1,1997,0,0,0,0,0,0,0,0,0,0
120932,1,1,1997,0,0,0,0,0,0,0,0,0,0
120933,1,1,1997,24,24,24,24,24,24,24,24,24,24
120933,2,1,1997,0,0,0,0,0,0,0,0,0,0
120933,3,1,1997,0,0,0,0,29,0,0,0,0,0
120934,1,1,1997,10,0,0,0,0,0,0,0,32,0
120935,1,1,1997,0,0,0,0,0,0,0,0,0,0
120936,1,1,1997,0,0,0,0,0,0,0,0,0,0
120936,2,1,1997,0,0,0,11,0,0,0,1,0,0
120937,1,1,1997,29,29,29,29,29,29,29,29,29,29
120938,0,1,1997,0,0,0,0,0,0,0,0,0,0
120938,1,1,1997,0,0,0,0,0,0,0,0,0,0
120939,1,1,1997,0,0,0,0,0,0,0,0,0,0
120939,2,1,1997,31,31,31,31,31,31,31,31,31,31
120940,1,1,1997,13,13,13,13,13,13,13,13,13,13
120940,2,1,1997,0,0,0,0,0,0,0,0,0,0
120940,3,1,1997,0,0,0,0,0,0,0,0,0,0
120941,0,1,1997,3,3,3,3,3,3,3,3,3,3
120941,1,1,1997,0,0,0,0,0,0,0,0,0,0
120942,1,1,1997,8,8,8,8,8,8,8,8,8,8
120943,0,1,1997,0,0,0,0,0,0,0,0,0,0
120943,1,1,1997,0,0,0,0,0,0,0,0,0,0
120944,1,1,1997,0,0,0,0,0,0,0,0,0,0
120945,1,1,1997,0,0,0,0,0,0,0,0,0,0
120945,2,1,1997,0,0,0,0,0,0,0,0,0,0
120946,1,1,1997,18,0,0,0,0,3,0,0,0,19
120946,2,1,1997,0,0,0,0,0,0,16,0,0,0
120947,0,1,1997,0,0,0,0,0,0,0,0,0,0
120947,1,1,1997,0,0,0,0,0,0,0,0,0,0
120948,0,1,1997,0,0,0,0,0,0,0,0,0,0
120948,1,1,1997,0,0,0,0,0,0,0,0,0,0
120949,1,1,1997,0,0,0,0,0,10,0,0,0,0
120950,0,1,1997,23,23,23,23,23,23,23,23,23,23
120950,1,1,1997,0,0,0,0,0,0,0,0,0,0
120951,1,1,1997,28,28,28,28,28,28,28,28,28,28
120951,2,1,1997,0,0,0,0,0,0,0,0,0,0
120952,1,1,1997,0,0,0,0,0,0,0,0,0,0
120953,1,1,1997,20,20,20,20,20,20,20,20,20,20
120954,1,1,1997,0,0,0,0,0,0,0,0,0,0
120954,2,1,1997,0,0,0,0,0,0,0,0,0,0
120955,1,1,1997,0,0,0,0,0,0,0,0,0,0
120955,2,1,1997,0,0,0,0,0,0,0,0,0,0
120955,3,1,1997,0,0,0,0,0,0,0,6,0,0
120955,4,1,1997,0,0,0,0,0,0,0,0,0,0
120955,5,1,1997,0,0,0,0,0,0,0,0,0,0
120956,0,1,1997,22,22,22,22,22,22,22,22,22,22
120956,1,1,1997,0,0,0,0,0,0,0,0,0,0
120957,1,1,1997,0,0,0,0,0,0,0,0,0,0
120957,2,1,1997,0,0,0,0,0,0,0,0,0,0
120958,0,1,1997,0,0,0,0,0,0,0,0,0,0
120958,1,1,1997,0,0,0,0,0,0,0,0,0,0
120959,1,1,1997,0,0,0,0,0,0,0,0,0,0
120959,2,1,1997,0,11,0,0,0,0,0,0,0,0
120960,0,1,1997,0,0,0,0,0,0,0,0,0,0
120960,1,1,1997,0,0,0,0,0,0,0,0,0,0
120961,1,1,1997,0,0,0,0,0,0,0,0,0,0
120961,2,1,1997,0,0,0,0,0,0,0,0,0,0
120962,1,1,1997,0,0,0,0,0,0,0,0,0,0
120962,2,1,1997,0,0,0,0,0,0,0,0,0,0
120963,0,1,1997,0,0,0,0,0,0,0,0,0,0
120963,1,1,1997,0,0,0,0,0,0,0,0,0,0
120964,1,1,1997,0,0,0,0,0,0,0,0,0,0
120964,2,1,1997,0,0,0,0,0,0,0,0,0,0
120965,1,1,1997,0,0,0,0,0,0,0,0,0,0
120965,2,1,1997,0,0,0,0,0,0,0,0,0,0
120965,3,1,1997,0,0,0,0,0,0,0,0,0,0
120965,4,1,1997,0,0,0,0,22,0,0,0,0,0
120966,1,1,1997,0,0,0,0,0,0,0,0,0,0
120966,2,1,1997,0,0,0,0,0,0,0,0,0,0
120966,3,1,1997,0,0,0,0,0,0,0,0,0,0
120967,1,1,1997,0,0,16,0,0,0,0,0,0,0
120968,0,1,1997,0,0,0,0,0,0,0,0,0,0
120968,0,2,1997,0,0,0,0,0,0,0,0,0,0
120968,1,1,1997,0,0,0,0,8,0,12,0,0,0
120969,1,1,1997,19,19,19,19,19,19,19,19,19,19
120969,2,1,1997,0,0,0,0,0,0,0,0,0,0
120970,1,1,1997,0,0,0,0,0,0,0,0,0,0
120970,2,1,1997,0,0,0,0,0,0,0,0,0,0
120971,1,1,1997,27,27,27,27,27,27,27,27,27,27
120972,1,1,1997,0,0,0,29,0,0,0,0,0,0
120972,2,1,1997,0,0,0,0,0,0,0,0,0,0
120972,3,1,1997,0,0,0,0,0,0,0,0,0,0
120973,1,1,1997,6,6,6,6,6,6,6,6,6,6
120974,1,1,1997,0,0,0,0,0,0,0,0,0,0
120974,2,1,1997,0,0,0,0,0,0,0,0,0,0
120975,1,1,1997,0,0,0,0,0,0,0,0,9,9
120976,1,1,1997,0,0,0,0,0,0,0,0,0,0
120976,2,1,1997,0,0,0,0,0,0,0,0,0,0
120977,0,1,1997,0,0,0,0,0,0,0,0,0,13
120977,1,1,1997,22,0,0,0,0,0,0,0,0,0
120978,1,1,1997,0,0,0,0,0,0,0,0,0,0
120978,2,1,1997,0,0,0,0,0,0,0,0,0,0
120979,1,1,1997,0,0,0,0,0,0,0,0,17,0
120980,1,1,1997,0,0,0,0,0,0,0,0,0,0
120980,2,1,1997,0,0,0,0,0,0,0,0,0,0
120981,1,1,1997,0,0,0,0,0,0,0,0,0,0
120981,2,1,1997,0,0,0,0,0,0,0,0,0,0
120982,1,1,1997,0,0,0,0,0,0,0,19,9,0
120983,1,1,1997,28,0,0,13,0,26,9,0,0,22
120984,0,1,1997,0,0,0,23,6,0,0,19,22,0
120984,1,1,1997,0,0,0,0,0,0,0,0,0,0
120985,1,1,1997,0,0,0,0,0,0,0,0,0,0
120985,2,1,1997,0,15,0,0,0,0,0,18,0,0
120985,3,1,1997,0,0,0,0,0,0,0,0,0,0
120985,4,1,1997,0,0,0,0,0,0,0,0,0,0
120986,1,1,1997,0,0,0,0,15,0,0,0,0,7
120986,2,1,1997,0,0,0,0,0,0,0,0,0,0
120987,0,1,1997,0,0,0,0,17,0,0,0,0,0
120987,0,2,1997,0,0,0,0,0,0,0,0,0,0
120987,1,1,1997,0,0,0,0,0,0,0,0,0,0
120988,1,1,1997,5,0,13,0,0,0,0,0,0,0
120989,1,1,1997,0,0,0,0,0,0,0,0,0,0
120989,2,1,1997,0,0,0,0,0,0,0,0,0,0
120990,1,1,1997,0,0,22,0,0,0,0,0,0,0
120991,1,1,1997,0,0,0,0,0,0,0,0,0,0
120991,2,1,1997,0,0,0,0,0,0,0,0,0,0
120991,3,1,1997,0,0,0,0,0,0,0,0,0,0
120992,1,1,1997,20,20,20,20,20,20,20,20,20,20
120992,2,1,1997,0,0,0,0,0,0,0,0,0,0
120993,1,1,1997,15,15,15,15,15,15,15,15,15,15
120994,0,1,1997,0,39,0,0,0,0,0,0,0,0
120994,1,1,1997,0,0,0,0,0,0,0,0,0,0
120995,1,1,1997,24,24,24,24,24,24,24,24,24,24
120996,0,1,1997,0,0,0,0,0,0,0,0,0,0
120996,1,1,1997,0,0,0,0,0,0,0,0,0,0
120997,0,1,1997,0,0,0,0,0,0,0,0,0,0
120997,1,1,1997,0,0,0,0,0,0,0,0,0,0
120998,1,1,1997,18,18,18,18,18,18,18,18,18,18
120999,1,1,1997,0,0,0,0,0,0,0,0,0,0
120999,2,1,1997,0,0,0,0,0,0,0,0,35,0
121000,1,1,1997,0,0,0,0,0,0,0,0,0,0
121000,2,1,1997,0,0,3,0,0,0,15,0,0,0
121001,0,1,1997,0,0,0,0,0,0,0,0,0,0
121001,0,2,1997,17,18,0,0,0,0,0,0,0,0
121001,1,1,1997,14,14,14,14,14,14,14,14,14,14
121002,1,1,1997,18,18,18,18,18,18,18,18,18,18
121003,1,1,1997,0,0,0,0,0,0,0,0,0,0
121003,2,1,1997,0,0,0,0,0,0,0,0,0,0
121004,0,1,1997,15,15,15,15,15,15,15,15,15,15
121004,1,1,1997,0,0,0,0,0,0,0,0,0,0
121004,2,1,1997,0,0,0,0,0,0,0,0,0,0
121005,1,1,1997,0,0,0,0,0,0,0,0,0,0
121005,2,1,1997,0,0,0,0,0,0,0,0,0,0
121006,1,1,1997,17,17,17,17,17,17,17,17,17,17
121007,1,1,1997,0,0,0,0,0,0,0,0,0,0
121008,1,1,1997,0,0,0,0,0,0,0,0,0,0
121008,2,1,1997,0,0,0,0,0,0,0,0,0,0
121008,3,1,1997,0,0,0,0,0,0,0,0,0,23
121009,1,1,1997,0,0,0,0,0,0,0,0,0,0
121009,2,1,1997,0,0,0,0,0,0,0,0,0,0
121010,1,1,1997,14,14,14,14,14,14,14,14,14,14
121010,2,1,1997,18,18,18,18,18,18,18,18,18,18
121011,1,1,1997,0,0,0,0,0,0,0,0,0,0
121011,2,1,1997,0,0,0,0,0,0,0,0,0,0
121011,3,1,1997,0,0,0,0,0,0,0,0,0,0
121011,4,1,1997,0,0,0,0,0,0,0,0,0,0
121011,5,1,1997,0,0,0,0,0,0,0,0,0,0
121012,1,1,1997,0,0,0,0,0,0,0,0,0,0
121012,2,1,1997,0,0,0,0,0,0,0,0,0,0
121012,3,1,1997,0,0,0,0,0,0,0,0,0,8
121012,4,1,1997,0,0,0,0,0,0,0,0,0,0
121012,5,1,1997,0,0,0,0,0,0,0,0,0,0
121013,1,1,1997,0,18,17,0,0,0,21,0,0,0
121013,2,1,1997,0,0,0,0,0,0,0,0,0,0
121014,1,1,1997,27,27,27,27,27,27,27,27,27,27
121015,0,1,1997,0,0,13,0,0,0,0,17,5,0
121015,1,1,1997,0,0,0,0,0,0,0,0,0,0
121016,1,1,1997,0,0,0,0,0,0,0,0,0,0
121016,2,1,1997,0,0,0,0,0,0,0,0,0,0
121017,1,1,1997,12,0,0,0,0,0,5,0,0,0
121017,2,1,1997,0,0,9,0,0,0,0,0,0,0
121018,1,1,1997,26,26,26,26,26,26,26,26,26,26
121019,1,1,1997,12,12,12,12,12,12,12,12,12,12
121020,1,1,1997,0,0,0,0,0,0,0,0,0,0
121020,2,1,1997,0,0,0,0,0,0,0,0,0,0
121021,1,1,1997,6,0,0,0,0,0,0,0,0,0
121021,2,1,1997,0,0,0,0,0,0,0,0,0,0
121022,1,1,1997,0,0,0,0,0,0,0,0,0,0
121022,2,1,1997,0,0,0,0,17,0,0,0,0,0
121023,0,1,1997,0,0,0,0,0,0,0,0,0,0
121023,1,1,1997,0,0,0,0,0,0,0,0,0,0
121023,2,1,1997,0,0,0,0,0,0,0,0,0,0
121024,1,1,1997,6,6,6,6,6,6,6,6,6,6
121024,2,1,1997,0,0,0,0,0,0,0,0,0,0
121024,3,1,1997,0,0,0,0,0,0,0,0,0,0
121025,1,1,1997,0,0,0,0,0,0,0,0,0,0
121025,2,1,1997,0,0,0,0,0,0,0,0,0,0
121026,0,1,1997,0,0,0,0,0,0,0,23,18,0
121026,1,1,1997,0,0,0,0,0,0,0,0,0,0
121027,1,1,1997,0,0,0,0,0,0,0,0,0,0
121028,1,1,1997,0,0,0,0,0,0,0,0,0,0
121028,2,1,1997,0,0,0,0,0,0,0,0,0,0
121029,1,1,1997,0,0,0,0,0,0,0,0,0,0
121029,2,1,1997,0,0,0,0,0,0,0,0,0,0
121029,3,1,1997,0,0,0,0,0,0,0,0,0,0
121030,1,1,1997,0,0,0,0,0,0,0,0,0,0
121030,2,1,1997,0,0,0,0,0,0,0,0,0,0
121031,1,1,1997,0,0,0,0,0,0,0,0,0,0
121031,2,1,1997,0,0,0,0,0,0,0,0,0,0
121032,1,1,1997,31,31,31,31,31,31,31,31,31,31
121033,1,1,1997,0,0,0,0,0,0,0,0,0,0
121034,1,1,1997,0,0,0,0,0,0,0,0,0,0
121034,2,1,1997,0,15,0,0,0,0,12,0,0,0
121035,1,1,1997,26,26,26,26,26,26,26,26,26,26
121036,0,1,1997,25,25,25,25,25,25,25,25,25,25
121036,1,1,1997,0,0,0,0,0,0,10,0,0,0
121037,1,1,1997,0,0,0,0,0,0,0,0,0,0
121038,1,1,1997,19,19,19,19,19,19,19,19,19,19
121039,0,1,1997,0,0,0,0,0,0,0,0,0,0
121039,0,2,1997,0,0,0,0,0,0,0,0,0,0
121039,1,1,1997,0,0,0,0,0,0,0,0,0,0
121040,1,1,1997,0,0,0,0,0,0,0,0,0,0
121041,0,1,1997,0,0,0,0,0,0,0,30,0,0
121041,1,1,1997,0,0,0,0,0,0,0,0,8,0
121042,1,1,1997,0,0,0,0,0,0,0,0,0,0
121042,2,1,1997,0,0,0,0,0,0,0,0,0,0
121042,3,1,1997,0,0,0,0,0,0,0,0,0,0
121042,4,1,1997,0,0,0,0,0,0,0,0,0,0
121043,0,1,1997,14,14,14,14,14,14,14,14,14,14
121043,1,1,1997,0,0,0,0,0,0,0,0,0,0
121044,1,1,1997,0,0,16,15,0,0,0,0,0,0
121045,0,1,1997,0,0,0,0,0,0,0,0,0,0
121045,1,1,1997,0,0,0,0,0,0,0,0,0,0
121046,1,1,1997,0,0,0,0,0,0,0,0,0,0
121047,1,1,1997,0,0,0,0,0,0,0,0,0,0
121047,2,1,1997,0,0,0,0,0,0,0,0,0,0
121048,0,1,1997,0,0,0,0,0,0,0,0,0,0
121048,1,1,1997,0,0,0,8,0,0,0,0,0,0
121049,1,1,1997,0,0,0,0,0,0,0,0,0,0
121049,2,1,1997,0,0,0,0,0,0,0,0,0,0
121050,0,1,1997,21,21,21,21,21,21,21,21,21,21
121050,1,1,1997,0,0,0,0,0,0,0,0,0,0
121051,1,1,1997,29,29,29,29,29,29,29,29,29,29
121052,1,1,1997,0,0,0,0,0,0,0,0,0,0
121052,2,1,1997,0,0,0,0,0,0,0,0,0,0
121053,0,1,1997,0,0,0,0,0,0,0,0,0,0
121053,1,1,1997,0,0,0,0,0,0,0,0,0,0
121054,1,1,1997,0,0,0,0,0,0,0,0,0,0
121054,2,1,1997,0,0,0,0,0,0,0,0,0,0
121055,0,1,1997,0,0,0,0,0,0,0,0,0,0
121055,1,1,1997,0,0,0,0,0,0,0,0,0,0
121056,1,1,1997,9,9,9,9,9,9,9,9,9,9
121057,1,1,1997,0,0,0,0,0,0,0,0,0,0
121058,1,1,1997,19,19,19,19,19,19,19,19,19,19
121059,1,1,1997,0,0,0,0,0,0,0,0,0,0
121059,2,1,1997,0,0,0,0,0,0,0,0,0,0
121060,1,1,1997,10,0,0,0,0,0,0,0,4,0
121061,1,1,1997,21,21,21,21,21,21,21,21,21,21
121062,1,1,1997,11,11,11,11,11,11,11,11,11,11
121062,2,1,1997,16,0,0,0,0,13,0,0,0,0
121063,1,1,1997,15,15,15,15,15,15,15,15,15,15
121063,2,1,1997,0,0,0,0,0,0,17,0,0,0
121064,1,1,1997,0,0,0,0,0,0,0,0,0,0
121065,1,1,1997,9,9,9,9,9,9,9,9,9,9
121066,1,1,1997,21,23,0,0,13,0,17,11,0,0
121067,0,1,1997,9,9,9,9,9,9,9,9,9,9
121067,1,1,1997,0,0,0,0,0,0,0,0,0,0
121068,0,1,1997,0,0,0,0,0,0,0,0,0,0
121068,1,1,1997,0,0,0,0,0,0,0,0,0,0
121069,1,1,1997,16,16,16,16,16,16,16,16,16,16
121070,1,1,1997,0,0,0,0,0,0,0,0,0,0
121071,1,1,1997,8,0,0,0,0,0,0,0,19,0
121072,1,1,1997,13,13,13,13,13,13,13,13,13,13
121073,1,1,1997,0,0,0,0,0,0,0,0,0,0
121073,2,1,1997,0,0,0,0,0,0,0,0,0,0
121073,3,1,1997,0,0,0,0,0,0,0,0,0,0
121074,0,1,1997,33,33,33,33,33,33,33,33,33,33
121074,1,1,1997,13,13,13,13,13,13,13,13,13,13
121075,1,1,1997,0,0,0,0,0,0,0,0,0,0
121076,0,1,1997,0,0,0,0,0,0,0,0,0,0
121076,1,1,1997,19,0,16,0,0,24,27,0,17,21
121077,1,1,1997,9,0,0,0,0,0,0,0,0,0
121077,2,1,1997,0,0,0,0,0,0,0,0,0,0
121078,1,1,1997,0,0,0,0,0,0,0,0,0,0
121078,2,1,1997,0,0,0,0,0,0,0,0,0,0
121078,3,1,1997,0,0,0,0,0,0,0,0,0,0
121078,4,1,1997,0,0,0,0,0,0,0,0,0,0
121079,1,1,1997,0,0,0,0,0,0,0,0,0,0
121079,2,1,1997,0,0,0,0,0,0,0,0,0,0
121080,0,1,1997,0,0,0,0,0,0,0,0,0,0
121080,1,1,1997,0,0,0,0,0,0,0,0,0,0
121081,0,1,1997,0,0,0,0,0,0,0,0,0,0
121081,1,1,1997,0,10,0,0,8,10,0,13,0,0
121082,1,1,1997,22,32,19,0,26,0,19,0,19,0
121083,1,1,1997,13,13,13,13,13,13,13,13,13,13
121084,1,1,1997,10,10,10,10,10,10,10,10,10,10
121085,1,1,1997,0,16,0,0,0,0,0,8,8,0
121086,1,1,1997,0,0,0,0,0,0,0,0,0,0
121086,2,1,1997,0,0,0,0,0,0,0,0,0,0
121087,1,1,1997,0,0,0,0,0,0,0,0,0,0
121088,1,1,1997,28,28,28,28,28,28,28,28,28,28
121089,1,1,1997,0,0,0,0,0,0,0,0,0,0
121089,2,1,1997,0,0,0,0,0,0,0,0,0,0
121089,3,1,1997,11,0,0,0,0,0,0,0,21,0
121089,4,1,1997,0,0,0,0,0,18,0,0,0,0
121090,0,1,1997,0,14,0,0,0,0,28,0,0,10
121090,1,1,1997,0,0,0,0,0,0,0,0,0,0
121091,0,1,1997,0,0,0,0,0,0,0,0,0,0
121091,0,2,1997,0,0,0,0,0,0,0,0,0,0
121091,1,1,1997,0,0,0,0,0,0,0,0,0,0