ST_CASE,VEH_NO,PER_NO,YEAR,P1,P2,P3,P4,P5,P6,P7,P8,P9,P10
122096,1,1,1997,0,0,0,0,0,0,0,0,0,0
122096,2,1,1997,0,0,0,0,0,0,0,0,0,0
122097,0,1,1997,0,0,0,0,0,0,0,0,0,0
122097,1,1,1997,0,0,0,0,0,0,0,0,0,0
122098,1,1,1997,0,0,0,0,0,0,0,0,0,0
122098,2,1,1997,0,0,0,0,0,0,0,0,0,0
122099,1,1,1997,0,0,0,0,0,0,0,0,0,0
122100,0,1,1997,0,0,0,0,0,0,0,0,0,0
122100,1,1,1997,0,0,0,0,0,0,0,0,0,0
122101,1,1,1997,0,0,0,0,0,0,0,0,0,0
122102,1,1,1997,25,25,25,25,25,25,25,25,25,25
122103,1,1,1997,0,0,0,0,0,0,0,0,0,0
122103,2,1,1997,0,0,0,0,0,0,0,0,0,0
122103,3,1,1997,0,0,16,0,0,0,0,0,0,0
122104,1,1,1997,0,0,0,0,0,0,0,0,0,0
122104,2,1,1997,33,33,33,33,33,33,33,33,33,33
122105,1,1,1997,0,0,0,0,0,0,0,0,31,0
122106,1,1,1997,0,0,0,0,0,0,0,0,0,0
122106,2,1,1997,0,0,0,0,0,0,0,0,0,0
122107,0,1,1997,0,0,0,0,0,0,0,0,0,0
122107,1,1,1997,0,0,0,0,0,0,0,0,0,0
122108,1,1,1997,0,0,0,8,0,0,0,19,20,22
122109,1,1,1997,0,0,0,0,0,0,0,0,0,0
122110,0,1,1997,0,0,0,0,15,0,0,0,0,0
122110,1,1,1997,0,0,0,0,0,0,0,0,0,0
122110,2,1,1997,0,0,0,0,0,0,0,0,0,0
122111,1,1,1997,0,0,0,0,0,0,0,0,0,0
122111,2,1,1997,0,0,0,0,0,20,0,0,0,0
122112,0,1,1997,23,23,23,23,23,23,23,23,23,23
122112,1,1,1997,0,0,0,0,0,0,0,0,0,0
122113,0,1,1997,10,10,10,10,10,10,10,10,10,10
122113,1,1,1997,0,0,0,0,0,0,0,0,0,0
122114,1,1,1997,0,0,0,0,0,0,0,0,0,0
122115,1,1,1997,0,0,0,0,0,0,0,0,0,0
122116,1,1,1997,10,10,10,10,10,10,10,10,10,10
122116,2,1,1997,0,0,0,0,0,0,0,0,0,0
122117,1,1,1997,0,0,0,0,0,0,0,0,0,0
122118,1,1,1997,0,0,0,0,0,0,0,0,0,0
122118,2,1,1997,10,0,34,17,0,0,0,0,0,0
122119,1,1,1997,0,0,0,0,0,0,0,6,0,34
122120,1,1,1997,0,0,0,0,0,0,0,0,6,0
122120,2,1,1997,0,0,0,0,0,0,0,0,0,0
122121,0,1,1997,30,16,39,17,18,44,14,34,25,16
122121,1,1,1997,21,0,0,0,0,20,0,0,0,0
122122,1,1,1997,0,0,0,0,0,0,0,0,11,0
122122,2,1,1997,0,0,0,0,0,0,0,0,0,0
122123,1,1,1997,0,0,0,0,0,0,0,0,0,0
122123,2,1,1997,0,0,0,0,0,0,0,0,0,0
122124,1,1,1997,16,0,0,0,0,0,0,0,0,0
122124,2,1,1997,0,0,0,0,0,0,0,0,0,0
122125,1,1,1997,28,0,15,15,14,23,25,10,18,23
122126,1,1,1997,0,0,0,0,0,0,0,0,0,0
122126,2,1,1997,0,0,0,0,0,0,0,0,0,0
122127,1,1,1997,0,0,0,0,0,0,0,0,0,0
122128,1,1,1997,0,0,0,0,0,0,0,0,0,0
122128,2,1,1997,0,0,0,0,0,0,0,0,0,0
122129,1,1,1997,0,0,0,0,0,0,0,0,0,0
122129,2,1,1997,0,0,0,0,0,0,0,0,0,0
122130,1,1,1997,12,12,12,12,12,12,12,12,12,12
122130,2,1,1997,0,0,0,0,0,0,0,0,0,0
122131,1,1,1997,9,0,18,25,12,0,0,0,0,0
122132,0,1,1997,0,0,0,0,0,0,0,0,0,0
122132,1,1,1997,0,0,0,0,0,0,0,0,0,0
122133,1,1,1997,0,18,0,0,0,0,0,0,32,0
122133,2,1,1997,0,0,0,0,0,0,0,0,0,0
122134,1,1,1997,0,0,0,0,0,0,15,0,0,0
122134,2,1,1997,14,11,7,14,12,16,10,0,10,16
122134,3,1,1997,0,5,0,0,0,0,12,0,0,26
122135,1,1,1997,0,0,0,0,0,0,0,0,0,0
122135,2,1,1997,0,0,0,0,0,0,0,0,0,0
122136,1,1,1997,15,15,15,15,15,15,15,15,15,15
122137,1,1,1997,12,12,12,12,12,12,12,12,12,12
122137,2,1,1997,30,30,30,30,30,30,30,30,30,30
122138,0,1,1997,0,0,0,0,0,0,0,0,0,0
122138,1,1,1997,0,0,0,0,0,0,0,0,0,0
122139,0,1,1997,0,0,0,0,0,0,0,0,0,0
122139,1,1,1997,0,0,0,0,0,0,0,0,0,0
122140,1,1,1997,26,26,26,26,26,26,26,26,26,26
122140,2,1,1997,0,0,0,0,0,0,0,0,0,0
122140,3,1,1997,0,0,0,0,0,0,0,0,0,0
122141,1,1,1997,0,0,0,0,0,0,0,0,0,0
122142,1,1,1997,0,0,0,0,0,0,0,0,0,0
122142,2,1,1997,0,0,0,0,0,0,0,24,0,0
122143,1,1,1997,0,0,0,0,0,0,0,0,0,0
122143,2,1,1997,0,0,0,0,0,0,0,0,0,0
122144,1,1,1997,0,0,0,0,0,0,0,0,0,0
122145,1,1,1997,0,0,0,0,0,0,0,0,0,0
122145,2,1,1997,0,0,0,0,0,0,0,0,0,0
122146,0,1,1997,0,0,0,0,0,0,0,0,0,0
122146,1,1,1997,0,0,0,0,0,0,0,0,0,0
122147,1,1,1997,11,15,0,0,0,0,0,22,14,0
122148,1,1,1997,0,0,0,0,0,0,0,0,0,0
122148,2,1,1997,0,0,0,0,20,0,0,8,9,0
122148,3,1,1997,0,0,16,11,0,16,0,13,0,0
122149,1,1,1997,12,12,12,12,12,12,12,12,12,12
122150,1,1,1997,16,16,16,16,16,16,16,16,16,16
122150,2,1,1997,0,0,0,0,0,0,0,0,0,0
122151,1,1,1997,0,0,0,10,0,4,22,0,3,0
122151,2,1,1997,0,0,0,0,0,0,0,0,0,0
122151,3,1,1997,1,1,1,1,1,1,1,1,1,1
122152,1,1,1997,23,23,23,23,23,23,23,23,23,23
122152,2,1,1997,0,0,0,0,0,0,0,0,0,0
122153,1,1,1997,18,18,18,18,18,18,18,18,18,18
122154,0,1,1997,0,0,0,0,0,0,0,0,0,0
122154,1,1,1997,0,0,0,0,0,0,0,0,0,0
122155,1,1,1997,0,0,0,0,0,0,0,0,0,0
122155,2,1,1997,0,0,0,0,0,0,0,0,0,0
122156,1,1,1997,16,16,16,16,16,16,16,16,16,16
122157,1,1,1997,0,0,0,0,0,0,0,0,0,0
122157,2,1,1997,0,0,0,0,0,0,0,0,0,0
122158,1,1,1997,0,0,0,0,0,0,0,0,0,0
122158,2,1,1997,0,0,0,0,0,0,0,0,0,0
122159,1,1,1997,0,0,0,0,0,0,0,0,0,0
122159,2,1,1997,0,0,0,0,0,0,0,0,0,0
122159,3,1,1997,0,0,0,0,0,0,0,0,0,0
122160,0,1,1997,17,0,18,30,12,21,0,16,52,27
122160,1,1,1997,0,6,0,0,0,0,0,0,0,8
122161,1,1,1997,0,0,0,0,0,0,0,22,0,0
122161,2,1,1997,0,0,0,0,0,0,0,0,0,0
122162,1,1,1997,0,0,0,0,0,0,0,0,0,0
122162,2,1,1997,0,0,0,0,0,0,0,0,0,0
122162,3,1,1997,0,0,0,0,0,0,0,0,0,0
122163,1,1,1997,0,0,0,0,0,0,0,0,0,0
122163,2,1,1997,0,0,0,6,0,0,0,0,0,0
122164,1,1,1997,0,0,0,0,0,0,0,0,0,0
122164,2,1,1997,0,0,0,0,0,0,0,0,0,0
122165,1,1,1997,0,10,0,0,0,0,0,0,0,0
122165,2,1,1997,0,0,0,0,0,0,0,5,0,0
122165,3,1,1997,0,0,0,0,0,0,0,0,0,0
122166,1,1,1997,26,26,26,26,26,26,26,26,26,26
122166,2,1,1997,0,0,0,0,0,0,0,0,0,0
122167,1,1,1997,0,0,0,0,0,0,0,0,0,0
122167,2,1,1997,0,0,0,0,0,0,0,0,0,0
122168,1,1,1997,0,0,0,0,0,0,0,0,0,0
122168,2,1,1997,0,0,0,0,0,0,0,0,0,0
122168,3,1,1997,0,0,0,0,0,0,0,0,0,0
122168,4,1,1997,0,0,0,0,0,0,0,0,0,0
122168,5,1,1997,0,0,0,0,0,0,0,0,0,0
122169,0,1,1997,36,36,36,36,36,36,36,36,36,36
122169,1,1,1997,0,0,0,0,0,0,0,0,0,0
122170,1,1,1997,0,0,0,0,0,0,0,0,0,0
122170,2,1,1997,9,0,0,0,0,0,0,0,0,0
122171,1,1,1997,0,0,0,0,0,0,0,0,0,0
122171,2,1,1997,0,0,0,0,0,0,0,0,0,0
122171,3,1,1997,0,0,0,0,0,0,0,0,0,0
122172,0,1,1997,37,0,0,0,0,0,0,0,0,0
122172,1,1,1997,0,0,0,0,0,0,0,0,0,0
122173,0,1,1997,13,13,13,13,13,13,13,13,13,13
122173,1,1,1997,0,0,0,0,0,0,0,0,0,0
122174,1,1,1997,23,0,0,14,9,3,0,21,11,16
122175,1,1,1997,0,0,4,0,0,0,0,0,0,0
122175,2,1,1997,0,0,0,0,0,0,0,0,0,0
122175,3,1,1997,0,0,0,0,0,0,0,0,0,0
122176,0,1,1997,0,0,0,0,0,0,0,0,0,0
122176,1,1,1997,0,0,0,0,0,0,0,0,0,0
122177,1,1,1997,19,19,19,19,19,19,19,19,19,19
122177,2,1,1997,0,0,0,0,0,0,0,0,0,0
122178,1,1,1997,0,0,0,0,0,0,0,0,0,0
122178,2,1,1997,0,0,0,0,0,0,0,0,0,0
122179,1,1,1997,0,0,12,0,0,0,0,0,0,0
122179,2,1,1997,0,0,0,0,0,0,0,0,0,0
122180,1,1,1997,11,0,0,0,0,0,0,0,0,0
122181,1,1,1997,0,0,0,0,0,0,0,0,0,0
122181,2,1,1997,0,0,0,0,0,0,0,0,0,0
122182,1,1,1997,0,0,0,0,0,0,0,0,0,0
122182,2,1,1997,0,0,0,0,0,0,0,0,0,0
122183,1,1,1997,0,0,0,0,6,16,0,0,0,0
122184,1,1,1997,19,19,19,19,19,19,19,19,19,19
122184,2,1,1997,17,17,17,17,17,17,17,17,17,17
122185,1,1,1997,29,29,29,29,29,29,29,29,29,29
122186,1,1,1997,0,0,10,0,0,0,0,0,0,0
122186,2,1,1997,15,0,0,0,0,0,0,0,0,0
122187,1,1,1997,12,12,12,12,12,12,12,12,12,12
122188,0,1,1997,16,16,16,16,16,16,16,16,16,16
122188,1,1,1997,0,0,0,0,0,0,0,0,0,0
122189,0,1,1997,19,19,19,19,19,19,19,19,19,19
122189,1,1,1997,0,0,0,0,0,0,0,0,0,11
122190,1,1,1997,0,0,25,0,0,0,0,0,0,0
122190,2,1,1997,0,0,0,0,7,0,0,0,0,0
122191,1,1,1997,0,0,0,0,20,0,0,0,0,0
122192,1,1,1997,12,0,0,0,0,0,0,0,0,0
122192,2,1,1997,0,0,0,0,0,0,0,0,0,0
122193,1,1,1997,0,0,0,0,0,0,0,0,0,0
122193,2,1,1997,0,0,0,0,0,0,0,0,0,0
122194,1,1,1997,0,0,0,0,0,0,0,0,0,0
122195,1,1,1997,0,0,5,0,0,0,0,0,0,0
122195,2,1,1997,0,0,0,0,0,0,0,0,0,0
122196,1,1,1997,0,0,0,0,0,0,0,0,11,0
122197,1,1,1997,0,0,0,0,0,0,0,23,0,0
122197,2,1,1997,0,0,0,0,0,0,0,0,0,0
122198,1,1,1997,17,0,0,0,17,0,0,17,0,0
122198,2,1,1997,0,0,0,0,0,0,0,0,0,0
122199,1,1,1997,0,0,0,0,0,0,0,0,0,0
122199,2,1,1997,0,0,0,0,0,0,0,0,0,0
122200,1,1,1997,0,0,0,0,0,0,0,0,0,0
122201,0,1,1997,1,1,1,1,1,1,1,1,1,1
122201,1,1,1997,0,0,0,0,0,0,0,0,0,0
122202,1,1,1997,21,11,0,0,0,9,11,10,15,0
122203,0,1,1997,0,0,0,0,0,0,0,0,0,0
122203,1,1,1997,0,0,0,0,0,0,0,0,0,0
122204,0,1,1997,0,17,0,0,0,0,9,0,0,0
122204,1,1,1997,0,0,0,0,0,0,0,6,0,0
122205,1,1,1997,2,2,2,2,2,2,2,2,2,2
122205,2,1,1997,0,0,0,0,0,0,0,0,0,0
122206,1,1,1997,0,0,0,0,0,0,0,0,0,0
122206,2,1,1997,0,0,0,0,0,0,0,0,0,0
122207,1,1,1997,0,0,0,0,0,0,0,0,0,0
122208,1,1,1997,0,0,0,0,0,0,0,0,0,0
122208,2,1,1997,0,0,0,0,0,0,0,0,0,0
122209,0,1,1997,27,27,27,27,27,27,27,27,27,27
122209,1,1,1997,0,0,0,0,0,0,0,0,0,16
122210,1,1,1997,0,0,0,0,0,0,0,0,0,0
122211,1,1,1997,0,0,0,0,0,0,0,0,0,0
122212,1,1,1997,0,0,0,0,0,0,0,0,0,0
122212,2,1,1997,0,0,0,0,0,0,0,0,0,0
122213,0,1,1997,0,0,0,0,0,0,0,0,0,0
122213,1,1,1997,0,0,0,0,0,0,0,0,0,0
122214,1,1,1997,24,24,24,24,24,24,24,24,24,24
122215,1,1,1997,9,9,9,9,9,9,9,9,9,9
122215,2,1,1997,0,0,0,0,0,0,0,0,0,0
122216,1,1,1997,0,0,0,0,11,0,0,0,0,0
122216,2,1,1997,0,0,24,0,0,0,0,0,0,0
122217,1,1,1997,31,31,31,31,31,31,31,31,31,31
122217,2,1,1997,6,13,0,0,16,0,0,18,0,16
122217,3,1,1997,0,0,0,0,0,0,0,0,0,0
122217,4,1,1997,2,0,0,0,0,0,0,0,0,0
122217,5,1,1997,0,0,0,0,0,0,0,13,0,0
122217,6,1,1997,0,0,0,0,0,0,0,0,0,0
122218,0,1,1997,0,0,0,0,0,0,0,0,0,0
122218,1,1,1997,0,0,0,0,0,0,0,0,0,0
122219,0,1,1997,0,0,0,0,0,0,0,0,0,0
122219,1,1,1997,0,0,0,0,0,0,0,0,0,0
122220,1,1,1997,0,0,13,0,0,0,0,0,0,0
122220,2,1,1997,0,0,0,0,0,0,0,0,0,0
122221,0,1,1997,0,0,11,8,0,13,0,0,25,21
122221,1,1,1997,0,0,0,0,0,0,0,0,0,0
122222,1,1,1997,0,0,0,0,0,0,0,0,0,0
122222,2,1,1997,0,0,0,0,0,0,0,0,0,0
122223,0,1,1997,0,0,0,0,0,0,0,0,0,0
122223,1,1,1997,0,16,0,0,2,0,0,0,0,0
122224,0,1,1997,27,27,27,27,27,27,27,27,27,27
122224,1,1,1997,0,0,0,0,0,0,0,0,0,0
122225,0,1,1997,0,28,20,0,0,0,0,0,0,20
122225,1,1,1997,0,0,0,0,0,0,0,0,0,0
122226,0,1,1997,0,0,0,0,0,25,0,24,0,38
122226,1,1,1997,0,0,0,0,0,0,0,0,0,0
122227,1,1,1997,0,0,0,0,0,0,0,0,0,0
122227,2,1,1997,0,0,0,0,0,0,0,0,0,10
122228,0,1,1997,0,0,0,0,0,0,0,0,0,0
122228,1,1,1997,0,0,4,0,0,0,0,0,0,0
122229,1,1,1997,0,0,0,0,0,0,0,0,0,0
122229,2,1,1997,0,0,0,0,20,0,0,0,24,0
122230,2,1,1997,0,0,0,0,0,0,0,0,0,0
122230,3,1,1997,0,0,0,0,0,0,0,0,0,0
122231,0,1,1997,0,0,0,0,0,0,0,0,0,0
122231,1,1,1997,0,0,0,0,0,0,0,0,0,0
122232,0,1,1997,0,0,0,0,0,0,0,0,0,0
122232,1,1,1997,0,0,24,0,7,0,0,0,0,0
122233,1,1,1997,17,17,17,17,17,17,17,17,17,17
122233,2,1,1997,0,0,0,0,0,0,0,0,0,0
122234,1,1,1997,0,0,0,0,0,0,0,0,0,10
122235,1,1,1997,0,0,0,0,0,0,0,0,0,0
122235,2,1,1997,0,0,0,0,0,0,0,0,0,0
122236,1,1,1997,0,0,0,0,0,0,0,0,0,0
122236,2,1,1997,0,0,0,18,0,0,0,0,0,0
122237,1,1,1997,17,17,17,17,17,17,17,17,17,17
122238,1,1,1997,6,0,0,0,17,24,39,9,0,0
122238,2,1,1997,0,0,22,0,0,0,0,0,0,25
122239,1,1,1997,15,15,15,15,15,15,15,15,15,15
122240,1,1,1997,0,0,0,0,0,0,0,0,0,0
122240,2,1,1997,0,0,0,0,0,0,0,0,0,0
122241,1,1,1997,8,8,8,8,8,8,8,8,8,8
122241,2,1,1997,0,0,0,0,0,0,0,0,0,0
122242,1,1,1997,10,10,10,10,10,10,10,10,10,10
122242,2,1,1997,0,0,0,0,0,0,0,0,0,0
122243,0,1,1997,0,0,0,0,0,0,0,0,0,0
122243,2,1,1997,0,0,0,0,0,0,0,0,0,0
122244,1,1,1997,0,0,0,0,0,0,0,0,0,0
122244,2,1,1997,0,0,0,0,0,0,0,0,0,0
122245,1,1,1997,0,0,0,0,0,0,0,0,0,0
122245,2,1,1997,0,0,0,9,0,0,0,0,0,0
122246,1,1,1997,0,0,0,0,0,0,0,0,0,0
122246,2,1,1997,0,0,0,0,0,0,0,0,0,0
122247,1,1,1997,0,0,0,0,0,0,0,0,0,0
122248,1,1,1997,3,3,3,3,3,3,3,3,3,3
122248,2,1,1997,0,0,0,0,0,0,0,0,0,0
122248,3,1,1997,0,0,0,10,0,0,0,0,0,9
122249,1,1,1997,7,7,7,7,7,7,7,7,7,7
122249,2,1,1997,0,0,0,0,0,0,0,0,0,0
122250,1,1,1997,0,0,10,0,0,26,0,15,0,10
122250,2,1,1997,0,0,0,0,0,0,19,14,0,0
122251,1,1,1997,0,0,0,0,0,0,0,0,0,0
122252,0,1,1997,0,0,0,0,0,0,0,0,0,0
122252,1,1,1997,0,0,0,0,0,0,0,0,0,0
122253,1,1,1997,16,0,0,11,0,0,0,0,0,0
122254,1,1,1997,22,17,0,9,0,2,0,20,0,0
122255,1,1,1997,4,4,4,4,4,4,4,4,4,4
122256,0,1,1997,0,0,0,0,0,0,0,0,0,0
122256,1,1,1997,0,0,0,0,0,0,0,0,0,0
122257,1,1,1997,0,0,0,6,24,0,0,5,0,0
122258,1,1,1997,1,1,1,1,1,1,1,1,1,1
122259,1,1,1997,0,0,0,26,0,0,0,0,0,0
122260,1,1,1997,0,0,0,0,0,0,0,0,0,0
122260,2,1,1997,0,0,0,0,0,0,0,0,0,0
122261,0,1,1997,0,0,0,0,0,0,0,0,0,0
122261,1,1,1997,0,0,0,0,0,0,0,0,0,0
122261,2,1,1997,0,0,0,0,0,0,0,0,0,0
122261,3,1,1997,0,0,0,0,0,0,0,0,0,0
122262,1,1,1997,32,32,32,32,32,32,32,32,32,32
122262,2,1,1997,0,0,0,0,0,0,0,0,0,0
122262,3,1,1997,0,0,13,0,0,0,0,0,0,0
122263,1,1,1997,0,0,11,0,0,0,0,0,0,0
122264,1,1,1997,0,0,0,23,9,8,17,0,0,0
122264,2,1,1997,0,0,0,0,0,1,0,0,0,0
122265,1,1,1997,18,0,0,0,0,32,21,0,0,0
122265,2,1,1997,0,0,0,0,0,0,0,16,0,0
122266,0,1,1997,27,27,27,27,27,27,27,27,27,27
122266,1,1,1997,5,5,5,5,5,5,5,5,5,5
122267,0,1,1997,0,0,26,19,0,0,0,18,0,20
122267,1,1,1997,0,0,0,0,0,0,0,0,0,0
122268,1,1,1997,0,0,0,0,0,0,0,0,0,0
122268,2,1,1997,0,0,0,0,0,0,0,0,0,0
122269,1,1,1997,0,0,0,0,0,0,0,0,0,0
122269,2,1,1997,0,0,0,0,0,0,0,0,0,0
122269,3,1,1997,0,0,0,0,0,0,0,0,0,0
122269,4,1,1997,0,0,0,0,0,0,0,0,0,0
122269,5,1,1997,0,0,0,0,0,0,0,0,0,0
122270,1,1,1997,14,0,0,0,18,0,0,0,20,0
122270,2,1,1997,0,0,0,21,0,12,0,18,0,15
122271,1,1,1997,0,0,0,0,0,0,0,0,0,0
122271,2,1,1997,0,0,0,0,0,0,0,0,0,0
122272,0,1,1997,0,0,0,0,0,0,0,0,0,0
122272,1,1,1997,0,0,0,0,0,0,0,0,0,0
122273,0,1,1997,1,1,1,1,1,1,1,1,1,1
122273,0,2,1997,1,1,1,1,1,1,1,1,1,1
122273,1,1,1997,24,0,0,0,0,10,11,0,6,14
122274,1,1,1997,2,2,2,2,2,2,2,2,2,2
122274,2,1,1997,7,7,7,7,7,7,7,7,7,7
122275,1,1,1997,0,0,0,0,0,0,0,0,0,0
122275,2,1,1997,0,0,0,0,0,0,0,0,0,0
122276,0,1,1997,0,0,0,0,0,0,0,0,0,0
122276,1,1,1997,0,0,0,0,0,0,0,0,0,0
122277,1,1,1997,23,23,23,23,23,23,23,23,23,23
122277,2,1,1997,0,0,0,0,0,0,0,0,0,0
122278,1,1,1997,0,0,0,0,0,0,0,0,0,0
122278,2,1,1997,0,0,0,0,0,0,0,0,0,0
122279,1,1,1997,10,22,0,16,0,0,0,0,0,0
122280,1,1,1997,0,0,0,0,0,0,0,0,0,0
122280,2,1,1997,0,0,0,0,0,0,0,0,0,0
122281,1,1,1997,0,0,0,0,0,0,0,0,0,0
122281,2,1,1997,9,9,9,9,9,9,9,9,9,9
122282,1,1,1997,14,14,14,14,14,14,14,14,14,14
122283,1,1,1997,8,8,8,8,8,8,8,8,8,8
122283,2,1,1997,13,13,13,13,13,13,13,13,13,13
122284,1,1,1997,0,0,0,0,0,0,0,0,0,0
122284,2,1,1997,0,13,7,0,0,0,0,0,0,0
122285,1,1,1997,0,0,0,0,0,0,0,0,0,0
122286,1,1,1997,0,0,0,0,0,0,0,0,0,0
122287,0,1,1997,0,14,34,24,0,0,22,7,0,27
122287,1,1,1997,0,0,0,0,0,0,0,0,0,0
122287,2,1,1997,0,0,0,0,0,0,0,0,0,0
122288,1,1,1997,13,13,13,13,13,13,13,13,13,13
122289,0,1,1997,11,11,11,11,11,11,11,11,11,11
122289,1,1,1997,0,0,0,0,0,0,0,0,0,0
122290,0,1,1997,0,0,8,0,0,0,0,0,0,0
122290,1,1,1997,0,0,0,0,0,0,0,0,0,7
122291,1,1,1997,0,0,0,0,0,0,0,0,0,0
122292,1,1,1997,18,18,18,18,18,18,18,18,18,18
122292,2,1,1997,0,0,0,0,0,0,0,0,0,0
122293,0,1,1997,0,0,0,0,0,0,0,0,0,0
122293,1,1,1997,0,0,0,0,0,0,0,0,0,0
122294,1,1,1997,19,19,19,19,19,19,19,19,19,19
122295,1,1,1997,19,0,20,7,0,0,0,0,0,0
122295,2,1,1997,0,0,0,0,0,0,0,0,0,0
122296,0,1,1997,0,20,0,0,0,0,0,0,0,0
122296,1,1,1997,0,0,0,0,0,0,0,0,0,0
122297,1,1,1997,0,0,0,0,0,0,0,0,0,0
122297,2,1,1997,0,0,0,0,0,0,0,0,0,0
122298,0,1,1997,0,0,0,0,0,0,0,0,41,0
122298,1,1,1997,0,0,0,0,0,0,0,0,0,0
122298,2,1,1997,0,0,0,0,0,0,0,0,0,0
122299,1,1,1997,0,0,0,0,0,0,0,0,0,0
122300,0,1,1997,0,0,0,0,0,0,0,0,0,0
122300,1,1,1997,0,11,0,0,4,0,14,0,15,0
122301,1,1,1997,26,26,26,26,26,26,26,26,26,26
122302,1,1,1997,7,14,12,11,17,14,10,28,15,6
122303,1,1,1997,0,0,0,0,0,0,13,0,7,0
122303,2,1,1997,0,6,0,0,0,0,0,0,0,0
122304,0,1,1997,0,0,0,0,0,0,20,0,0,0
122304,1,1,1997,0,0,0,0,0,0,0,0,0,0
122305,0,1,1997,24,0,0,0,0,18,30,0,25,3
122305,1,1,1997,0,0,0,0,0,0,0,0,0,0
122306,0,1,1997,8,8,8,8,8,8,8,8,8,8
122306,1,1,1997,0,0,0,0,0,0,0,0,0,0
122307,1,1,1997,0,0,0,0,0,0,0,0,0,0
122307,2,1,1997,0,0,0,0,0,0,0,0,0,0
122307,3,1,1997,18,0,0,23,9,21,0,20,0,0
122308,1,1,1997,0,0,0,0,0,0,0,0,0,0
122308,2,1,1997,0,0,0,0,4,0,0,0,0,0
122309,1,1,1997,13,0,0,0,0,0,0,37,0,0
122309,2,1,1997,0,0,0,0,0,0,0,0,0,0
122310,1,1,1997,23,23,23,23,23,23,23,23,23,23
122311,1,1,1997,0,0,0,0,0,0,0,0,0,0
122312,0,1,1997,0,0,0,0,0,0,0,0,0,0
122312,1,1,1997,0,0,0,0,0,0,0,0,7,0
122312,2,1,1997,0,0,0,0,0,0,0,0,0,0
122313,1,1,1997,0,0,0,0,0,0,0,0,0,0
122314,1,1,1997,14,14,14,14,14,14,14,14,14,14
122314,2,1,1997,0,0,0,0,0,0,0,0,0,0
122315,1,1,1997,0,0,0,0,0,0,0,0,0,0
122315,2,1,1997,0,0,0,0,0,0,0,0,0,0
122316,1,1,1997,0,0,0,0,0,0,0,0,0,0
122316,2,1,1997,0,0,0,0,0,0,0,0,0,0
122317,1,1,1997,16,16,16,16,16,16,16,16,16,16
122317,2,1,1997,0,0,0,0,0,0,0,0,0,0
122318,1,1,1997,0,0,0,0,0,0,0,0,0,0
122318,2,1,1997,0,0,0,19,0,0,0,0,0,0
122319,0,1,1997,0,0,0,0,0,0,0,0,0,0
122319,1,1,1997,0,0,0,0,0,0,0,0,0,0
122320,1,1,1997,0,0,0,0,0,0,0,0,0,0
122320,2,1,1997,0,0,0,0,0,0,0,0,0,0
122321,1,1,1997,0,0,0,0,0,0,0,0,0,0
122321,2,1,1997,0,0,0,0,0,0,0,0,0,0
122322,1,1,1997,0,0,0,0,0,0,0,0,0,0
122322,2,1,1997,0,0,0,0,0,10,0,0,0,0
122323,1,1,1997,0,0,0,0,0,0,0,0,0,0
122323,2,1,1997,0,0,0,0,0,0,0,0,0,0
122324,0,1,1997,0,13,0,0,0,0,0,12,17,0
122324,1,1,1997,0,0,0,0,0,0,0,0,0,0
122325,0,1,1997,0,0,0,0,0,0,0,0,0,0
122325,1,1,1997,0,0,0,0,0,0,0,0,0,0
122326,0,1,1997,0,22,16,0,30,12,0,11,0,40
122326,0,2,1997,22,16,13,0,21,25,17,20,16,23
122326,1,1,1997,0,0,0,0,0,0,0,0,0,0
122327,1,1,1997,4,4,4,4,4,4,4,4,4,4
122328,1,1,1997,0,0,0,0,0,0,0,0,0,0
122328,2,1,1997,0,0,6,19,0,0,0,0,0,0
122329,0,1,1997,17,29,0,0,0,14,0,0,0,0
122329,1,1,1997,0,0,0,0,0,0,0,0,0,11
122330,1,1,1997,0,0,0,0,0,0,0,0,0,0
122330,2,1,1997,17,0,0,0,0,0,0,0,0,0
122330,3,1,1997,0,0,0,0,0,0,0,0,0,0
122330,4,1,1997,0,0,0,0,0,0,0,0,0,0
122331,1,1,1997,5,5,5,5,5,5,5,5,5,5
122331,2,1,1997,0,0,0,0,11,0,0,0,0,0
122331,3,1,1997,0,5,0,0,0,0,14,6,0,0
122332,1,1,1997,0,0,0,0,0,0,0,0,0,0
122332,2,1,1997,0,0,0,0,0,0,0,0,0,0
122332,3,1,1997,0,0,0,0,0,0,0,0,0,0
122333,0,1,1997,0,0,0,0,0,0,0,0,0,0
122333,1,1,1997,0,0,0,0,0,0,0,0,0,0
122334,1,1,1997,0,0,0,7,0,0,0,0,0,0
122334,2,1,1997,12,0,9,0,0,0,0,0,0,0
122335,1,1,1997,0,0,0,0,0,0,0,0,0,0
122335,2,1,1997,0,0,0,0,0,0,0,0,0,0
122336,1,1,1997,0,0,0,0,0,0,0,0,0,0
122336,2,1,1997,0,0,0,0,0,0,0,0,0,0
122336,3,1,1997,0,0,0,0,0,0,0,0,0,0
122337,1,1,1997,0,0,0,0,0,0,0,0,0,0
122337,2,1,1997,0,0,0,0,0,0,0,0,0,0
122338,1,1,1997,34,34,34,34,34,34,34,34,34,34
122339,1,1,1997,0,0,0,0,0,0,0,0,0,0
122339,2,1,1997,0,0,0,0,0,0,0,0,0,0