ST_CASE,VEH_NO,PER_NO,YEAR,P1,P2,P3,P4,P5,P6,P7,P8,P9,P10
130878,3,1,1997,0,0,0,0,0,0,0,0,0,0
130879,1,1,1997,17,17,17,17,17,17,17,17,17,17
130879,2,1,1997,0,0,0,0,0,0,0,0,0,0
130880,1,1,1997,19,19,19,19,19,19,19,19,19,19
130881,1,1,1997,17,17,17,17,17,17,17,17,17,17
130882,1,1,1997,3,3,3,3,3,3,3,3,3,3
130882,2,1,1997,0,0,0,0,0,0,0,0,0,0
130883,1,1,1997,0,0,0,0,0,0,0,0,0,0
130883,2,1,1997,0,0,0,0,0,0,0,0,0,0
130884,1,1,1997,0,0,0,0,0,0,0,0,0,0
130885,1,1,1997,0,0,0,0,0,0,0,0,0,0
130885,2,1,1997,0,0,0,0,0,0,0,0,0,0
130886,1,1,1997,18,0,14,16,12,12,21,28,10,0
130886,2,1,1997,0,0,0,0,0,0,0,0,0,0
130887,1,1,1997,17,17,17,17,17,17,17,17,17,17
130888,1,1,1997,13,13,13,13,13,13,13,13,13,13
130889,1,1,1997,0,0,0,0,0,0,0,0,0,0
130889,2,1,1997,0,0,0,0,0,0,0,0,0,0
130890,1,1,1997,29,29,29,29,29,29,29,29,29,29
130891,0,1,1997,0,0,0,0,0,0,0,0,0,0
130891,1,1,1997,0,0,0,30,0,0,0,0,0,0
130892,0,1,1997,26,26,26,26,26,26,26,26,26,26
130892,1,1,1997,0,0,0,0,0,0,0,0,0,0
130893,1,1,1997,2,2,2,2,2,2,2,2,2,2
130894,1,1,1997,23,23,23,23,23,23,23,23,23,23
130895,1,1,1997,5,5,0,3,13,6,0,0,0,8
130896,1,1,1997,0,0,0,0,0,0,0,0,28,0
130897,1,1,1997,0,0,0,0,0,0,0,0,0,0
130898,1,1,1997,12,12,12,12,12,12,12,12,12,12
130899,1,1,1997,26,26,26,26,26,26,26,26,26,26
130900,0,1,1997,0,0,0,0,0,0,0,0,0,0
130900,1,1,1997,0,0,0,0,0,0,0,0,0,0
130901,1,1,1997,0,0,0,0,0,0,0,0,0,0
130901,2,1,1997,0,0,0,0,0,0,0,0,0,0
130902,1,1,1997,0,0,0,0,0,0,0,0,0,0
130902,2,1,1997,0,0,0,0,0,0,0,0,0,0
130903,1,1,1997,0,0,0,0,0,0,0,0,0,0
130904,1,1,1997,0,0,0,0,0,0,0,0,0,0
130904,2,1,1997,3,3,3,3,3,3,3,3,3,3
130905,1,1,1997,0,0,0,0,0,0,0,0,0,0
130905,2,1,1997,0,0,0,0,0,0,0,0,0,0
130905,3,1,1997,0,0,0,0,0,0,0,0,0,0
130906,1,1,1997,3,3,3,3,3,3,3,3,3,3
130907,1,1,1997,0,0,0,0,0,0,0,0,0,0
130907,2,1,1997,0,0,0,0,0,0,0,0,0,0
130908,1,1,1997,0,0,0,0,0,0,0,0,0,0
130908,2,1,1997,0,0,0,0,0,0,0,0,0,0
130908,3,1,1997,0,0,0,0,0,0,0,0,0,0
130908,4,1,1997,0,0,0,0,0,0,0,0,0,0
130909,0,1,1997,0,0,0,0,0,0,0,0,0,0
130909,1,1,1997,0,0,0,0,0,0,0,0,0,0
130910,1,1,1997,0,0,0,0,0,0,0,0,0,0
130911,1,1,1997,0,0,0,0,0,0,0,0,0,0
130911,2,1,1997,0,0,0,0,0,0,0,0,0,0
130911,3,1,1997,0,0,0,0,0,0,0,0,0,0
130912,0,1,1997,0,0,0,0,0,0,0,0,0,0
130912,1,1,1997,16,4,5,11,0,0,8,12,8,14
130913,1,1,1997,0,0,2,0,0,0,0,0,0,0
130913,2,1,1997,0,0,0,0,0,0,0,0,0,0
130913,3,1,1997,0,0,0,0,0,0,0,0,0,0
130914,1,1,1997,0,0,0,0,0,0,0,0,0,0
130915,1,1,1997,0,0,0,0,0,0,0,0,0,0
130915,2,1,1997,0,0,0,0,0,0,0,0,0,0
130915,3,1,1997,0,0,0,0,0,0,0,0,0,0
130915,4,1,1997,0,0,0,0,0,0,0,0,0,0
130916,1,1,1997,0,0,0,0,0,0,0,0,0,0
130916,2,1,1997,0,0,0,0,0,0,0,0,0,0
130917,1,1,1997,0,0,0,0,0,0,0,0,0,0
130917,2,1,1997,0,0,0,0,0,0,0,0,0,0
130918,1,1,1997,0,0,0,0,0,0,0,0,0,0
130918,2,1,1997,0,0,0,0,0,0,0,0,0,0
130919,1,1,1997,0,0,0,0,0,0,0,0,0,0
130919,2,1,1997,0,0,0,0,0,0,0,7,0,0
130920,1,1,1997,11,11,11,11,11,11,11,11,11,11
130921,1,1,1997,17,0,15,11,0,13,26,6,9,0
130922,1,1,1997,19,19,19,19,19,19,19,19,19,19
130923,1,1,1997,3,3,3,3,3,3,3,3,3,3
130924,1,1,1997,20,20,20,20,20,20,20,20,20,20
130925,1,1,1997,0,0,0,0,0,0,0,0,0,0
130925,2,1,1997,0,0,0,0,0,0,0,0,0,0
130926,1,1,1997,0,0,0,0,0,0,0,0,0,0
130926,2,1,1997,0,0,0,0,0,0,0,0,0,0
130927,1,1,1997,0,0,0,25,0,0,0,0,0,0
130928,1,1,1997,0,0,0,0,0,0,0,0,0,0
130928,2,1,1997,0,0,0,0,0,0,0,0,0,0
130929,1,1,1997,0,0,0,0,0,0,0,0,0,0
130929,2,1,1997,0,0,0,0,0,0,0,0,0,0
130929,3,1,1997,0,0,0,0,0,0,0,0,0,0
130930,1,1,1997,0,0,0,0,0,0,0,0,0,0
130931,1,1,1997,0,0,0,0,0,0,0,0,0,0
130931,2,1,1997,0,0,0,0,0,0,0,0,0,0
130932,1,1,1997,0,0,0,0,0,0,0,0,0,0
130933,1,1,1997,0,0,0,0,0,0,0,0,0,0
130934,1,1,1997,0,0,0,0,0,0,0,0,0,0
130934,2,1,1997,0,0,0,0,0,0,0,0,0,0
130935,0,1,1997,0,0,0,0,0,0,0,0,0,0
130935,1,1,1997,0,0,0,0,0,0,0,0,0,0
130936,1,1,1997,3,3,3,3,3,3,3,3,3,3
130937,0,1,1997,11,24,33,17,25,16,14,0,18,0
130937,1,1,1997,0,0,0,0,0,0,15,0,0,0
130938,1,1,1997,0,0,0,0,0,31,0,0,4,26
130938,2,1,1997,0,0,0,0,0,0,19,0,0,0
130939,1,1,1997,0,0,0,0,0,0,0,0,0,0
130939,2,1,1997,0,0,0,0,0,0,0,0,0,0
130939,3,1,1997,0,0,0,0,0,0,0,0,0,0
130939,4,1,1997,0,0,0,0,0,0,0,0,0,0
130940,1,1,1997,0,0,0,0,0,0,0,9,0,0
130940,2,1,1997,0,0,0,0,0,0,0,0,0,0
130941,1,1,1997,0,0,0,0,0,0,0,0,0,0
130941,2,1,1997,0,0,0,0,0,0,0,0,0,0
130942,1,1,1997,0,0,0,0,0,0,0,0,0,0
130943,1,1,1997,0,0,0,0,0,0,0,0,0,0
130943,2,1,1997,26,0,0,0,0,0,0,0,0,0
130944,1,1,1997,0,0,0,0,0,0,0,0,0,0
130944,2,1,1997,0,0,0,0,0,0,0,0,0,0
130944,3,1,1997,0,11,0,0,27,0,0,0,0,4
130945,1,1,1997,0,0,0,0,0,0,0,0,0,0
130945,2,1,1997,0,0,0,0,0,0,0,0,0,0
130946,1,1,1997,10,10,10,10,10,10,10,10,10,10
130947,1,1,1997,0,0,0,0,0,0,0,0,0,0
130948,1,1,1997,0,0,0,0,0,0,0,0,0,0
130949,1,1,1997,0,0,0,0,0,0,0,0,0,0
130949,2,1,1997,0,0,0,0,0,0,0,0,0,0
130950,1,1,1997,32,28,18,0,35,7,31,0,29,13
130951,0,1,1997,29,29,29,29,29,29,29,29,29,29
130951,1,1,1997,2,0,0,0,26,0,0,10,0,0
130952,1,1,1997,0,0,0,0,0,0,0,0,0,0
130952,2,1,1997,0,0,0,0,0,0,0,0,0,0
130953,1,1,1997,0,0,0,0,0,0,0,0,0,0
130953,2,1,1997,0,0,0,0,0,0,0,0,0,0
130954,0,1,1997,0,0,0,0,0,0,0,0,0,0
130954,1,1,1997,0,0,0,0,0,0,6,0,4,0
130955,1,1,1997,0,0,0,0,0,0,0,0,0,0
130956,1,1,1997,12,12,12,12,12,12,12,12,12,12
130956,2,1,1997,0,0,0,0,0,0,0,0,0,0
130957,1,1,1997,28,28,28,28,28,28,28,28,28,28
130957,2,1,1997,0,0,0,0,0,0,0,0,0,0
130958,1,1,1997,28,28,28,28,28,28,28,28,28,28
130959,1,1,1997,0,0,0,0,0,0,0,13,0,0
130960,1,1,1997,18,18,18,18,18,18,18,18,18,18
130961,0,1,1997,0,0,0,0,0,0,0,0,0,0
130961,1,1,1997,0,0,0,0,0,0,0,0,0,0
130962,1,1,1997,0,0,0,0,0,0,0,0,0,0
130962,2,1,1997,0,0,0,0,0,0,0,0,0,0
130963,0,1,1997,25,25,25,25,25,25,25,25,25,25
130963,1,1,1997,0,0,0,0,0,0,0,0,0,0
130964,1,1,1997,0,0,0,0,0,0,0,0,0,0
130965,1,1,1997,9,9,9,9,9,9,9,9,9,9
130965,2,1,1997,0,0,0,0,0,0,0,0,0,0
130966,1,1,1997,0,0,0,0,0,0,0,0,0,0
130967,0,1,1997,0,0,0,0,0,0,0,0,0,21
130967,0,2,1997,0,0,0,34,24,0,0,34,0,0
130967,1,1,1997,0,0,0,0,0,0,0,0,0,0
130968,1,1,1997,29,29,29,29,29,29,29,29,29,29
130969,0,1,1997,30,30,30,30,30,30,30,30,30,30
130969,1,1,1997,0,0,0,0,0,0,0,0,0,0
130970,0,1,1997,32,32,32,32,32,32,32,32,32,32
130970,1,1,1997,0,0,0,0,0,0,0,0,0,0
130971,1,1,1997,0,0,0,0,0,0,15,0,0,0
130972,1,1,1997,0,0,0,0,0,0,11,0,0,0
130972,2,1,1997,0,0,0,0,0,0,0,0,0,0
130973,1,1,1997,0,0,0,0,0,0,0,0,0,0
130973,2,1,1997,0,0,0,0,0,0,0,0,0,0
130974,1,1,1997,0,0,0,0,0,0,0,0,0,0
130975,1,1,1997,0,0,0,0,0,0,0,0,0,0
130975,2,1,1997,0,0,0,0,0,0,0,0,0,0
130976,1,1,1997,21,34,22,7,19,0,20,15,0,9
130977,0,1,1997,0,0,0,0,0,0,0,0,0,0
130977,1,1,1997,0,0,0,0,0,0,0,0,0,0
130978,0,1,1997,26,26,26,26,26,26,26,26,26,26
130978,1,1,1997,0,0,0,0,0,0,0,0,0,0
130978,2,1,1997,0,0,0,0,0,0,0,0,0,0
130979,1,1,1997,0,12,0,22,16,19,11,0,0,10
130980,1,1,1997,0,0,0,0,0,0,0,0,0,0
130980,2,1,1997,0,0,0,0,0,0,0,0,0,0
130981,1,1,1997,0,0,0,0,0,0,0,0,0,0
130981,2,1,1997,0,0,0,0,0,0,0,0,0,0
130982,1,1,1997,0,0,0,0,0,0,0,0,3,0
130982,2,1,1997,0,0,0,0,0,0,0,0,0,0
130983,1,1,1997,0,0,0,0,0,0,0,0,0,0
130983,2,1,1997,0,0,0,0,0,0,0,0,0,0
130984,1,1,1997,0,15,0,0,0,0,0,0,0,0
130984,2,1,1997,0,0,0,0,0,0,0,0,0,0
130984,3,1,1997,0,0,0,0,0,0,0,0,0,0
130985,1,1,1997,0,0,0,0,0,0,0,0,0,0
130985,2,1,1997,19,0,0,0,0,0,0,0,0,0
130985,3,1,1997,0,0,0,0,0,0,0,0,0,0
130986,0,1,1997,0,0,0,20,0,0,0,0,0,27
130986,1,1,1997,0,0,0,0,0,0,0,0,0,0
130987,1,1,1997,0,0,0,0,0,0,0,0,0,0
130987,2,1,1997,0,0,0,0,0,0,0,0,0,0
130988,0,1,1997,9,9,9,9,9,9,9,9,9,9
130988,1,1,1997,0,0,0,0,0,0,13,0,0,0
130989,1,1,1997,0,0,0,0,0,0,0,0,0,0
130989,2,1,1997,0,0,0,0,0,0,0,0,0,0
130990,1,1,1997,0,0,0,0,0,0,0,0,0,0
130991,0,1,1997,0,0,0,0,0,0,0,0,0,0
130991,1,1,1997,0,0,0,0,0,0,0,0,0,0
130992,1,1,1997,0,0,0,0,0,0,0,0,0,0
130992,2,1,1997,0,0,0,0,0,0,0,0,0,0
130993,1,1,1997,20,0,12,0,0,29,7,36,7,8
130994,1,1,1997,14,14,14,14,14,14,14,14,14,14
130995,1,1,1997,0,0,0,0,0,0,0,0,0,0
130995,2,1,1997,0,0,0,0,0,0,0,0,0,0
130996,1,1,1997,31,31,31,31,31,31,31,31,31,31
130997,1,1,1997,13,13,13,13,13,13,13,13,13,13
130998,1,1,1997,0,0,0,0,0,0,0,0,0,0
130998,2,1,1997,0,0,0,0,0,0,0,0,0,0
130999,1,1,1997,32,32,32,32,32,32,32,32,32,32
131000,1,1,1997,7,7,7,7,7,7,7,7,7,7
131001,1,1,1997,27,27,27,27,27,27,27,27,27,27
131002,1,1,1997,0,0,0,0,0,0,0,0,0,0
131002,2,1,1997,0,0,0,0,0,0,0,0,0,0
131003,1,1,1997,0,0,0,0,0,0,0,0,0,0
131003,2,1,1997,2,2,2,2,2,2,2,2,2,2
131004,1,1,1997,0,0,0,0,0,0,0,0,0,0
131004,2,1,1997,0,0,0,0,0,0,0,0,0,0
131005,1,1,1997,0,0,0,0,0,0,0,0,0,0
131005,2,1,1997,0,0,0,0,0,0,0,0,0,0
131006,1,1,1997,0,0,0,0,0,0,0,0,0,0
131006,2,1,1997,0,0,0,0,0,0,0,0,0,0
131007,1,1,1997,26,0,0,0,0,0,0,16,0,13
131007,2,1,1997,0,0,0,0,0,0,0,0,0,0
131008,1,1,1997,24,24,24,24,24,24,24,24,24,24
131009,0,1,1997,0,0,0,0,0,0,0,0,0,0
131009,1,1,1997,0,0,0,0,0,24,0,0,0,0
131010,1,1,1997,0,0,0,0,0,0,0,0,0,0
131010,2,1,1997,0,0,0,0,0,0,0,0,0,0
131011,0,1,1997,19,19,19,19,19,19,19,19,19,19
131011,1,1,1997,0,0,0,0,0,0,0,0,0,0
131012,0,1,1997,0,0,0,0,0,0,0,17,19,0
131012,1,1,1997,0,0,0,0,0,0,0,0,0,0
131012,2,1,1997,0,0,0,0,0,0,0,0,0,0
131013,1,1,1997,0,0,0,0,0,0,0,0,0,0
131013,2,1,1997,0,0,0,0,0,0,0,0,0,0
131014,1,1,1997,0,0,0,0,0,0,0,0,0,0
131014,2,1,1997,0,0,0,0,0,0,0,0,0,0
131015,1,1,1997,0,0,0,0,0,0,0,0,0,0
131015,2,1,1997,0,0,0,0,0,0,0,0,0,0
131016,1,1,1997,0,0,0,0,0,0,0,0,0,0
131016,2,1,1997,0,0,0,0,0,0,0,0,0,0
131017,1,1,1997,0,0,0,0,0,32,13,5,0,0
131018,1,1,1997,0,0,0,0,0,0,0,0,0,0
131018,2,1,1997,0,0,0,0,0,0,0,0,0,0
131019,1,1,1997,0,0,0,0,0,0,0,0,0,0
131019,2,1,1997,0,0,0,0,0,0,0,0,0,0
131020,1,1,1997,0,0,0,0,0,0,0,0,0,0
131020,2,1,1997,0,0,0,0,0,0,0,0,0,0
131021,1,1,1997,18,18,18,18,18,18,18,18,18,18
131021,2,1,1997,0,0,0,0,0,0,0,0,0,0
131022,1,1,1997,0,0,0,0,0,0,0,0,0,0
131023,1,1,1997,11,11,11,11,11,11,11,11,11,11
131023,2,1,1997,0,0,0,0,0,0,0,0,0,0
131024,0,1,1997,14,0,18,30,19,0,43,19,0,35
131024,1,1,1997,0,0,7,0,0,11,0,0,0,0
131025,1,1,1997,12,0,0,8,0,9,0,14,0,0
131026,1,1,1997,16,16,16,16,16,16,16,16,16,16
131027,1,1,1997,3,3,3,3,3,3,3,3,3,3
131027,2,1,1997,0,0,0,0,0,0,0,0,0,0
131028,1,1,1997,0,0,0,0,0,0,0,0,0,0
131028,2,1,1997,0,0,0,0,0,0,0,0,0,0
131029,1,1,1997,21,22,2,0,16,19,16,15,19,0
131030,1,1,1997,20,20,20,20,20,20,20,20,20,20
131030,2,1,1997,0,0,0,0,0,0,0,0,0,0
131031,1,1,1997,0,0,0,0,0,0,0,0,0,0
131031,2,1,1997,0,0,0,0,0,0,0,0,0,0
131032,1,1,1997,0,0,0,0,0,0,0,0,0,0
131032,2,1,1997,0,0,0,0,0,0,0,0,0,0
131033,0,1,1997,0,0,0,0,0,0,0,0,0,0
131033,1,1,1997,0,0,0,0,0,0,0,0,0,0
131033,2,1,1997,0,0,0,0,0,0,0,0,0,0
131034,1,1,1997,0,0,0,0,0,0,0,0,0,0
131035,1,1,1997,0,0,0,0,0,0,0,0,0,0
131035,2,1,1997,0,0,0,0,0,0,0,0,0,0
131036,0,1,1997,0,0,0,5,0,0,0,0,0,0
131036,0,2,1997,11,0,0,0,0,16,7,21,0,0
131036,1,1,1997,0,0,0,0,0,0,0,0,0,0
131037,1,1,1997,0,0,0,0,0,0,0,0,0,0
131037,2,1,1997,0,0,0,0,0,0,0,0,0,0
131038,1,1,1997,0,0,0,0,0,0,0,5,0,0
131038,2,1,1997,0,0,0,0,0,0,0,0,0,0
131039,0,1,1997,0,0,0,0,0,0,0,0,0,0
131039,1,1,1997,0,0,0,0,0,0,0,0,0,0
131040,2,1,1997,0,0,0,0,0,0,0,0,0,0
131041,1,1,1997,0,0,0,0,0,0,0,0,0,0
131041,2,1,1997,0,0,0,0,0,0,0,0,0,0
131042,1,1,1997,19,19,19,19,19,19,19,19,19,19
131043,1,1,1997,0,0,0,0,0,0,0,0,0,0
131043,2,1,1997,0,0,0,0,0,0,0,0,0,0
131044,1,1,1997,0,0,0,3,13,0,10,0,0,0
131045,1,1,1997,0,0,0,0,0,0,0,0,0,0
131045,2,1,1997,0,0,0,0,0,0,0,0,0,0
131046,1,1,1997,7,10,10,11,8,0,0,27,0,11
131046,2,1,1997,0,0,0,0,0,0,0,0,0,0
131047,1,1,1997,0,0,0,0,0,0,0,0,0,0
131048,1,1,1997,0,0,0,0,0,0,0,0,0,0
131049,0,1,1997,0,0,0,0,0,0,0,0,0,0
131049,1,1,1997,0,0,0,0,0,0,0,0,0,0
131050,1,1,1997,0,0,0,0,0,0,0,0,0,0
131050,2,1,1997,0,0,0,0,0,0,0,0,0,0
131051,1,1,1997,0,0,0,0,0,0,0,0,0,0
131052,1,1,1997,0,17,0,0,0,23,0,0,0,0
131052,2,1,1997,0,0,0,0,0,0,0,0,0,0
131053,0,1,1997,0,0,0,0,0,0,0,0,0,0
131053,1,1,1997,0,0,0,0,0,0,0,0,0,0
131054,1,1,1997,0,29,0,0,5,0,0,0,12,16
131055,1,1,1997,0,0,0,0,0,0,0,0,0,0
131055,2,1,1997,20,20,20,20,20,20,20,20,20,20
131056,1,1,1997,0,0,0,0,14,0,0,0,0,0
131057,1,1,1997,5,5,5,5,5,5,5,5,5,5
131058,1,1,1997,0,0,0,0,0,0,0,0,0,0
131059,1,1,1997,5,0,0,0,8,6,2,0,0,0
131059,2,1,1997,13,13,13,13,13,13,13,13,13,13
131060,1,1,1997,7,7,7,7,7,7,7,7,7,7
131061,0,1,1997,0,0,0,0,0,0,0,0,0,0
131061,1,1,1997,0,0,0,0,0,0,0,0,0,0
131062,1,1,1997,0,0,0,0,0,0,0,0,0,0
131063,1,1,1997,0,0,0,0,0,0,0,0,0,0
131063,2,1,1997,0,0,0,0,0,0,0,0,0,0
131064,1,1,1997,0,0,0,0,0,0,0,0,0,0
131064,2,1,1997,12,17,7,0,8,0,0,0,15,0
131065,1,1,1997,13,13,13,13,13,13,13,13,13,13
131065,2,1,1997,0,0,0,0,0,0,0,0,0,0
131066,0,1,1997,17,0,5,0,0,0,0,0,0,0
131066,1,1,1997,0,0,0,0,0,0,0,0,0,0
131067,1,1,1997,9,9,9,9,9,9,9,9,9,9
131067,2,1,1997,0,0,0,0,0,0,0,0,0,0
131068,1,1,1997,0,25,0,0,0,0,0,0,0,0
131068,2,1,1997,0,0,0,0,0,0,8,0,0,0
131069,0,1,1997,26,12,23,16,27,32,17,28,20,19
131069,1,1,1997,0,0,0,0,0,0,0,0,0,0
131070,1,1,1997,0,0,0,0,0,0,0,0,0,0
131070,2,1,1997,0,0,0,0,0,0,0,0,0,0
131070,3,1,1997,0,0,0,0,0,0,0,0,0,0
131071,0,1,1997,37,37,37,37,37,37,37,37,37,37
131071,1,1,1997,0,0,0,0,0,0,0,0,0,0
131072,0,1,1997,7,7,7,7,7,7,7,7,7,7
131072,1,1,1997,0,0,0,0,0,0,0,0,0,0
131073,1,1,1997,0,0,0,0,0,0,0,0,0,0
131074,1,1,1997,5,5,5,5,5,5,5,5,5,5
131074,2,1,1997,0,0,0,0,0,0,0,0,0,0
131075,1,1,1997,6,6,6,6,6,6,6,6,6,6
131076,1,1,1997,0,0,0,0,0,0,0,0,0,0
131076,2,1,1997,0,0,0,0,0,0,0,0,0,0
131077,1,1,1997,25,25,25,25,25,25,25,25,25,25
131077,2,1,1997,0,0,0,0,0,0,0,0,0,0
131078,1,1,1997,0,5,0,0,0,32,16,0,0,0
131078,2,1,1997,0,0,0,0,0,0,0,0,0,0
131079,1,1,1997,0,0,0,0,0,0,0,0,0,0
131079,2,1,1997,0,0,0,0,0,0,0,0,0,0
131080,1,1,1997,24,24,24,24,24,24,24,24,24,24
131081,1,1,1997,0,0,0,0,0,0,0,0,0,0
131081,2,1,1997,0,0,0,0,0,15,0,0,0,0
131082,0,1,1997,0,0,0,0,0,0,0,0,0,0
131082,1,1,1997,0,0,0,0,0,0,0,0,0,0
131083,1,1,1997,0,0,0,0,0,0,0,0,0,0
131083,2,1,1997,0,0,0,0,0,0,0,0,0,0
131084,1,1,1997,0,0,0,0,0,0,0,0,0,0
131084,2,1,1997,0,0,0,0,0,0,0,0,0,0
131085,0,1,1997,0,0,0,0,0,0,0,0,0,0
131085,1,1,1997,13,13,13,13,13,13,13,13,13,13
131086,1,1,1997,13,13,13,13,13,13,13,13,13,13
131087,1,1,1997,22,22,22,22,22,22,22,22,22,22
131087,2,1,1997,0,0,0,0,0,0,0,0,0,0
131088,1,1,1997,0,0,0,0,0,0,0,0,20,0
131088,2,1,1997,0,0,0,0,0,0,0,0,0,0
131089,0,1,1997,0,6,6,0,0,0,0,0,0,0
131089,1,1,1997,21,21,21,21,21,21,21,21,21,21
131090,1,1,1997,0,0,0,0,0,0,0,0,0,0
131091,1,1,1997,0,0,0,0,0,0,0,0,0,0
131092,1,1,1997,0,0,0,0,0,0,0,0,0,0
131092,2,1,1997,0,0,0,0,0,0,0,0,0,0
131092,3,1,1997,0,0,0,0,0,0,0,0,0,0
131093,1,1,1997,0,0,0,0,0,0,0,0,0,0
131093,2,1,1997,0,0,0,0,0,0,0,0,0,0
131093,3,1,1997,8,8,8,8,8,8,8,8,8,8
131093,4,1,1997,0,0,0,0,0,0,0,0,0,0
131094,1,1,1997,0,0,0,0,0,0,0,0,0,0
131094,2,1,1997,0,0,0,0,0,0,0,0,0,0
131095,0,1,1997,19,19,19,19,19,19,19,19,19,19
131095,1,1,1997,0,0,0,0,0,0,0,0,0,0
131095,2,1,1997,0,12,0,0,0,9,16,0,0,0
131096,0,1,1997,0,0,0,0,0,0,0,0,0,0
131096,1,1,1997,0,0,0,0,0,0,0,0,0,0
131097,1,1,1997,0,0,0,0,0,0,0,0,0,0
131097,2,1,1997,0,0,0,0,0,0,0,0,0,0
131098,1,1,1997,0,0,0,0,0,0,0,0,0,0
131098,2,1,1997,0,0,0,0,0,0,0,0,0,0
131099,1,1,1997,17,11,14,4,5,14,12,18,12,17
131100,0,1,1997,0,0,0,0,0,0,0,0,0,0
131100,1,1,1997,0,0,0,0,0,0,0,0,0,0
131101,1,1,1997,0,0,0,0,0,0,0,0,0,0
131102,1,1,1997,31,31,31,31,31,31,31,31,31,31
131103,1,1,1997,0,0,0,0,0,0,0,0,0,0
131103,2,1,1997,0,0,0,0,0,0,0,0,0,0
131104,1,1,1997,0,0,0,0,0,0,0,0,0,0
131104,2,1,1997,0,0,0,0,0,0,0,0,0,0
131105,0,1,1997,0,0,0,0,0,0,0,0,0,0
131105,1,1,1997,0,0,0,0,0,0,0,0,0,0
131106,1,1,1997,0,0,0,0,0,0,0,0,0,14
131107,1,1,1997,13,13,13,13,13,13,13,13,13,13
131108,1,1,1997,0,0,0,0,0,0,0,0,0,0
131109,1,1,1997,23,27,0,21,25,0,12,36,23,23
131110,0,1,1997,19,19,19,19,19,19,19,19,19,19
131110,1,1,1997,0,0,0,0,0,0,0,0,0,0
131111,1,1,1997,0,0,0,0,0,0,0,0,0,0
131111,2,1,1997,0,0,0,0,0,0,0,0,0,0
131112,1,1,1997,0,0,0,0,0,0,0,0,0,0
131112,2,1,1997,0,0,0,0,0,0,0,0,0,0
131113,1,1,1997,13,13,13,13,13,13,13,13,13,13
131114,1,1,1997,21,21,21,21,21,21,21,21,21,21
131114,2,1,1997,0,0,0,0,0,0,0,0,0,0
131115,1,1,1997,0,0,0,0,0,0,0,0,0,0
131115,2,1,1997,0,0,0,0,0,0,0,0,0,0
131116,1,1,1997,15,15,15,15,15,15,15,15,15,15
131117,1,1,1997,0,0,0,0,0,0,0,0,0,0
131118,1,1,1997,25,36,27,23,11,36,18,14,4,0
131118,2,1,1997,0,0,0,0,0,0,0,0,0,0
131119,0,1,1997,0,0,0,0,0,0,0,0,0,0
131119,0,2,1997,0,0,0,0,0,0,0,0,0,0
131119,1,1,1997,0,0,0,0,0,0,0,0,0,0
131120,1,1,1997,0,0,0,0,0,0,0,0,0,0
131120,2,1,1997,0,0,0,0,0,0,0,0,0,0
131121,1,1,1997,0,0,0,0,0,0,0,0,0,0
131122,1,1,1997,0,0,0,0,0,0,0,0,0,0
131122,2,1,1997,0,0,0,0,0,0,0,0,0,0
131122,3,1,1997,0,0,0,0,0,0,0,0,0,0
131123,1,1,1997,0,0,0,0,0,0,0,0,0,0
131123,2,1,1997,0,0,0,0,0,0,0,0,0,12
131124,1,1,1997,0,0,0,0,0,0,0,0,0,0
131124,2,1,1997,0,0,0,0,0,0,0,0,0,0
131125,1,1,1997,0,0,0,0,0,0,0,0,0,0
131125,2,1,1997,0,0,0,0,0,0,0,0,0,0
131126,1,1,1997,0,0,0,0,0,0,0,0,0,0
131126,2,1,1997,0,0,0,0,0,0,0,0,0,0
131127,1,1,1997,0,0,0,0,0,0,0,0,0,0
131128,0,1,1997,12,12,12,12,12,12,12,12,12,12
131128,1,1,1997,0,0,0,0,0,0,0,0,0,0
131129,1,1,1997,0,0,0,0,0,0,0,0,0,0
131129,2,1,1997,0,0,0,0,0,0,0,0,0,0
131130,1,1,1997,0,0,0,0,0,0,0,0,0,0
131130,2,1,1997,0,0,0,0,0,0,0,0,0,0
131131,1,1,1997,22,22,22,22,22,22,22,22,22,22
131132,1,1,1997,11,11,11,11,11,11,11,11,11,11
131133,1,1,1997,16,16,16,16,16,16,16,16,16,16
131134,1,1,1997,0,0,0,0,0,0,0,0,0,0
131134,2,1,1997,0,0,0,0,0,0,0,0,0,0
131135,1,1,1997,0,0,0,0,0,0,0,0,0,0
131135,2,1,1997,0,0,0,0,0,0,0,0,0,0
131136,1,1,1997,0,0,0,0,0,0,0,0,0,0
131136,2,1,1997,0,0,0,0,0,0,13,0,0,0
131137,1,1,1997,0,0,0,0,0,0,0,0,0,0
131137,2,1,1997,0,0,0,0,0,0,0,0,0,0
131138,1,1,1997,0,0,0,0,0,0,0,0,0,5
131139,1,1,1997,0,0,0,0,0,0,0,0,0,0
131140,1,1,1997,0,0,0,0,0,0,0,0,0,0
131140,2,1,1997,0,0,4,0,0,0,0,0,0,0
131141,1,1,1997,23,0,0,19,22,0,0,0,0,2
131141,2,1,1997,0,0,0,0,0,0,0,0,0,0
131142,1,1,1997,0,0,0,0,0,0,0,0,0,0
131143,1,1,1997,0,25,0,30,18,30,27,21,12,15
131144,1,1,1997,2,2,2,2,2,2,2,2,2,2