ST_CASE,VEH_NO,PER_NO,YEAR,P1,P2,P3,P4,P5,P6,P7,P8,P9,P10
170499,2,1,1997,0,0,0,0,0,0,0,0,0,25
170500,1,1,1997,24,24,24,24,24,24,24,24,24,24
170500,2,1,1997,0,0,0,0,0,0,0,0,0,0
170501,1,1,1997,17,17,17,17,17,17,17,17,17,17
170502,1,1,1997,28,28,28,28,28,28,28,28,28,28
170503,1,1,1997,13,13,13,13,13,13,13,13,13,13
170504,1,1,1997,14,14,14,14,14,14,14,14,14,14
170504,2,1,1997,0,0,0,0,0,0,0,0,0,0
170505,1,1,1997,6,6,6,6,6,6,6,6,6,6
170506,1,1,1997,0,0,0,0,0,0,0,0,0,0
170507,0,1,1997,0,0,0,9,0,0,0,0,0,0
170507,1,1,1997,8,0,0,0,0,0,0,0,0,0
170508,0,1,1997,0,0,0,0,0,0,0,0,0,0
170508,0,2,1997,0,0,0,0,0,0,0,21,0,0
170508,1,1,1997,0,0,0,0,0,0,0,0,0,0
170509,1,1,1997,0,0,0,0,0,0,0,0,0,0
170509,2,1,1997,0,0,0,0,0,0,0,0,0,0
170509,3,1,1997,0,0,0,0,0,0,6,0,0,0
170510,0,1,1997,0,0,0,0,0,0,0,0,0,0
170510,1,1,1997,0,0,0,0,0,0,0,0,0,0
170511,1,1,1997,0,0,0,0,0,0,0,0,0,0
170511,2,1,1997,0,0,0,0,0,0,0,0,0,0
170511,3,1,1997,0,0,0,25,0,0,0,0,10,0
170512,1,1,1997,0,0,0,0,0,0,0,0,0,0
170512,2,1,1997,0,0,0,0,0,0,0,0,0,0
170513,0,1,1997,0,0,0,0,0,0,0,0,0,0
170513,0,2,1997,17,10,0,9,17,0,0,20,11,14
170513,1,1,1997,0,0,8,9,0,9,0,16,0,7
170514,1,1,1997,35,0,37,18,12,11,36,17,27,7
170515,1,1,1997,18,18,18,18,18,18,18,18,18,18
170516,1,1,1997,0,0,0,0,0,0,0,0,6,0
170516,2,1,1997,0,0,0,0,0,0,0,0,0,0
170517,1,1,1997,11,11,11,11,11,11,11,11,11,11
170518,1,1,1997,0,0,0,0,0,0,0,0,0,0
170518,2,1,1997,0,13,0,8,16,0,27,0,10,22
170519,1,1,1997,21,21,21,21,21,21,21,21,21,21
170520,1,1,1997,0,0,0,0,0,0,0,0,0,0
170520,2,1,1997,0,0,0,0,0,0,0,0,0,0
170521,1,1,1997,0,0,0,0,0,0,0,0,0,0
170521,2,1,1997,0,0,0,0,0,0,0,0,0,0
170522,1,1,1997,23,23,23,23,23,23,23,23,23,23
170523,1,1,1997,10,10,10,10,10,10,10,10,10,10
170524,1,1,1997,0,0,0,0,0,0,0,0,0,0
170524,2,1,1997,14,14,14,14,14,14,14,14,14,14
170525,1,1,1997,14,0,0,0,0,0,0,0,0,0
170525,2,1,1997,0,0,0,0,0,0,0,0,0,0
170526,1,1,1997,0,0,0,0,0,0,0,0,0,0
170526,2,1,1997,0,0,0,0,0,0,0,0,0,0
170527,1,1,1997,0,0,0,0,0,0,0,0,0,0
170527,2,1,1997,0,0,0,0,0,0,0,0,0,0
170528,1,1,1997,0,0,0,0,0,0,0,0,0,0
170528,2,1,1997,0,0,0,0,0,0,0,0,0,0
170529,1,1,1997,0,0,0,0,0,0,0,0,0,0
170530,0,1,1997,20,20,20,20,20,20,20,20,20,20
170530,1,1,1997,0,0,0,0,0,0,0,0,0,0
170531,1,1,1997,0,0,0,0,0,0,0,0,0,0
170531,2,1,1997,0,0,0,0,0,0,0,0,0,0
170532,0,1,1997,27,27,27,27,27,27,27,27,27,27
170532,1,1,1997,10,10,10,10,10,10,10,10,10,10
170533,1,1,1997,0,0,0,0,0,0,0,0,0,0
170534,1,1,1997,0,0,0,0,0,0,14,0,0,0
170534,2,1,1997,0,0,0,0,0,0,0,0,0,0
170535,1,1,1997,0,0,0,0,0,0,0,0,0,0
170535,2,1,1997,0,0,0,0,0,0,0,0,0,0
170535,3,1,1997,0,0,0,0,0,0,0,0,0,0
170536,0,1,1997,0,0,0,0,0,0,0,0,0,0
170536,1,1,1997,0,0,0,0,0,0,0,0,0,0
170537,0,1,1997,0,0,0,0,0,0,0,0,0,0
170537,1,1,1997,0,0,0,0,0,0,0,0,0,0
170538,1,1,1997,20,0,10,0,0,0,16,30,23,24
170539,1,1,1997,9,9,9,9,9,9,9,9,9,9
170539,2,1,1997,0,8,0,0,0,0,10,0,3,0
170540,1,1,1997,15,15,15,15,15,15,15,15,15,15
170541,1,1,1997,19,46,21,16,0,26,0,15,31,21
170543,1,1,1997,0,0,0,0,0,0,0,0,0,0
170544,1,1,1997,0,0,0,0,0,0,0,0,0,0
170545,1,1,1997,12,0,0,0,0,0,0,0,0,0
170545,2,1,1997,0,0,0,0,0,0,0,0,0,0
170546,0,1,1997,0,0,0,0,0,0,0,0,0,0
170546,1,1,1997,18,0,0,0,0,0,6,0,0,0
170547,0,1,1997,0,0,0,0,0,0,0,0,0,0
170547,1,1,1997,0,0,0,0,0,0,0,0,0,0
170548,0,1,1997,0,10,0,0,0,0,0,23,0,0
170548,0,2,1997,0,0,0,0,0,0,0,0,0,0
170548,0,3,1997,7,0,0,10,0,0,0,0,0,0
170548,1,1,1997,0,0,0,0,0,0,0,0,0,0
170549,1,1,1997,0,0,0,0,0,0,0,0,0,0
170549,2,1,1997,0,0,0,0,0,0,0,0,0,0
170550,1,1,1997,15,15,15,15,15,15,15,15,15,15
170550,2,1,1997,0,0,0,0,0,0,0,0,0,0
170551,0,1,1997,0,0,0,0,0,0,0,0,0,0
170551,1,1,1997,0,0,0,0,0,0,0,0,0,0
170552,1,1,1997,7,16,14,0,15,16,0,41,0,0
170553,1,1,1997,25,25,25,25,25,25,25,25,25,25
170554,1,1,1997,13,13,13,13,13,13,13,13,13,13
170554,2,1,1997,0,0,0,0,0,0,0,0,0,0
170555,0,1,1997,0,0,0,0,0,0,0,0,0,0
170555,1,1,1997,15,15,15,15,15,15,15,15,15,15
170555,2,1,1997,0,0,0,0,0,8,0,0,0,0
170556,1,1,1997,8,8,8,8,8,8,8,8,8,8
170557,1,1,1997,0,0,0,0,0,0,0,0,0,20
170558,1,1,1997,0,0,0,0,0,0,0,0,0,0
170559,1,1,1997,7,7,7,7,7,7,7,7,7,7
170559,2,1,1997,0,0,0,0,0,0,0,0,0,0
170560,1,1,1997,14,14,14,14,14,14,14,14,14,14
170561,1,1,1997,0,0,0,0,0,0,0,0,0,0
170561,2,1,1997,0,0,0,0,0,0,0,0,0,0
170562,0,1,1997,0,0,0,0,0,0,0,0,0,0
170562,1,1,1997,0,0,0,0,0,0,0,0,0,0
170563,1,1,1997,0,0,0,0,0,0,0,0,0,0
170563,2,1,1997,0,0,0,0,0,0,0,0,0,0
170564,1,1,1997,17,17,17,17,17,17,17,17,17,17
170565,1,1,1997,0,0,0,0,0,0,0,0,0,0
170565,2,1,1997,0,0,0,15,0,0,0,0,0,0
170566,1,1,1997,0,0,0,0,0,0,0,0,0,0
170567,1,1,1997,25,25,25,25,25,25,25,25,25,25
170567,2,1,1997,0,0,0,0,0,0,0,0,0,0
170568,1,1,1997,9,8,0,0,0,2,0,11,18,0
170569,0,1,1997,0,0,0,0,0,0,0,0,0,0
170569,1,1,1997,0,0,0,0,0,0,0,0,0,0
170570,1,1,1997,0,12,0,0,0,0,0,0,14,7
170571,1,1,1997,0,0,0,0,0,0,0,0,0,14
170571,2,1,1997,10,0,0,0,0,0,0,0,0,0
170572,1,1,1997,0,0,0,0,0,0,0,0,0,0
170573,1,1,1997,4,4,4,4,4,4,4,4,4,4
170574,1,1,1997,0,0,0,0,0,0,0,0,0,0
170574,2,1,1997,0,0,0,0,0,0,0,0,0,0
170575,1,1,1997,19,19,19,19,19,19,19,19,19,19
170575,2,1,1997,0,0,0,0,0,0,0,0,0,0
170576,1,1,1997,18,18,18,18,18,18,18,18,18,18
170577,1,1,1997,0,0,0,0,0,0,0,0,0,0
170577,2,1,1997,0,0,0,0,0,0,0,0,0,0
170578,1,1,1997,0,0,0,0,0,0,0,0,0,0
170579,1,1,1997,17,17,17,17,17,17,17,17,17,17
170579,2,1,1997,0,0,0,0,0,0,0,0,0,0
170580,1,1,1997,7,7,7,7,7,7,7,7,7,7
170581,1,1,1997,0,0,0,0,0,0,0,0,0,0
170581,2,1,1997,0,0,0,0,0,0,0,0,0,0
170582,1,1,1997,0,0,0,0,0,0,0,0,0,0
170582,2,1,1997,0,0,0,0,0,0,0,0,0,0
170582,3,1,1997,0,0,0,0,0,0,0,0,0,0
170583,1,1,1997,0,0,0,0,0,0,0,0,0,0
170583,2,1,1997,0,0,0,0,0,0,0,0,0,0
170584,1,1,1997,2,2,2,2,2,2,2,2,2,2
170584,2,1,1997,0,0,0,0,0,0,0,0,0,0
170585,0,1,1997,0,14,0,0,21,0,0,10,0,6
170585,0,2,1997,0,0,0,0,0,0,0,0,0,0
170585,1,1,1997,22,22,22,22,22,22,22,22,22,22
170586,1,1,1997,0,0,0,0,0,0,0,0,0,0
170587,1,1,1997,14,14,14,14,14,14,14,14,14,14
170588,1,1,1997,18,18,18,18,18,18,18,18,18,18
170589,1,1,1997,16,16,16,16,16,16,16,16,16,16
170590,1,1,1997,3,3,3,3,3,3,3,3,3,3
170591,1,1,1997,0,0,0,0,0,0,0,0,0,0
170591,2,1,1997,0,0,0,0,0,0,0,0,0,0
170591,3,1,1997,0,0,0,0,12,0,0,0,0,0
170592,0,1,1997,24,0,0,0,0,28,0,32,0,0
170592,1,1,1997,9,0,0,0,4,0,0,0,0,0
170593,1,1,1997,0,0,0,0,0,0,0,0,0,0
170594,0,1,1997,2,2,2,2,2,2,2,2,2,2
170594,1,1,1997,0,0,0,0,0,0,0,0,0,0
170595,0,1,1997,6,6,6,6,6,6,6,6,6,6
170595,1,1,1997,0,0,0,0,0,0,0,0,0,0
170596,1,1,1997,0,0,0,0,0,0,0,0,0,0
170596,2,1,1997,0,0,0,0,0,0,0,0,0,0
170597,0,1,1997,0,0,0,0,0,0,0,0,0,0
170597,1,1,1997,7,7,7,7,7,7,7,7,7,7
170598,1,1,1997,0,0,0,0,0,0,0,0,0,0
170598,2,1,1997,0,0,0,0,0,0,0,0,0,0
170599,1,1,1997,0,0,0,0,0,0,0,0,0,0
170599,2,1,1997,0,0,0,0,0,0,0,0,0,0
170600,1,1,1997,0,0,0,0,0,0,0,0,0,0
170600,2,1,1997,0,0,0,0,0,0,0,0,0,0
170601,1,1,1997,0,0,0,0,0,0,0,0,0,0
170602,1,1,1997,18,18,18,18,18,18,18,18,18,18
170603,1,1,1997,0,0,0,0,0,0,0,0,0,0
170604,1,1,1997,0,0,0,0,0,0,0,0,0,0
170604,2,1,1997,0,0,0,0,0,0,0,0,0,0
170605,1,1,1997,0,0,0,0,0,0,0,0,0,0
170606,1,1,1997,17,17,17,17,17,17,17,17,17,17
170606,2,1,1997,25,25,25,25,25,25,25,25,25,25
170607,0,1,1997,0,0,0,0,0,0,0,0,0,0
170607,1,1,1997,13,12,0,0,4,15,0,0,17,0
170608,0,1,1997,19,19,19,19,19,19,19,19,19,19
170608,1,1,1997,0,0,0,0,0,0,0,0,0,0
170609,1,1,1997,5,0,5,3,6,7,15,4,8,16
170609,2,1,1997,2,0,0,6,0,0,0,0,21,0
170609,3,1,1997,0,0,0,0,0,0,0,0,0,0
170610,0,1,1997,0,0,0,0,0,0,0,0,0,0
170610,1,1,1997,0,0,0,0,0,0,0,0,0,0
170611,1,1,1997,18,18,18,18,18,18,18,18,18,18
170612,1,1,1997,0,0,0,0,13,0,0,0,0,0
170613,1,1,1997,16,0,0,0,14,13,29,0,0,0
170614,1,1,1997,13,13,13,13,13,13,13,13,13,13
170615,1,1,1997,0,0,0,0,0,0,0,18,8,23
170616,1,1,1997,0,0,0,0,0,0,0,0,0,0
170617,1,1,1997,0,0,0,0,0,0,0,0,0,0
170617,2,1,1997,11,11,11,11,11,11,11,11,11,11
170618,1,1,1997,0,0,0,0,0,0,0,0,0,0
170620,1,1,1997,0,0,0,0,0,0,0,0,0,0
170621,1,1,1997,0,0,0,0,0,0,0,0,0,0
170621,2,1,1997,0,0,0,0,0,0,0,0,0,0
170622,1,1,1997,0,0,0,0,0,0,0,0,0,0
170623,0,1,1997,0,0,0,0,0,0,0,0,0,0
170623,0,2,1997,0,0,0,0,0,0,0,0,0,0
170623,1,1,1997,0,0,0,0,0,0,0,0,0,0
170624,1,1,1997,21,21,21,21,21,21,21,21,21,21
170625,1,1,1997,0,0,0,0,0,0,0,0,0,0
170625,2,1,1997,0,0,0,0,0,0,0,0,0,0
170625,3,1,1997,0,0,0,8,0,0,0,0,0,0
170625,4,1,1997,0,0,0,0,0,0,0,0,0,0
170626,1,1,1997,19,19,19,19,19,19,19,19,19,19
170627,0,1,1997,0,0,0,0,0,0,0,0,0,0
170627,1,1,1997,0,0,0,0,0,0,0,0,0,0
170628,1,1,1997,0,0,0,7,0,0,0,0,0,0
170628,2,1,1997,11,9,0,0,0,0,0,0,0,0
170629,1,1,1997,0,0,0,0,0,0,0,0,0,0
170629,2,1,1997,0,0,0,0,0,0,0,0,0,0
170630,1,1,1997,0,0,0,0,0,0,0,0,0,0
170631,0,1,1997,0,0,0,0,0,0,0,0,0,0
170631,1,1,1997,0,0,0,0,0,0,0,0,0,0
170632,1,1,1997,0,0,0,0,2,0,0,0,0,0
170632,2,1,1997,0,0,0,0,0,0,0,0,0,0
170632,3,1,1997,0,0,0,0,0,0,0,0,0,0
170633,1,1,1997,0,0,0,0,0,0,0,0,0,0
170633,2,1,1997,0,0,0,0,0,0,0,0,0,0
170633,3,1,1997,0,0,0,0,0,0,0,0,0,0
170634,1,1,1997,0,0,0,0,0,0,0,0,0,0
170634,2,1,1997,0,0,0,0,0,0,0,0,0,0
170635,1,1,1997,0,0,0,0,0,0,0,0,0,0
170636,0,1,1997,0,0,0,0,0,0,0,0,0,0
170636,1,1,1997,0,0,0,0,0,0,0,0,0,0
170637,1,1,1997,11,11,11,11,11,11,11,11,11,11
170637,2,1,1997,0,0,0,0,0,0,0,0,0,0
170638,1,1,1997,15,22,5,0,30,8,12,17,7,17
170639,1,1,1997,0,0,0,0,0,0,0,0,0,0
170639,2,1,1997,0,0,0,0,0,0,0,0,0,0
170640,0,1,1997,0,0,0,0,0,0,0,0,0,0
170640,1,1,1997,0,0,0,0,0,0,0,0,0,0
170641,1,1,1997,0,0,0,0,0,0,0,0,0,0
170642,1,1,1997,0,0,0,0,0,0,0,0,0,0
170643,1,1,1997,0,0,0,32,22,0,12,15,0,30
170644,1,1,1997,31,31,31,31,31,31,31,31,31,31
170645,0,1,1997,0,0,0,0,0,0,0,0,0,0
170645,1,1,1997,0,0,0,0,0,0,0,0,0,0
170646,1,1,1997,0,0,0,0,0,0,0,0,0,0
170647,1,1,1997,0,0,0,0,0,0,0,0,0,0
170647,2,1,1997,0,0,0,0,0,0,16,0,0,0
170648,1,1,1997,12,12,12,12,12,12,12,12,12,12
170648,2,1,1997,0,0,12,0,0,0,0,0,0,0
170649,1,1,1997,0,0,15,0,0,0,0,0,0,0
170650,1,1,1997,12,0,0,18,0,18,0,0,0,0
170650,2,1,1997,0,0,0,0,0,0,0,0,0,0
170651,1,1,1997,0,0,0,4,0,0,0,0,0,0
170651,2,1,1997,7,0,0,0,0,8,0,0,0,0
170651,3,1,1997,0,0,0,11,0,0,0,0,0,0
170652,1,1,1997,13,13,13,13,13,13,13,13,13,13
170653,1,1,1997,0,0,0,0,0,0,0,0,0,0
170653,2,1,1997,0,0,0,0,0,0,0,0,0,0
170654,1,1,1997,0,0,0,0,0,0,0,0,0,0
170655,1,1,1997,14,14,14,14,14,14,14,14,14,14
170656,0,1,1997,0,0,0,0,0,0,0,0,0,0
170656,0,2,1997,1,1,1,1,1,1,1,1,1,1
170656,1,1,1997,0,0,0,0,0,0,0,0,0,0
170657,1,1,1997,0,0,0,0,0,11,0,3,0,12
170658,1,1,1997,19,19,19,19,19,19,19,19,19,19
170659,1,1,1997,24,24,24,24,24,24,24,24,24,24
170659,2,1,1997,0,0,0,0,0,0,0,0,0,0
170660,1,1,1997,13,13,13,13,13,13,13,13,13,13
170660,2,1,1997,0,0,0,0,0,0,0,0,0,0
170661,1,1,1997,28,28,28,28,28,28,28,28,28,28
170662,0,1,1997,0,0,0,0,0,0,0,0,0,0
170662,1,1,1997,0,0,0,0,0,0,0,0,0,0
170663,1,1,1997,0,0,0,0,0,0,0,0,0,0
170664,1,1,1997,13,13,13,13,13,13,13,13,13,13
170665,1,1,1997,0,0,0,0,0,0,0,0,0,0
170665,2,1,1997,20,20,20,20,20,20,20,20,20,20
170666,1,1,1997,0,0,0,10,0,0,0,0,6,0
170667,1,1,1997,36,36,36,36,36,36,36,36,36,36
170667,2,1,1997,0,0,0,0,0,0,0,0,0,0
170667,3,1,1997,0,0,0,0,0,0,0,0,0,0
170668,1,1,1997,0,0,0,0,0,0,0,0,5,0
170668,2,1,1997,0,0,0,0,0,0,0,0,0,0
170669,1,1,1997,0,0,0,0,0,0,0,0,0,0
170669,2,1,1997,0,0,0,0,0,0,0,0,0,0
170670,0,1,1997,5,5,5,5,5,5,5,5,5,5
170670,1,1,1997,0,0,0,0,0,0,0,0,0,0
170671,1,1,1997,0,0,0,0,0,0,0,0,0,0
170671,2,1,1997,0,0,0,0,0,0,0,0,0,0
170672,1,1,1997,0,0,0,0,0,0,0,0,0,0
170672,2,1,1997,0,0,0,0,0,0,0,0,0,0
170673,1,1,1997,0,0,0,0,0,0,0,0,0,0
170673,2,1,1997,0,0,0,0,0,0,0,0,0,0
170674,1,1,1997,0,0,0,0,0,0,0,0,0,0
170674,2,1,1997,0,0,0,0,0,0,0,0,0,0
170675,1,1,1997,24,23,0,24,8,14,18,10,19,0
170675,2,1,1997,0,0,0,0,0,0,0,0,0,0
170676,1,1,1997,16,16,16,16,16,16,16,16,16,16
170677,1,1,1997,0,0,0,0,0,0,0,0,0,0
170677,2,1,1997,0,0,0,0,0,0,0,0,0,0
170678,1,1,1997,0,0,0,0,0,0,0,0,0,0
170678,2,1,1997,0,0,0,0,0,0,0,0,0,0
170679,1,1,1997,0,0,0,0,0,0,0,0,0,0
170679,2,1,1997,0,0,0,0,0,0,0,0,0,0
170680,1,1,1997,0,0,0,0,0,0,0,0,0,0
170680,2,1,1997,0,0,0,0,0,0,0,0,0,0
170681,0,1,1997,0,0,0,0,0,0,0,0,0,0
170681,1,1,1997,1,1,1,1,1,1,1,1,1,1
170682,1,1,1997,25,25,25,25,25,25,25,25,25,25
170683,1,1,1997,0,0,0,0,0,0,0,0,10,0
170683,2,1,1997,0,0,0,0,0,0,0,0,0,0
170684,1,1,1997,28,28,28,28,28,28,28,28,28,28
170685,1,1,1997,0,28,0,0,0,19,6,22,33,0
170685,2,1,1997,0,0,0,0,0,0,0,0,0,0
170686,1,1,1997,17,17,17,17,17,17,17,17,17,17
170687,0,1,1997,0,0,0,0,0,0,0,0,0,0
170687,1,1,1997,12,12,12,12,12,12,12,12,12,12
170688,1,1,1997,0,0,0,0,0,0,0,0,0,0
170689,1,1,1997,0,0,0,0,0,0,0,0,0,0
170690,1,1,1997,0,0,0,0,0,0,26,0,0,0
170690,2,1,1997,0,0,0,0,0,0,0,0,0,0
170691,1,1,1997,0,0,0,0,0,0,0,0,0,0
170692,1,1,1997,0,0,0,11,0,7,25,22,0,0
170693,1,1,1997,0,0,0,0,0,0,0,0,0,0
170693,2,1,1997,0,0,0,0,0,0,0,0,0,0
170694,1,1,1997,0,0,0,0,0,0,0,0,0,0
170694,2,1,1997,0,0,0,0,0,0,0,0,0,0
170694,3,1,1997,0,0,0,0,0,0,0,0,0,0
170695,1,1,1997,0,0,0,0,0,0,0,0,16,0
170696,1,1,1997,20,38,16,11,0,16,15,24,19,21
170697,0,1,1997,0,0,0,0,0,0,0,0,0,0
170697,1,1,1997,0,0,0,0,0,0,0,0,0,0
170698,1,1,1997,0,0,0,0,0,0,0,0,0,0
170699,1,1,1997,0,0,0,27,0,0,0,5,0,0
170700,0,1,1997,19,19,19,19,19,19,19,19,19,19
170700,1,1,1997,5,10,18,15,31,15,16,13,13,10
170701,1,1,1997,22,0,0,0,0,0,13,0,0,0
170701,2,1,1997,0,0,0,0,0,0,0,0,0,0
170702,1,1,1997,0,0,0,0,0,0,0,0,0,0
170703,1,1,1997,1,1,1,1,1,1,1,1,1,1
170703,2,1,1997,0,0,0,0,0,0,0,0,0,0
170704,1,1,1997,22,22,22,22,22,22,22,22,22,22
170705,1,1,1997,1,1,1,1,1,1,1,1,1,1
170705,2,1,1997,0,0,0,0,0,0,0,0,0,0
170705,3,1,1997,0,0,0,0,0,0,0,0,0,0
170706,1,1,1997,18,8,0,0,25,24,34,18,0,0
170707,1,1,1997,7,7,7,7,7,7,7,7,7,7
170707,2,1,1997,0,0,0,0,0,0,0,0,0,0
170709,0,1,1997,0,17,0,21,0,0,0,0,9,8
170709,1,1,1997,0,0,0,14,0,0,0,0,0,0
170710,0,1,1997,0,0,0,0,0,0,0,0,0,0
170710,1,1,1997,0,0,0,0,0,0,0,0,0,0
170711,1,1,1997,16,16,16,16,16,16,16,16,16,16
170712,1,1,1997,5,0,0,0,0,0,0,0,22,0
170712,2,1,1997,0,0,0,0,0,5,0,0,0,0
170712,3,1,1997,0,0,0,0,0,0,0,0,0,0
170713,1,1,1997,16,16,16,16,16,16,16,16,16,16
170714,0,1,1997,0,0,0,0,0,0,0,0,0,0
170714,0,2,1997,0,0,0,0,0,0,0,0,0,0
170714,0,3,1997,0,0,0,0,0,0,0,0,0,0
170714,1,1,1997,0,0,0,0,0,0,0,0,0,0
170715,1,1,1997,10,16,10,0,0,0,0,0,0,0
170715,2,1,1997,13,13,13,13,13,13,13,13,13,13
170716,0,1,1997,0,0,0,0,0,0,0,0,0,0
170716,1,1,1997,0,0,0,0,0,0,0,0,0,0
170717,1,1,1997,0,0,0,0,0,0,0,0,0,0
170717,2,1,1997,0,0,0,0,0,0,0,0,0,0
170718,1,1,1997,24,24,24,24,24,24,24,24,24,24
170719,1,1,1997,0,0,0,0,0,0,0,0,0,0
170719,2,1,1997,0,0,0,0,0,0,0,0,0,0
170719,3,1,1997,0,0,0,0,0,0,0,0,0,0
170720,0,1,1997,32,32,32,32,32,32,32,32,32,32
170720,1,1,1997,1,1,1,1,1,1,1,1,1,1
170721,1,1,1997,11,11,11,11,11,11,11,11,11,11
170722,1,1,1997,0,0,0,0,0,0,0,0,0,0
170723,1,1,1997,0,0,0,0,0,0,0,0,0,0
170724,1,1,1997,24,0,0,0,0,0,0,0,13,0
170725,1,1,1997,6,6,6,6,6,6,6,6,6,6
170726,1,1,1997,0,0,0,0,0,0,0,0,0,0
170727,1,1,1997,0,0,0,0,0,0,0,0,0,0
170727,2,1,1997,0,0,0,0,0,0,0,0,0,0
170728,1,1,1997,0,0,0,0,0,0,0,0,0,0
170728,2,1,1997,0,0,0,0,0,0,0,0,0,0
170729,1,1,1997,15,15,15,15,15,15,15,15,15,15
170730,1,1,1997,0,0,0,0,0,0,0,0,0,0
170730,2,1,1997,0,0,0,0,0,0,0,0,0,0
170730,3,1,1997,0,0,0,0,0,0,26,0,0,0
170731,1,1,1997,13,13,13,13,13,13,13,13,13,13
170732,0,1,1997,0,0,0,0,0,0,0,0,0,0
170732,1,1,1997,1,1,1,1,1,1,1,1,1,1
170733,1,1,1997,0,0,0,0,0,0,0,0,0,0
170734,1,1,1997,0,0,0,0,0,0,0,0,0,0
170734,2,1,1997,0,0,0,0,0,0,0,0,0,0
170735,1,1,1997,0,0,0,0,0,0,0,0,0,0
170735,2,1,1997,0,0,0,0,0,0,0,0,0,0
170736,1,1,1997,0,0,0,0,0,0,0,0,0,0
170736,2,1,1997,0,0,0,8,0,0,0,0,0,0
170737,0,1,1997,0,0,0,0,0,0,0,0,0,0
170737,0,2,1997,0,20,0,0,38,0,0,9,29,12
170737,0,3,1997,0,0,0,15,0,7,0,28,0,0
170737,1,1,1997,0,0,0,0,0,0,0,0,0,0
170738,1,1,1997,18,18,18,18,18,18,18,18,18,18
170739,1,1,1997,0,0,0,0,0,0,0,0,0,0
170739,2,1,1997,0,0,0,0,0,0,0,0,0,0
170740,1,1,1997,15,15,15,15,15,15,15,15,15,15
170740,2,1,1997,0,0,0,0,0,0,0,0,0,0
170741,1,1,1997,0,0,0,0,0,0,0,0,0,0
170742,0,1,1997,22,22,22,22,22,22,22,22,22,22
170742,1,1,1997,0,0,0,0,0,0,0,0,0,0
170743,1,1,1997,17,17,17,17,17,17,17,17,17,17
170744,1,1,1997,0,0,0,0,23,0,0,0,0,0
170744,2,1,1997,0,0,0,0,0,0,0,0,0,0
170745,1,1,1997,0,0,0,0,0,0,14,0,0,0
170745,2,1,1997,0,0,0,0,0,0,0,0,0,0
170745,3,1,1997,9,0,0,0,0,9,0,0,0,28
170745,4,1,1997,4,0,0,16,0,0,0,0,0,0
170745,5,1,1997,0,0,0,0,0,0,0,0,0,0
170746,0,1,1997,0,0,0,0,0,0,0,0,0,0
170746,1,1,1997,0,0,0,0,0,0,0,0,0,0
170747,1,1,1997,13,0,0,0,15,0,0,0,18,34
170748,1,1,1997,0,0,0,0,0,0,0,0,13,0
170749,1,1,1997,18,18,18,18,18,18,18,18,18,18
170750,0,1,1997,0,0,0,0,0,0,0,0,0,0
170751,1,1,1997,0,0,0,0,0,0,0,0,0,0
170752,0,1,1997,0,0,0,0,0,0,0,0,0,0
170752,1,1,1997,0,0,0,0,0,0,0,0,0,0
170753,1,1,1997,0,0,0,0,0,0,0,0,0,0
170754,1,1,1997,16,16,16,16,16,16,16,16,16,16
170754,2,1,1997,0,0,0,0,0,0,0,0,0,0
170755,0,1,1997,33,33,33,33,33,33,33,33,33,33
170755,1,1,1997,0,0,0,0,0,0,0,0,0,0
170757,1,1,1997,15,15,15,15,15,15,15,15,15,15
170758,1,1,1997,0,0,0,0,0,0,0,0,0,0
170758,2,1,1997,0,0,0,0,0,0,0,0,0,0
170759,1,1,1997,0,0,0,5,0,0,0,0,0,14
170759,2,1,1997,0,0,0,17,1,0,0,2,20,0
170760,1,1,1997,0,0,0,0,0,0,0,0,0,0
170760,2,1,1997,0,0,12,0,0,0,0,0,0,0
170761,1,1,1997,0,0,0,0,0,0,0,0,0,0
170761,2,1,1997,0,0,0,0,0,0,0,0,0,0
170762,0,1,1997,0,0,0,0,0,0,0,0,0,0
170762,1,1,1997,15,12,5,0,19,19,6,11,0,22
170763,0,1,1997,0,0,12,4,0,0,0,0,0,0
170763,1,1,1997,0,0,0,0,0,0,0,0,0,0
170764,0,1,1997,28,28,28,28,28,28,28,28,28,28
170764,1,1,1997,10,10,10,10,10,10,10,10,10,10
170765,0,1,1997,0,0,0,0,0,0,0,0,0,0
170765,1,1,1997,0,0,0,0,0,0,0,0,0,0
170766,0,1,1997,14,14,14,14,14,14,14,14,14,14
170766,1,1,1997,0,8,0,16,0,0,0,17,21,0
170767,1,1,1997,10,26,23,31,25,0,9,29,10,21
170768,0,1,1997,25,25,25,25,25,25,25,25,25,25
170768,1,1,1997,0,0,0,0,0,0,0,0,0,0
170768,2,1,1997,0,0,0,0,0,0,0,0,0,0
170768,3,1,1997,0,0,0,6,0,0,0,0,0,0