ST_CASE,VEH_NO,PER_NO,YEAR,P1,P2,P3,P4,P5,P6,P7,P8,P9,P10
210260,0,2,1997,16,0,0,0,0,0,0,0,0,0
210260,1,1,1997,7,7,7,7,7,7,7,7,7,7
210261,1,1,1997,0,0,0,0,0,0,0,0,0,0
210261,2,1,1997,0,0,0,0,0,0,0,0,0,0
210262,1,1,1997,0,0,0,0,0,0,0,0,0,0
210262,2,1,1997,0,0,0,0,0,0,0,0,0,0
210263,1,1,1997,13,22,28,20,16,14,28,31,18,35
210264,1,1,1997,0,0,0,0,0,0,0,0,0,0
210264,2,1,1997,0,0,0,0,0,0,0,0,0,0
210265,1,1,1997,0,0,0,0,0,0,0,0,0,0
210267,1,1,1997,0,0,0,0,0,0,0,0,0,0
210267,2,1,1997,0,0,0,0,0,0,0,0,0,23
210267,3,1,1997,0,0,0,0,0,0,0,0,0,0
210268,1,1,1997,0,0,0,0,0,0,0,0,0,0
210268,2,1,1997,0,0,0,0,0,0,0,0,0,0
210268,3,1,1997,0,0,0,0,0,0,0,0,0,0
210269,1,1,1997,0,0,0,0,0,0,0,0,0,0
210270,1,1,1997,0,0,0,0,0,0,0,0,0,0
210270,2,1,1997,0,0,0,0,0,0,0,0,0,0
210271,1,1,1997,0,0,0,0,0,0,0,0,0,0
210271,2,1,1997,0,0,0,0,0,0,0,0,0,0
210272,1,1,1997,16,0,2,0,0,0,0,0,0,0
210273,1,1,1997,24,24,24,24,24,24,24,24,24,24
210273,2,1,1997,0,0,0,0,0,0,0,0,0,0
210274,1,1,1997,0,0,0,0,0,0,0,0,0,0
210274,2,1,1997,0,0,0,0,0,0,0,0,0,0
210275,1,1,1997,19,35,19,18,20,11,14,0,9,5
210276,1,1,1997,14,14,14,14,14,14,14,14,14,14
210277,1,1,1997,0,0,0,0,0,0,2,0,0,0
210277,2,1,1997,0,0,0,0,0,0,0,0,0,0
210278,0,1,1997,0,0,0,0,0,0,0,8,0,0
210278,1,1,1997,0,0,0,0,0,0,0,0,0,0
210279,1,1,1997,0,0,0,0,0,0,0,0,0,0
210279,2,1,1997,28,0,0,0,0,0,0,0,0,0
210280,1,1,1997,0,0,0,0,0,0,0,0,26,0
210280,2,1,1997,0,0,0,0,8,0,0,0,0,0
210281,1,1,1997,0,0,0,0,0,0,0,0,0,0
210281,2,1,1997,0,0,0,0,0,0,0,0,0,0
210282,1,1,1997,0,0,0,0,0,0,0,0,0,0
210282,2,1,1997,0,0,0,0,0,0,0,3,0,0
210283,1,1,1997,0,0,0,0,0,0,0,0,0,0
210284,1,1,1997,0,0,0,3,0,0,0,0,0,0
210285,0,1,1997,0,0,0,0,0,0,0,0,0,0
210285,1,1,1997,9,9,9,9,9,9,9,9,9,9
210286,1,1,1997,3,3,3,3,3,3,3,3,3,3
210286,2,1,1997,0,0,0,0,0,0,0,0,0,0
210287,1,1,1997,10,26,24,9,0,14,0,20,0,27
210288,1,1,1997,0,0,0,0,0,0,0,0,0,0
210289,0,1,1997,0,0,0,0,0,0,0,0,0,0
210289,1,1,1997,0,0,0,0,0,0,0,0,0,0
210290,1,1,1997,0,0,0,0,0,0,0,0,0,0
210291,1,1,1997,0,0,0,0,0,0,0,0,0,0
210291,2,1,1997,0,0,0,0,0,0,0,0,10,0
210292,1,1,1997,21,21,21,21,21,21,21,21,21,21
210292,2,1,1997,0,0,0,0,0,0,0,0,0,0
210293,1,1,1997,0,0,0,0,0,0,0,0,0,0
210293,2,1,1997,0,0,0,0,0,0,0,0,0,0
210294,1,1,1997,27,27,27,27,27,27,27,27,27,27
210295,1,1,1997,0,0,0,0,0,35,0,15,0,0
210296,1,1,1997,0,0,0,0,0,0,0,0,0,0
210297,1,1,1997,0,0,0,0,0,0,0,0,28,0
210297,2,1,1997,0,0,0,0,0,0,0,0,0,0
210298,1,1,1997,11,11,11,11,11,11,11,11,11,11
210298,2,1,1997,0,0,0,0,0,0,0,0,0,0
210298,3,1,1997,0,0,0,0,0,0,0,0,0,0
210299,1,1,1997,16,16,16,16,16,16,16,16,16,16
210300,1,1,1997,24,24,24,24,24,24,24,24,24,24
210301,1,1,1997,0,0,0,0,0,0,0,0,0,0
210302,1,1,1997,0,0,0,18,7,7,0,8,4,0
210303,1,1,1997,0,0,0,0,0,0,0,12,0,0
210303,2,1,1997,0,0,0,0,0,0,0,0,0,0
210304,0,1,1997,0,0,0,0,0,0,0,0,0,0
210304,1,1,1997,0,0,0,0,0,0,0,0,0,0
210305,0,1,1997,0,0,0,0,0,0,0,0,0,0
210305,1,1,1997,0,0,0,0,0,0,0,0,0,0
210306,0,1,1997,0,0,0,0,0,0,0,0,0,0
210306,1,1,1997,0,0,0,0,0,0,0,0,0,0
210307,1,1,1997,0,0,0,0,0,0,0,10,0,0
210307,2,1,1997,0,0,0,0,0,0,0,0,0,0
210308,1,1,1997,0,0,0,0,0,0,0,0,0,0
210309,1,1,1997,0,0,0,0,0,0,0,0,0,0
210309,2,1,1997,0,0,0,0,0,0,0,0,0,0
210310,1,1,1997,0,0,0,0,0,0,0,0,0,0
210310,2,1,1997,8,0,0,0,23,0,0,0,0,0
210311,1,1,1997,34,6,17,25,17,11,35,18,34,28
210313,1,1,1997,22,22,22,22,22,22,22,22,22,22
210314,1,1,1997,0,0,0,0,0,0,0,0,0,0
210314,2,1,1997,0,0,0,0,0,0,0,0,0,0
210314,3,1,1997,0,0,0,0,0,0,0,0,0,0
210315,1,1,1997,0,0,0,0,0,0,0,0,0,0
210315,2,1,1997,0,0,0,0,0,0,0,0,0,0
210316,1,1,1997,0,0,0,0,0,0,0,0,0,0
210317,0,1,1997,0,0,0,0,0,0,0,0,0,0
210317,1,1,1997,11,11,11,11,11,11,11,11,11,11
210318,1,1,1997,11,11,11,11,11,11,11,11,11,11
210318,2,1,1997,0,0,0,0,0,0,23,0,0,0
210319,1,1,1997,0,0,0,0,0,0,0,0,0,0
210319,2,1,1997,0,0,0,0,0,0,0,0,0,0
210320,1,1,1997,0,0,0,0,0,0,0,0,0,0
210321,1,1,1997,0,0,0,0,0,0,0,0,0,0
210322,1,1,1997,0,0,0,0,0,0,0,0,0,17
210323,1,1,1997,19,19,19,19,19,19,19,19,19,19
210323,2,1,1997,0,0,0,0,0,0,0,0,0,0
210323,3,1,1997,0,0,0,0,0,0,0,0,0,0
210323,4,1,1997,0,0,0,0,0,0,0,0,0,0
210324,1,1,1997,10,10,10,10,10,10,10,10,10,10
210325,1,1,1997,0,0,0,0,0,0,0,0,0,0
210325,2,1,1997,0,0,0,0,0,0,0,0,0,0
210326,1,1,1997,0,0,0,0,0,0,0,0,25,0
210326,2,1,1997,0,0,0,0,0,0,0,0,0,0
210327,1,1,1997,0,0,0,0,0,0,0,0,0,0
210328,1,1,1997,0,0,0,0,0,0,0,0,0,0
210328,2,1,1997,0,0,0,0,0,0,0,0,0,0
210329,1,1,1997,0,0,0,0,0,0,0,0,0,0
210329,2,1,1997,0,0,0,0,0,0,0,0,0,0
210330,1,1,1997,16,16,16,16,16,16,16,16,16,16
210331,1,1,1997,0,0,0,0,0,0,0,0,0,0
210332,1,1,1997,0,0,0,0,0,0,0,0,0,0
210333,1,1,1997,23,23,23,23,23,23,23,23,23,23
210334,1,1,1997,0,0,0,23,0,0,0,0,0,0
210334,2,1,1997,0,0,0,0,0,0,0,0,0,0
210335,1,1,1997,0,0,0,0,0,0,0,0,0,0
210335,2,1,1997,0,0,0,0,0,0,0,0,0,0
210336,1,1,1997,0,0,0,0,0,0,0,0,0,0
210336,2,1,1997,0,0,0,0,5,0,0,0,0,0
210337,1,1,1997,0,31,17,25,23,22,0,20,22,0
210338,1,1,1997,20,20,20,20,20,20,20,20,20,20
210339,0,1,1997,21,28,12,23,17,36,19,42,19,11
210339,1,1,1997,0,0,0,0,0,0,0,0,0,0
210340,1,1,1997,0,0,0,0,0,0,0,0,0,0
210341,1,1,1997,0,0,0,0,0,0,0,0,0,0
210341,2,1,1997,0,0,0,0,0,0,0,0,0,0
210342,1,1,1997,0,11,0,0,0,0,0,0,0,0
210342,2,1,1997,0,0,0,0,0,0,0,0,0,0
210343,0,1,1997,0,0,0,0,0,0,0,0,0,0
210343,1,1,1997,0,0,0,0,0,0,0,0,0,0
210344,1,1,1997,0,0,0,0,0,0,0,0,0,0
210344,2,1,1997,0,0,0,0,0,5,0,0,0,0
210345,1,1,1997,0,0,0,0,0,0,0,0,0,0
210346,1,1,1997,0,0,0,0,0,0,0,0,0,0
210347,1,1,1997,0,0,0,0,0,0,0,0,0,0
210347,2,1,1997,0,0,0,0,0,0,0,0,0,0
210347,3,1,1997,0,0,0,0,0,0,0,0,0,0
210348,1,1,1997,31,31,31,31,31,31,31,31,31,31
210349,1,1,1997,26,26,26,26,26,26,26,26,26,26
210350,1,1,1997,9,9,9,9,9,9,9,9,9,9
210350,2,1,1997,0,0,0,0,0,0,0,0,0,0
210351,1,1,1997,0,0,0,0,0,0,0,0,0,0
210352,1,1,1997,0,0,0,0,0,0,0,0,0,0
210352,2,1,1997,0,0,0,0,0,0,0,0,0,0
210352,3,1,1997,0,0,0,0,0,0,0,0,0,0
210353,1,1,1997,0,0,0,0,0,0,0,0,0,0
210354,1,1,1997,0,0,0,0,0,0,0,0,0,0
210354,2,1,1997,0,0,0,0,0,0,0,0,0,0
210355,1,1,1997,1,1,1,1,1,1,1,1,1,1
210356,1,1,1997,21,21,21,21,21,21,21,21,21,21
210357,1,1,1997,10,10,10,10,10,10,10,10,10,10
210358,1,1,1997,0,0,0,0,0,0,0,0,21,0
210358,2,1,1997,0,0,0,0,0,0,0,0,0,0
210359,1,1,1997,0,0,0,0,0,0,0,0,0,0
210360,1,1,1997,24,24,24,24,24,24,24,24,24,24
210360,2,1,1997,0,0,0,0,0,0,0,0,0,0
210361,0,1,1997,0,0,0,0,0,0,0,0,0,0
210361,1,1,1997,0,0,0,0,0,0,0,0,0,0
210362,1,1,1997,24,24,24,24,24,24,24,24,24,24
210363,1,1,1997,0,0,0,0,0,0,0,0,0,0
210363,2,1,1997,0,0,0,0,0,0,0,0,0,0
210363,3,1,1997,0,0,0,0,0,0,0,0,0,0
210364,1,1,1997,8,8,8,8,8,8,8,8,8,8
210365,1,1,1997,8,8,8,8,8,8,8,8,8,8
210366,1,1,1997,21,13,13,9,20,42,17,12,16,6
210367,1,1,1997,17,17,17,17,17,17,17,17,17,17
210368,1,1,1997,0,0,0,0,0,0,0,0,0,0
210369,1,1,1997,0,0,0,0,0,0,0,0,0,0
210369,2,1,1997,0,0,0,0,0,0,0,0,0,0
210370,1,1,1997,0,0,0,0,0,0,0,0,0,0
210370,2,1,1997,0,0,0,6,19,0,0,0,0,0
210371,1,1,1997,4,4,4,4,4,4,4,4,4,4
210371,2,1,1997,0,0,0,0,0,0,0,0,0,0
210372,1,1,1997,13,13,13,13,13,13,13,13,13,13
210372,2,1,1997,0,19,0,9,0,0,0,0,0,0
210373,1,1,1997,0,0,0,0,14,0,0,0,0,0
210374,0,1,1997,0,0,0,0,23,0,9,0,9,0
210374,1,1,1997,0,0,0,0,0,0,0,0,0,0
210375,1,1,1997,0,0,0,0,0,0,0,0,0,0
210375,2,1,1997,0,0,0,0,0,0,0,0,0,0
210376,1,1,1997,0,0,0,0,0,0,0,0,0,0
210377,1,1,1997,0,0,0,0,0,0,9,0,0,0
210378,1,1,1997,0,0,0,0,0,0,0,0,0,0
210379,1,1,1997,0,0,0,0,0,0,0,0,0,0
210379,2,1,1997,0,0,0,0,0,0,0,0,0,0
210380,1,1,1997,0,0,0,0,0,0,0,0,0,0
210381,1,1,1997,0,0,0,0,0,0,0,0,0,0
210382,1,1,1997,0,0,0,0,0,0,0,0,0,0
210383,1,1,1997,0,0,17,0,8,13,18,0,0,22
210384,1,1,1997,0,0,0,0,0,0,0,0,0,0
210385,1,1,1997,0,0,0,0,0,0,16,0,0,0
210385,2,1,1997,0,0,0,0,0,0,0,0,0,11
210386,1,1,1997,0,0,0,0,0,0,0,0,0,0
210386,2,1,1997,0,0,0,0,0,0,0,0,0,0
210387,1,1,1997,0,0,0,0,0,0,0,0,0,0
210387,2,1,1997,0,0,0,0,0,0,0,0,0,0
210388,1,1,1997,0,0,0,0,0,0,0,0,0,0
210389,1,1,1997,27,27,27,27,27,27,27,27,27,27
210390,1,1,1997,0,0,0,0,0,0,0,0,0,0
210390,2,1,1997,0,0,0,0,0,0,0,0,0,0
210391,1,1,1997,19,19,19,19,19,19,19,19,19,19
210392,1,1,1997,0,0,0,0,0,0,0,0,0,0
210392,2,1,1997,0,0,0,0,0,0,0,0,0,0
210393,1,1,1997,0,0,0,0,0,0,0,0,0,0
210393,2,1,1997,0,0,0,0,0,0,0,0,0,0
210394,1,1,1997,3,3,3,3,3,3,3,3,3,3
210395,1,1,1997,0,0,0,0,0,10,0,0,0,0
210395,2,1,1997,0,0,0,0,0,0,0,3,0,0
210396,1,1,1997,0,0,5,0,0,0,0,0,0,0
210397,1,1,1997,37,37,37,37,37,37,37,37,37,37
210398,0,1,1997,0,0,0,0,0,0,0,0,0,0
210398,1,1,1997,0,0,0,0,0,0,0,0,0,0
210399,1,1,1997,0,0,0,0,0,0,0,0,0,0
210399,2,1,1997,0,0,0,0,0,0,0,0,0,0
210400,1,1,1997,24,24,24,24,24,24,24,24,24,24
210401,1,1,1997,0,0,8,0,0,0,0,0,0,0
210401,2,1,1997,0,0,0,0,0,0,0,0,0,0
210402,1,1,1997,0,0,0,0,0,0,0,0,0,0
210402,2,1,1997,0,0,11,0,0,0,0,0,0,0
210403,1,1,1997,0,0,0,0,0,0,0,0,0,0
210404,1,1,1997,0,0,0,0,0,0,0,0,0,0
210404,2,1,1997,0,0,0,0,0,0,0,0,0,0
210405,1,1,1997,7,7,7,7,7,7,7,7,7,7
210406,1,1,1997,12,17,21,0,6,16,7,16,10,10
210407,1,1,1997,0,0,0,0,0,0,0,0,0,0
210407,2,1,1997,0,0,0,0,0,0,0,0,0,0
210408,1,1,1997,0,0,3,0,0,0,6,9,22,0
210409,1,1,1997,5,5,5,5,5,5,5,5,5,5
210409,2,1,1997,18,19,0,0,0,0,0,0,14,27
210410,1,1,1997,33,33,33,33,33,33,33,33,33,33
210410,2,1,1997,0,0,0,0,0,0,0,0,0,0
210411,1,1,1997,0,0,0,0,0,0,0,0,0,0
210411,2,1,1997,0,0,0,0,0,0,0,0,0,0
210412,1,1,1997,17,17,17,17,17,17,17,17,17,17
210413,1,1,1997,25,25,25,25,25,25,25,25,25,25
210413,2,1,1997,0,0,0,0,0,0,0,0,0,0
210414,0,1,1997,0,0,0,0,0,0,18,0,0,0
210414,1,1,1997,0,0,0,0,0,0,0,0,0,0
210415,1,1,1997,29,29,29,29,29,29,29,29,29,29
210416,1,1,1997,28,0,0,0,0,0,0,11,0,0
210417,0,1,1997,0,0,0,0,0,0,0,0,0,0
210417,1,1,1997,0,0,0,14,0,0,0,0,0,0
210418,1,1,1997,0,0,0,0,0,0,0,16,0,0
210419,1,1,1997,0,0,0,0,0,0,0,0,0,0
210419,2,1,1997,0,0,0,0,0,0,0,0,0,0
210420,1,1,1997,0,0,0,0,0,0,0,0,0,0
210420,2,1,1997,0,0,0,0,0,0,0,0,0,0
210421,1,1,1997,5,5,5,5,5,5,5,5,5,5
210421,2,1,1997,0,0,0,0,0,0,0,0,0,0
210422,1,1,1997,13,13,13,13,13,13,13,13,13,13
210423,1,1,1997,7,7,7,7,7,7,7,7,7,7
210423,2,1,1997,0,2,0,0,0,0,0,0,0,0
210424,1,1,1997,15,15,15,15,15,15,15,15,15,15
210425,1,1,1997,18,18,18,18,18,18,18,18,18,18
210426,1,1,1997,0,0,0,0,0,0,0,0,0,0
210426,2,1,1997,8,0,0,0,0,0,17,0,0,0
210427,1,1,1997,0,0,0,0,0,0,0,0,0,0
210428,1,1,1997,0,0,0,0,0,24,0,0,0,0
210428,2,1,1997,0,0,0,0,0,0,0,0,0,0
210429,1,1,1997,0,0,0,0,0,0,0,0,0,0
210430,1,1,1997,8,8,8,8,8,8,8,8,8,8
210431,0,1,1997,0,0,0,0,0,0,0,0,0,0
210431,1,1,1997,10,10,10,10,10,10,10,10,10,10
210432,1,1,1997,9,9,9,9,9,9,9,9,9,9
210433,1,1,1997,0,0,0,0,0,0,0,0,0,0
210434,1,1,1997,30,30,30,30,30,30,30,30,30,30
210435,1,1,1997,18,18,18,18,18,18,18,18,18,18
210436,1,1,1997,0,0,0,0,0,0,0,0,0,0
210437,1,1,1997,23,0,16,0,37,11,0,15,0,21
210438,1,1,1997,0,0,0,0,0,0,0,0,0,15
210438,2,1,1997,0,0,0,0,19,0,8,0,0,0
210439,0,1,1997,21,38,0,0,22,20,21,26,0,0
210439,1,1,1997,13,13,13,13,13,13,13,13,13,13
210440,1,1,1997,0,0,0,0,0,0,14,0,0,0
210441,1,1,1997,0,0,0,0,0,0,0,0,0,0
210441,2,1,1997,0,0,0,0,0,0,0,0,0,0
210442,1,1,1997,0,0,0,0,0,0,0,0,0,0
210442,2,1,1997,0,0,0,0,0,0,0,0,0,0
210443,1,1,1997,20,20,20,20,20,20,20,20,20,20
210444,1,1,1997,0,0,0,0,0,0,0,0,0,0
210444,2,1,1997,0,0,0,0,0,0,0,0,0,0
210445,1,1,1997,2,13,5,9,15,10,13,11,11,21
210445,2,1,1997,0,0,0,28,0,0,0,0,0,0
210446,1,1,1997,29,29,29,29,29,29,29,29,29,29
210447,1,1,1997,15,15,15,15,15,15,15,15,15,15
210448,1,1,1997,0,0,0,0,0,0,0,0,0,0
210449,1,1,1997,6,6,6,6,6,6,6,6,6,6
210450,1,1,1997,0,0,0,0,0,0,0,0,0,0
210450,2,1,1997,0,0,0,0,0,0,0,0,0,0
210450,3,1,1997,0,0,0,0,0,0,0,0,0,0
210450,4,1,1997,0,0,0,0,0,0,0,0,0,0
210451,1,1,1997,0,0,0,0,0,0,0,0,0,0
210451,2,1,1997,0,0,0,0,0,0,0,0,0,0
210452,1,1,1997,0,0,0,0,0,0,18,0,0,0
210453,1,1,1997,0,0,0,0,0,0,0,0,0,0
210453,2,1,1997,0,0,0,0,0,0,0,0,0,0
210454,1,1,1997,23,23,23,23,23,23,23,23,23,23
210455,1,1,1997,0,0,25,0,0,7,0,0,0,0
210455,2,1,1997,0,0,0,0,0,0,0,0,0,0
210456,1,1,1997,0,0,0,0,0,0,0,0,0,0
210457,1,1,1997,0,0,0,0,0,0,0,0,0,0
210458,1,1,1997,23,23,23,23,23,23,23,23,23,23
210459,1,1,1997,0,0,0,0,0,0,0,0,25,0
210459,2,1,1997,9,9,9,9,9,9,9,9,9,9
210460,0,1,1997,0,0,0,0,0,0,0,0,0,0
210460,1,1,1997,0,0,0,0,0,0,0,0,0,0
210461,1,1,1997,24,24,24,24,24,24,24,24,24,24
210462,0,1,1997,0,0,0,0,0,0,0,0,0,0
210462,1,1,1997,0,0,0,0,0,0,0,0,0,0
210463,1,1,1997,27,27,27,27,27,27,27,27,27,27
210464,1,1,1997,7,7,7,7,7,7,7,7,7,7
210465,1,1,1997,0,0,0,0,0,0,0,0,0,0
210466,1,1,1997,0,0,0,0,0,0,0,0,0,0
210468,1,1,1997,0,0,0,0,0,0,0,0,0,0
210468,2,1,1997,0,0,0,0,0,0,0,0,0,0
210469,1,1,1997,0,0,0,0,0,0,0,0,0,0
210470,1,1,1997,12,12,12,12,12,12,12,12,12,12
210471,1,1,1997,20,13,14,30,21,22,0,18,0,13
210472,1,1,1997,0,0,0,0,0,0,0,0,0,0
210473,1,1,1997,24,24,24,24,24,24,24,24,24,24
210474,1,1,1997,6,6,6,6,6,6,6,6,6,6
210474,2,1,1997,0,0,0,0,0,0,0,0,0,0
210475,1,1,1997,0,0,0,0,0,0,0,0,0,0
210475,2,1,1997,0,0,9,0,0,0,0,0,0,0
210475,3,1,1997,0,0,0,0,0,0,0,0,0,0
210476,1,1,1997,18,18,18,18,18,18,18,18,18,18
210476,2,1,1997,0,0,0,0,0,0,0,0,0,0
210477,1,1,1997,0,0,0,0,0,0,0,0,0,0
210477,2,1,1997,0,0,0,0,0,0,0,0,0,0
210478,1,1,1997,0,0,0,0,0,0,0,0,0,20
210478,2,1,1997,0,0,0,0,0,0,0,0,0,0
210478,3,1,1997,0,0,0,0,0,0,0,0,0,0
210479,1,1,1997,1,1,1,1,1,1,1,1,1,1
210480,0,1,1997,0,0,0,0,0,0,0,0,0,0
210480,1,1,1997,0,0,0,0,0,0,0,0,0,0
210481,1,1,1997,0,0,0,0,0,0,0,0,0,0
210481,2,1,1997,0,0,0,15,0,0,0,0,0,0
210482,1,1,1997,0,0,0,0,0,0,0,0,0,0
210482,2,1,1997,0,0,0,0,0,0,0,0,0,0
210483,1,1,1997,0,0,0,0,0,0,0,0,0,0
210483,2,1,1997,0,0,0,0,0,0,0,0,0,0
210484,1,1,1997,0,0,0,0,0,0,0,0,0,0
210485,1,1,1997,22,21,0,0,16,0,0,0,0,0
210486,1,1,1997,0,0,0,0,0,0,0,0,0,0
210486,2,1,1997,0,0,0,0,0,0,0,12,0,0
210487,1,1,1997,16,16,16,16,16,16,16,16,16,16
210487,2,1,1997,0,0,25,0,0,0,0,0,0,0
210487,3,1,1997,0,0,0,0,0,0,0,0,0,0
210488,1,1,1997,0,0,0,0,0,0,0,0,0,0
210488,2,1,1997,0,0,0,0,0,0,0,0,0,0
210489,1,1,1997,0,0,0,0,0,0,0,0,0,0
210490,1,1,1997,0,0,0,12,0,0,0,0,24,25
210491,1,1,1997,0,0,0,0,0,0,0,0,0,0
210492,1,1,1997,0,0,27,38,31,0,27,0,0,0
210493,1,1,1997,0,0,0,0,0,0,0,0,0,0
210493,2,1,1997,0,0,2,0,0,0,0,0,0,0
210493,3,1,1997,0,0,0,0,0,0,0,0,0,0
210494,1,1,1997,19,19,19,19,19,19,19,19,19,19
210495,1,1,1997,0,0,0,0,0,0,0,0,0,0
210495,2,1,1997,0,0,0,0,0,0,0,0,0,0
210496,1,1,1997,0,0,0,0,0,0,0,0,0,17
210497,1,1,1997,0,0,0,8,0,0,9,0,0,13
210497,2,1,1997,0,0,0,0,0,0,0,0,0,0
210498,1,1,1997,0,0,0,0,0,0,0,0,0,0
210498,2,1,1997,0,0,0,0,0,0,0,0,0,0
210499,0,1,1997,0,0,0,0,0,0,0,0,0,0
210499,1,1,1997,0,0,0,0,0,0,21,0,0,0
210500,1,1,1997,14,14,14,14,14,14,14,14,14,14
210501,1,1,1997,0,0,0,0,0,0,0,0,0,0
210502,1,1,1997,16,16,16,16,16,16,16,16,16,16
210503,0,1,1997,0,0,0,0,0,0,0,0,0,0
210503,0,2,1997,0,0,0,0,0,0,0,0,0,0
210503,0,3,1997,0,0,0,0,0,0,0,0,0,0
210503,1,1,1997,0,0,0,0,0,0,0,0,0,0
210504,1,1,1997,0,0,0,0,0,0,0,0,0,0
210505,1,1,1997,0,0,0,0,0,0,0,0,0,0
210506,1,1,1997,0,0,0,0,0,0,0,0,0,0
210507,1,1,1997,15,15,15,15,15,15,15,15,15,15
210508,1,1,1997,0,13,0,0,0,0,0,0,0,0
210508,2,1,1997,0,0,0,0,0,0,0,0,0,0
210508,3,1,1997,0,0,0,0,0,0,0,0,0,0
210509,1,1,1997,0,12,0,0,0,0,0,0,0,0
210510,1,1,1997,13,13,13,13,13,13,13,13,13,13
210511,1,1,1997,14,14,14,14,14,14,14,14,14,14
210511,2,1,1997,0,0,0,0,0,0,0,0,0,0
210512,1,1,1997,9,9,9,9,9,9,9,9,9,9
210513,1,1,1997,0,0,0,0,0,0,0,0,0,0
210513,2,1,1997,0,0,0,0,0,0,0,0,0,0
210514,1,1,1997,17,17,17,17,17,17,17,17,17,17
210514,2,1,1997,0,0,0,0,0,0,0,0,0,0
210515,1,1,1997,0,0,0,0,0,0,0,0,0,0
210516,1,1,1997,4,4,4,4,4,4,4,4,4,4
210516,2,1,1997,0,0,0,0,0,0,0,0,0,0
210517,1,1,1997,0,0,0,0,0,0,0,0,0,0
210518,1,1,1997,0,0,0,0,0,0,0,12,0,0
210519,1,1,1997,0,0,0,0,0,0,0,0,0,0
210519,2,1,1997,0,0,0,0,0,0,0,0,0,0
210520,0,1,1997,0,0,0,0,0,32,0,0,0,0
210520,1,1,1997,0,0,0,0,0,0,0,0,0,0
210521,1,1,1997,0,0,0,0,0,0,4,25,0,0
210521,2,1,1997,0,0,0,0,0,0,0,0,0,0
210522,1,1,1997,0,29,0,0,0,0,0,0,0,0
210523,1,1,1997,0,0,0,0,0,0,0,0,0,0
210524,1,1,1997,12,12,12,12,12,12,12,12,12,12
210525,1,1,1997,20,20,20,20,20,20,20,20,20,20
210526,1,1,1997,0,0,13,0,0,0,0,0,0,0
210527,1,1,1997,22,22,22,22,22,22,22,22,22,22
210528,1,1,1997,12,0,0,0,30,0,20,52,12,20
210529,1,1,1997,0,0,0,0,22,0,0,0,0,0
210530,1,1,1997,10,10,10,10,10,10,10,10,10,10
210531,1,1,1997,0,0,0,0,0,0,0,0,0,0
210531,2,1,1997,0,0,0,0,0,0,0,0,0,0
210532,0,1,1997,0,25,20,42,12,21,28,41,24,23
210532,0,2,1997,24,0,0,0,31,0,0,0,27,18
210532,1,1,1997,0,0,0,0,0,0,0,0,0,0
210533,1,1,1997,15,8,21,16,11,22,17,10,6,24
210534,1,1,1997,0,0,0,0,0,0,0,0,0,0
210534,2,1,1997,0,0,0,0,0,0,0,0,0,0
210535,1,1,1997,0,0,0,0,0,0,0,0,0,0
210536,1,1,1997,0,0,0,0,0,0,0,0,0,0
210536,2,1,1997,0,0,0,0,0,0,0,0,0,0
210536,3,1,1997,0,0,0,0,0,0,0,0,0,0
210536,4,1,1997,0,0,0,0,0,0,0,0,0,0
210537,1,1,1997,27,27,27,27,27,27,27,27,27,27
210538,0,1,1997,0,0,0,0,0,0,0,0,0,0
210538,1,1,1997,0,0,0,0,0,0,0,0,0,0
210539,1,1,1997,20,20,20,20,20,20,20,20,20,20
210540,1,1,1997,0,0,0,0,0,0,0,0,0,0
210540,2,1,1997,0,0,22,0,0,0,0,0,0,0
210541,0,1,1997,0,0,0,0,0,0,0,0,0,0
210541,1,1,1997,0,0,0,17,0,0,0,0,0,0
210542,0,1,1997,0,0,0,0,0,0,0,0,0,32
210542,1,1,1997,13,13,13,13,13,13,13,13,13,13
210543,1,1,1997,16,16,16,16,16,16,16,16,16,16
210543,2,1,1997,0,0,0,0,0,0,0,0,0,0
210544,1,1,1997,0,0,0,0,0,0,0,0,0,0
210544,2,1,1997,0,0,0,0,0,0,0,0,0,0
210545,1,1,1997,0,0,0,0,0,0,0,0,0,0
210545,2,1,1997,0,0,0,0,0,0,0,0,0,0
210546,1,1,1997,0,0,0,0,0,0,0,0,0,0
210547,1,1,1997,0,0,0,0,0,0,0,0,0,0
210548,0,1,1997,13,13,13,13,13,13,13,13,13,13
210548,1,1,1997,0,0,0,0,0,0,0,0,0,0
210549,1,1,1997,9,9,9,9,9,9,9,9,9,9
210550,1,1,1997,0,0,0,0,0,0,0,0,0,0
210550,2,1,1997,0,0,0,0,0,0,0,0,0,0
210551,0,1,1997,0,22,7,16,12,0,10,6,39,27
210551,1,1,1997,0,32,8,0,11,48,10,8,14,0
210552,1,1,1997,0,0,0,0,0,0,0,0,0,0
210552,2,1,1997,0,0,0,0,0,0,0,0,0,0
210553,1,1,1997,8,8,8,8,8,8,8,8,8,8
210554,1,1,1997,0,0,0,0,0,0,0,0,0,0
210555,1,1,1997,21,21,21,21,21,21,21,21,21,21