ST_CASE,VEH_NO,PER_NO,YEAR,P1,P2,P3,P4,P5,P6,P7,P8,P9,P10
220047,0,1,1997,40,0,0,0,0,17,0,28,18,11
220047,0,2,1997,0,5,0,0,0,0,20,27,22,28
220047,1,1,1997,14,14,14,14,14,14,14,14,14,14
220048,0,1,1997,3,3,3,3,3,3,3,3,3,3
220048,1,1,1997,16,16,16,16,16,16,16,16,16,16
220049,0,1,1997,22,22,22,22,22,22,22,22,22,22
220049,1,1,1997,0,0,0,0,0,0,0,0,0,0
220050,0,1,1997,16,16,16,16,16,16,16,16,16,16
220050,1,1,1997,0,0,0,0,0,0,0,0,0,0
220051,1,1,1997,0,0,0,6,29,0,0,0,0,0
220051,2,1,1997,0,0,0,0,0,0,0,0,0,0
220052,1,1,1997,21,21,21,21,21,21,21,21,21,21
220053,1,1,1997,0,0,0,0,0,0,0,0,0,0
220054,1,1,1997,0,0,0,0,0,0,0,0,0,0
220055,1,1,1997,0,0,0,0,0,0,0,0,0,0
220055,2,1,1997,0,0,0,0,0,0,0,0,0,0
220056,0,1,1997,19,19,19,19,19,19,19,19,19,19
220056,1,1,1997,0,0,0,0,0,0,0,0,0,0
220057,0,1,1997,25,25,25,25,25,25,25,25,25,25
220057,1,1,1997,0,0,0,0,0,0,0,0,0,0
220058,1,1,1997,20,20,20,20,20,20,20,20,20,20
220059,1,1,1997,21,13,18,0,18,0,0,0,19,26
220060,1,1,1997,0,0,0,0,0,0,0,0,0,0
220060,2,1,1997,0,0,0,0,0,0,0,0,0,0
220061,1,1,1997,13,13,13,13,13,13,13,13,13,13
220062,1,1,1997,0,0,0,0,0,0,0,0,0,0
220063,1,1,1997,0,0,0,0,17,0,0,0,0,17
220064,1,1,1997,0,0,0,0,0,0,0,0,0,0
220064,2,1,1997,0,0,0,0,0,0,0,0,0,0
220065,1,1,1997,9,9,9,9,9,9,9,9,9,9
220066,1,1,1997,0,0,0,0,0,0,0,24,0,0
220067,1,1,1997,0,0,0,0,0,0,0,0,0,0
220068,1,1,1997,11,0,0,0,0,0,11,0,0,20
220068,2,1,1997,7,0,0,0,0,0,0,0,0,0
220069,0,1,1997,0,0,0,0,0,0,0,0,0,0
220069,1,1,1997,0,0,0,0,0,0,0,0,0,0
220070,1,1,1997,0,0,0,0,0,0,0,0,0,0
220070,2,1,1997,0,0,0,0,0,0,0,0,0,0
220071,1,1,1997,0,0,0,0,0,0,0,0,0,0
220072,1,1,1997,0,0,0,0,0,0,0,0,0,0
220072,2,1,1997,0,0,0,0,0,0,0,0,0,0
220073,0,1,1997,0,0,0,0,0,24,24,0,0,30
220073,1,1,1997,0,0,0,0,0,0,0,0,0,0
220074,1,1,1997,18,17,24,0,21,0,18,18,0,12
220075,0,1,1997,20,20,20,20,20,20,20,20,20,20
220075,1,1,1997,0,0,0,0,0,0,0,0,0,0
220076,0,1,1997,0,0,0,0,0,0,0,0,0,0
220076,1,1,1997,1,1,1,1,1,1,1,1,1,1
220077,1,1,1997,0,0,0,0,0,0,0,0,0,0
220078,1,1,1997,0,0,0,0,0,0,0,0,0,0
220078,2,1,1997,0,0,0,0,0,0,0,0,0,0
220079,1,1,1997,0,0,0,0,0,0,0,0,0,0
220079,2,1,1997,18,0,0,0,24,0,6,0,0,0
220080,1,1,1997,15,15,15,15,15,15,15,15,15,15
220081,1,1,1997,6,6,6,6,6,6,6,6,6,6
220082,1,1,1997,6,6,6,6,6,6,6,6,6,6
220083,1,1,1997,0,17,15,0,0,11,0,0,20,0
220084,1,1,1997,0,0,0,0,0,0,0,0,0,0
220085,1,1,1997,4,4,4,4,4,4,4,4,4,4
220086,1,1,1997,0,0,0,0,0,0,0,0,0,0
220086,2,1,1997,0,0,0,0,0,0,0,0,0,0
220087,1,1,1997,22,22,22,22,22,22,22,22,22,22
220087,2,1,1997,0,0,0,0,0,0,0,0,0,0
220088,0,1,1997,0,0,0,0,0,0,0,0,0,0
220088,1,1,1997,18,18,18,18,18,18,18,18,18,18
220089,1,1,1997,0,0,0,0,0,0,0,0,0,0
220089,2,1,1997,20,20,20,20,20,20,20,20,20,20
220090,1,1,1997,0,0,0,0,0,0,0,0,0,0
220090,2,1,1997,0,0,0,0,0,0,0,0,0,0
220091,1,1,1997,15,15,15,15,15,15,15,15,15,15
220091,2,1,1997,0,0,0,0,0,0,0,0,0,0
220091,3,1,1997,0,0,0,0,0,0,0,0,0,0
220092,1,1,1997,0,0,0,0,0,0,0,0,0,0
220092,2,1,1997,0,0,0,0,0,0,0,0,0,0
220093,1,1,1997,0,0,0,0,0,0,0,0,0,0
220093,2,1,1997,0,0,0,0,0,0,0,0,0,0
220094,1,1,1997,0,0,0,0,0,0,0,0,0,0
220094,2,1,1997,0,0,0,0,0,0,0,0,0,0
220095,1,1,1997,0,0,0,15,0,11,16,0,0,0
220095,2,1,1997,0,0,16,0,18,0,15,0,0,0
220095,3,1,1997,0,0,0,0,0,0,0,0,0,0
220096,1,1,1997,0,0,0,0,0,0,0,0,0,0
220097,1,1,1997,0,6,16,25,16,0,13,10,10,18
220097,2,1,1997,0,0,0,0,8,8,14,22,0,0
220098,1,1,1997,0,0,0,0,0,0,0,0,0,0
220099,1,1,1997,27,27,27,27,27,27,27,27,27,27
220100,1,1,1997,11,19,8,13,24,0,0,30,25,22
220101,0,1,1997,0,0,0,0,0,0,0,0,0,0
220101,1,1,1997,0,0,0,0,0,0,0,0,0,0
220102,1,1,1997,2,2,2,2,2,2,2,2,2,2
220102,2,1,1997,0,0,0,0,0,0,0,0,0,0
220103,1,1,1997,0,0,0,0,0,0,0,0,0,0
220104,1,1,1997,3,3,3,3,3,3,3,3,3,3
220105,0,1,1997,0,0,0,0,0,0,0,0,0,0
220105,1,1,1997,11,11,11,11,11,11,11,11,11,11
220106,1,1,1997,0,0,0,0,0,0,0,0,0,0
220106,2,1,1997,0,0,0,0,0,0,0,0,0,0
220106,3,1,1997,0,0,0,0,0,0,0,0,0,0
220107,1,1,1997,14,14,14,14,14,14,14,14,14,14
220108,1,1,1997,0,0,29,0,8,20,12,21,5,23
220108,2,1,1997,0,0,0,0,0,0,0,0,0,0
220109,1,1,1997,0,9,6,0,23,0,0,0,19,0
220110,1,1,1997,0,0,0,0,0,0,0,0,0,0
220110,2,1,1997,0,0,0,0,0,0,0,0,0,0
220111,1,1,1997,0,0,0,0,0,0,0,0,0,0
220111,2,1,1997,0,0,0,0,0,0,0,0,0,0
220112,0,1,1997,8,8,8,8,8,8,8,8,8,8
220112,1,1,1997,0,0,0,0,0,0,0,0,0,0
220113,1,1,1997,23,23,23,23,23,23,23,23,23,23
220114,0,1,1997,0,0,0,0,0,0,0,35,0,0
220114,1,1,1997,0,0,0,0,0,0,0,0,0,0
220115,1,1,1997,1,1,1,1,1,1,1,1,1,1
220115,2,1,1997,0,0,0,0,0,0,0,0,0,0
220116,1,1,1997,0,0,0,0,0,0,0,0,0,0
220116,2,1,1997,0,0,0,0,0,0,0,0,0,0
220117,1,1,1997,10,0,18,0,0,19,0,0,19,15
220117,2,1,1997,0,0,0,0,0,0,0,0,0,0
220118,1,1,1997,21,21,21,21,21,21,21,21,21,21
220119,1,1,1997,16,16,16,16,16,16,16,16,16,16
220119,2,1,1997,0,0,0,0,0,12,0,0,0,8
220120,0,1,1997,0,0,0,0,0,0,0,0,0,0
220120,1,1,1997,0,0,0,0,0,0,0,0,0,0
220121,1,1,1997,0,0,0,0,0,0,0,0,0,0
220121,2,1,1997,0,0,0,0,0,0,0,0,0,0
220121,3,1,1997,0,0,0,14,9,0,0,0,0,0
220122,1,1,1997,14,14,14,14,14,14,14,14,14,14
220122,2,1,1997,0,0,0,0,0,0,0,0,0,0
220123,0,1,1997,0,0,0,0,0,0,0,0,0,0
220123,1,1,1997,0,0,0,0,0,0,0,0,0,0
220124,1,1,1997,0,0,0,0,0,0,0,0,0,0
220124,2,1,1997,0,0,0,0,0,0,0,0,0,0
220125,1,1,1997,0,15,0,0,9,0,0,0,0,0
220125,2,1,1997,0,0,0,0,0,0,0,0,0,0
220126,1,1,1997,8,8,8,8,8,8,8,8,8,8
220127,0,1,1997,3,3,3,3,3,3,3,3,3,3
220127,1,1,1997,0,0,0,0,0,0,0,0,30,0
220128,1,1,1997,0,0,0,0,0,0,0,0,0,0
220128,2,1,1997,22,0,0,12,0,0,0,0,0,13
220128,3,1,1997,0,0,0,0,0,0,14,0,0,16
220129,1,2,1997,13,26,0,32,19,14,25,13,6,24
220130,0,1,1997,23,23,23,23,23,23,23,23,23,23
220130,1,1,1997,0,0,0,0,0,0,0,0,0,0
220131,1,1,1997,2,2,2,2,2,2,2,2,2,2
220132,1,1,1997,0,0,0,0,0,0,5,0,0,0
220132,2,1,1997,0,0,0,0,0,0,0,0,0,0
220133,0,1,1997,23,23,23,23,23,23,23,23,23,23
220133,1,1,1997,0,0,0,0,0,0,0,0,0,0
220134,1,1,1997,0,0,0,0,0,0,0,0,0,0
220134,2,1,1997,0,0,0,0,0,0,0,0,0,0
220135,0,1,1997,0,0,0,0,0,0,0,0,0,0
220135,1,1,1997,0,0,0,0,0,0,0,0,0,0
220136,1,1,1997,8,8,8,8,8,8,8,8,8,8
220137,1,1,1997,21,16,18,17,17,11,29,23,8,0
220138,1,1,1997,0,0,0,0,0,0,0,0,0,0
220138,2,1,1997,0,0,0,31,0,0,0,23,0,13
220139,0,1,1997,0,0,0,0,0,0,0,0,0,0
220139,1,1,1997,14,14,14,14,14,14,14,14,14,14
220140,1,1,1997,0,0,0,0,0,0,0,0,0,0
220141,1,1,1997,0,0,0,0,0,0,0,0,0,0
220141,2,1,1997,0,0,0,0,0,0,0,0,0,0
220141,3,1,1997,0,0,0,0,0,0,0,0,0,0
220141,4,1,1997,0,0,20,0,0,0,0,0,0,0
220142,1,1,1997,0,0,0,0,0,0,0,0,0,0
220143,0,1,1997,22,22,22,22,22,22,22,22,22,22
220143,1,1,1997,0,0,0,0,0,0,0,0,0,0
220144,1,1,1997,0,0,0,0,0,0,0,0,0,0
220144,2,1,1997,0,0,0,0,0,0,0,0,0,0
220145,1,1,1997,0,0,0,0,0,0,0,0,0,0
220146,0,1,1997,32,32,32,32,32,32,32,32,32,32
220146,1,1,1997,9,9,9,9,9,9,9,9,9,9
220147,0,1,1997,0,0,0,0,0,0,0,0,0,0
220147,1,1,1997,0,0,0,0,0,0,0,0,0,0
220148,1,1,1997,0,0,0,0,0,0,0,0,0,0
220149,1,1,1997,0,0,0,0,0,0,0,0,0,0
220149,2,1,1997,0,0,0,0,0,0,0,0,0,0
220150,1,1,1997,0,0,0,0,0,0,0,0,0,0
220151,1,1,1997,0,0,0,0,0,0,0,0,0,0
220151,2,1,1997,0,0,0,0,0,0,0,0,0,0
220152,1,1,1997,0,0,0,0,0,0,0,0,0,0
220152,2,1,1997,0,15,0,0,0,0,0,0,0,0
220153,1,1,1997,2,2,2,2,2,2,2,2,2,2
220153,2,1,1997,0,0,0,0,0,0,0,0,0,0
220154,1,1,1997,17,17,17,17,17,17,17,17,17,17
220154,2,1,1997,0,0,0,0,0,0,0,0,0,0
220155,1,1,1997,0,0,25,0,0,18,19,0,0,0
220155,2,1,1997,0,0,0,0,0,0,0,0,0,0
220156,1,1,1997,16,16,16,16,16,16,16,16,16,16
220157,0,1,1997,0,0,0,0,0,0,0,0,0,0
220157,1,1,1997,0,0,0,0,0,0,0,0,0,0
220158,1,1,1997,0,0,0,0,0,0,0,0,0,0
220158,2,1,1997,0,0,0,0,0,15,0,0,0,0
220159,1,1,1997,0,0,0,0,0,0,0,7,0,0
220160,1,1,1997,20,20,20,20,20,20,20,20,20,20
220161,1,1,1997,0,0,0,16,23,18,12,18,16,0
220162,1,1,1997,28,28,28,28,28,28,28,28,28,28
220163,1,1,1997,32,32,17,24,0,26,4,31,0,19
220164,1,1,1997,0,0,0,0,0,0,0,0,0,0
220164,2,1,1997,0,0,0,0,0,0,0,0,0,0
220165,0,1,1997,0,0,31,24,7,0,0,29,0,20
220165,1,1,1997,14,30,12,12,16,19,4,6,22,12
220166,1,1,1997,2,20,0,31,28,16,9,18,0,0
220167,0,1,1997,16,16,16,16,16,16,16,16,16,16
220167,1,1,1997,0,0,0,0,0,0,16,0,0,16
220168,0,1,1997,0,0,0,0,0,0,0,0,0,0
220168,1,1,1997,0,0,0,0,0,0,0,0,0,0
220169,1,1,1997,13,0,16,7,26,2,19,0,6,27
220169,2,1,1997,6,0,24,0,0,0,5,0,0,0
220170,0,1,1997,0,0,0,0,0,0,0,0,0,0
220170,1,1,1997,0,0,0,0,0,0,0,0,0,0
220171,1,1,1997,18,18,18,18,18,18,18,18,18,18
220171,2,1,1997,0,0,0,0,0,0,0,0,0,0
220172,1,1,1997,29,11,11,5,19,22,15,16,12,25
220173,1,1,1997,0,0,0,0,0,0,0,0,0,0
220174,1,1,1997,10,10,10,10,10,10,10,10,10,10
220175,1,1,1997,0,0,0,0,0,0,0,0,0,0
220176,1,1,1997,0,0,0,0,0,0,0,0,0,0
220176,2,1,1997,0,0,0,0,0,0,0,0,0,0
220177,1,1,1997,0,0,0,0,0,0,0,0,0,0
220177,2,1,1997,0,0,0,0,0,0,0,0,0,0
220178,0,1,1997,12,0,27,0,24,19,12,16,19,50
220178,1,1,1997,18,18,18,18,18,18,18,18,18,18
220179,1,1,1997,0,0,0,0,0,0,0,0,0,0
220180,1,1,1997,0,0,0,0,0,0,0,0,0,0
220181,1,1,1997,22,22,22,22,22,22,22,22,22,22
220182,1,1,1997,0,6,0,0,0,0,0,0,30,11
220182,2,1,1997,0,0,0,0,0,0,0,0,0,0
220182,3,1,1997,0,0,0,0,0,0,0,0,0,0
220183,1,1,1997,0,26,0,33,21,0,0,0,0,20
220184,1,1,1997,23,23,23,23,23,23,23,23,23,23
220185,1,1,1997,11,11,13,0,3,0,0,0,0,0
220185,2,1,1997,0,32,0,0,0,32,0,33,0,21
220186,0,1,1997,0,0,0,0,0,0,0,0,0,0
220186,1,1,1997,0,0,0,0,0,0,0,0,0,0
220187,1,1,1997,0,0,0,0,0,0,0,0,0,0
220187,2,1,1997,0,0,0,0,0,0,0,0,0,0
220188,0,1,1997,16,26,19,0,38,26,11,17,23,31
220188,1,1,1997,13,13,13,13,13,13,13,13,13,13
220189,1,1,1997,0,0,0,0,0,0,0,0,0,0
220189,2,1,1997,0,0,0,0,0,0,0,0,0,0
220190,1,1,1997,13,13,13,13,13,13,13,13,13,13
220191,1,1,1997,20,20,20,20,20,20,20,20,20,20
220192,0,1,1997,13,13,13,13,13,13,13,13,13,13
220192,1,1,1997,20,20,20,20,20,20,20,20,20,20
220193,1,1,1997,0,0,0,0,0,0,0,0,0,0
220193,2,1,1997,0,0,0,0,0,0,0,0,0,0
220194,0,1,1997,24,24,24,24,24,24,24,24,24,24
220194,1,1,1997,21,21,21,21,21,21,21,21,21,21
220195,1,1,1997,0,0,0,0,0,0,0,0,0,0
220195,2,1,1997,0,0,0,0,0,0,0,0,0,0
220196,1,1,1997,28,28,28,28,28,28,28,28,28,28
220197,0,1,1997,0,20,14,35,8,41,35,0,8,14
220197,1,1,1997,0,0,0,0,0,0,0,0,0,0
220198,1,1,1997,0,0,0,0,0,0,0,0,0,0
220199,0,1,1997,30,30,30,30,30,30,30,30,30,30
220199,1,1,1997,0,0,0,0,0,0,0,0,0,0
220200,1,1,1997,0,23,25,0,16,0,16,14,0,0
220201,1,1,1997,0,0,0,0,0,0,0,0,0,0
220202,1,1,1997,0,0,0,0,0,0,0,0,0,0
220202,2,1,1997,0,0,0,0,0,0,0,0,0,0
220203,1,1,1997,22,8,18,17,0,0,0,0,0,0
220204,1,1,1997,7,7,7,7,7,7,7,7,7,7
220205,1,1,1997,0,0,0,0,0,0,0,0,0,0
220205,2,1,1997,0,0,0,9,17,0,0,0,0,0
220205,3,1,1997,0,0,0,0,0,0,0,0,0,0
220205,4,1,1997,0,0,0,0,0,0,0,0,0,0
220206,1,1,1997,0,0,0,0,0,0,0,0,0,0
220207,1,1,1997,0,0,0,0,0,0,0,0,0,0
220207,2,1,1997,0,0,0,0,0,0,0,0,0,0
220207,3,1,1997,0,0,0,0,0,0,0,0,0,0
220208,1,1,1997,16,29,17,28,10,31,29,21,0,16
220209,0,1,1997,12,0,0,0,0,22,0,0,0,0
220209,1,1,1997,0,0,0,0,0,0,0,0,0,0
220210,0,1,1997,20,20,20,20,20,20,20,20,20,20
220210,1,1,1997,0,0,0,0,0,34,0,0,0,0
220211,1,1,1997,0,0,0,0,0,0,0,0,0,0
220212,1,1,1997,31,9,0,11,19,19,19,25,15,6
220213,1,1,1997,0,0,0,0,0,0,0,0,0,0
220213,2,1,1997,0,0,0,0,0,0,0,0,0,0
220214,1,1,1997,0,0,0,0,0,0,0,0,0,0
220215,1,1,1997,0,0,0,0,0,0,0,0,0,0
220216,1,1,1997,10,10,10,10,10,10,10,10,10,10
220217,0,1,1997,10,10,10,10,10,10,10,10,10,10
220217,1,1,1997,0,0,0,0,0,0,0,0,0,0
220218,1,1,1997,0,0,0,0,0,0,0,0,0,0
220218,2,1,1997,0,0,0,0,0,0,0,0,0,0
220219,1,1,1997,11,11,11,11,11,11,11,11,11,11
220219,2,1,1997,0,0,0,0,0,0,0,0,0,0
220220,1,1,1997,0,0,0,0,0,0,0,0,0,0
220220,2,1,1997,0,0,0,0,0,0,0,0,0,0
220221,1,1,1997,0,0,7,0,0,0,0,0,0,0
220221,2,1,1997,6,0,0,0,26,15,0,16,8,11
220221,3,1,1997,0,0,0,0,0,0,0,0,0,0
220222,1,1,1997,0,16,0,0,14,22,18,0,0,0
220222,2,1,1997,0,0,0,0,0,0,0,0,0,0
220223,0,1,1997,0,0,0,0,0,0,0,0,0,0
220223,1,1,1997,0,0,0,0,0,0,0,0,0,0
220224,1,1,1997,0,0,0,0,0,0,0,0,0,0
220224,2,1,1997,0,0,0,0,0,0,0,0,0,0
220225,1,1,1997,0,0,0,0,0,0,0,0,0,0
220226,1,1,1997,24,24,0,0,12,0,0,21,14,0
220226,2,1,1997,0,0,0,0,0,0,0,0,0,0
220227,0,1,1997,0,0,0,0,0,0,0,0,0,0
220227,1,1,1997,0,0,0,0,0,0,0,0,0,0
220228,1,1,1997,0,0,0,0,0,0,10,0,20,0
220229,1,1,1997,0,0,0,0,0,0,0,0,0,9
220230,1,1,1997,0,0,0,0,0,0,0,0,0,0
220231,1,1,1997,17,0,10,0,0,0,0,29,13,20
220231,2,1,1997,0,0,0,0,0,0,0,0,0,0
220232,1,1,1997,6,6,6,6,6,6,6,6,6,6
220232,2,1,1997,3,3,3,3,3,3,3,3,3,3
220233,1,1,1997,11,11,11,11,11,11,11,11,11,11
220233,2,1,1997,3,0,0,0,0,8,0,0,0,0
220234,1,1,1997,0,0,0,0,0,0,0,0,0,0
220234,2,1,1997,17,17,17,17,17,17,17,17,17,17
220235,1,1,1997,21,21,21,21,21,21,21,21,21,21
220235,2,1,1997,0,0,0,0,0,0,0,0,0,0
220236,1,1,1997,17,17,17,17,17,17,17,17,17,17
220237,0,1,1997,34,45,0,18,9,20,0,0,10,0
220237,1,1,1997,0,0,0,0,0,0,0,0,0,0
220238,0,1,1997,0,0,0,0,0,0,0,0,0,0
220238,1,1,1997,0,0,0,0,0,0,0,0,0,0
220239,1,1,1997,16,16,16,16,16,16,16,16,16,16
220239,2,1,1997,0,0,0,0,0,0,0,0,0,0
220240,0,1,1997,0,0,0,0,0,0,0,0,0,0
220240,1,1,1997,0,0,0,0,0,0,0,0,0,0
220241,1,1,1997,0,0,0,0,0,0,0,0,0,0
220242,1,1,1997,14,0,0,0,0,0,21,0,0,0
220242,2,1,1997,0,0,0,0,0,0,0,0,0,0
220243,1,1,1997,14,14,14,14,14,14,14,14,14,14
220244,1,1,1997,0,0,0,0,0,0,0,0,0,0
220244,2,1,1997,0,0,0,0,0,0,0,0,0,0
220245,1,1,1997,0,0,0,0,0,0,0,0,0,0
220246,1,1,1997,0,0,0,0,0,0,0,0,0,0
220247,0,1,1997,13,31,20,38,44,9,20,10,26,12
220247,0,2,1997,12,29,15,16,21,27,0,6,31,27
220247,0,3,1997,23,10,9,21,13,25,0,0,13,26
220247,0,4,1997,0,0,0,0,24,6,0,0,22,31
220247,1,1,1997,15,15,15,15,15,15,15,15,15,15
220248,0,1,1997,28,23,0,9,0,13,0,0,0,0
220248,1,1,1997,21,21,21,21,21,21,21,21,21,21
220249,1,1,1997,16,16,16,16,16,16,16,16,16,16
220249,2,1,1997,0,0,0,0,0,0,0,0,0,0
220249,3,1,1997,0,0,8,7,0,0,9,0,0,18
220250,1,1,1997,16,16,16,16,16,16,16,16,16,16
220251,0,1,1997,16,16,16,16,16,16,16,16,16,16
220251,0,2,1997,1,1,1,1,1,1,1,1,1,1
220251,1,1,1997,0,0,0,0,0,0,0,0,0,0
220252,1,1,1997,0,0,0,0,0,0,0,0,0,0
220253,1,1,1997,0,0,0,0,0,0,0,0,0,0
220253,2,1,1997,0,0,0,0,0,0,0,0,0,0
220254,1,1,1997,0,0,26,11,22,0,0,0,0,22
220255,1,1,1997,0,0,0,0,0,0,0,0,0,0
220255,2,1,1997,0,0,0,0,0,0,0,0,0,0
220256,0,1,1997,31,12,26,24,7,15,19,22,0,30
220256,1,1,1997,0,0,0,0,0,0,0,0,0,0
220257,1,1,1997,0,0,0,0,0,0,0,0,0,0
220258,1,1,1997,0,0,0,0,0,0,0,0,0,0
220258,2,1,1997,0,0,0,0,0,0,0,0,0,0
220258,3,1,1997,0,0,0,0,0,0,0,0,0,0
220259,0,1,1997,19,19,19,19,19,19,19,19,19,19
220259,1,1,1997,0,0,0,0,0,0,0,0,0,0
220260,1,1,1997,0,0,0,0,0,0,0,0,0,0
220260,2,1,1997,0,0,0,0,0,0,0,0,0,0
220261,1,1,1997,0,0,0,0,0,0,0,0,0,0
220261,2,1,1997,0,0,0,0,0,0,0,0,0,0
220262,1,1,1997,0,0,0,0,0,0,0,0,0,0
220262,2,1,1997,0,0,0,0,0,0,0,0,0,0
220263,1,1,1997,17,17,17,17,17,17,17,17,17,17
220264,0,1,1997,15,15,15,15,15,15,15,15,15,15
220264,1,1,1997,0,0,0,0,0,0,0,0,19,0
220265,1,1,1997,0,0,0,0,16,0,0,0,0,0
220265,2,1,1997,0,0,0,0,0,0,0,0,0,0
220266,1,1,1997,0,0,11,0,3,0,0,0,0,0
220267,1,1,1997,0,0,0,0,0,0,0,0,0,0
220267,2,1,1997,0,0,0,0,0,0,0,0,0,0
220267,3,1,1997,0,0,0,0,0,0,0,0,0,0
220267,4,1,1997,0,0,0,0,0,0,0,0,0,0
220268,1,1,1997,0,0,0,0,0,0,0,0,0,0
220268,2,1,1997,0,39,0,0,0,0,16,22,0,0
220269,1,1,1997,2,2,2,2,2,2,2,2,2,2
220270,1,1,1997,0,0,18,0,13,22,9,3,0,21
220271,0,1,1997,0,0,27,33,11,0,27,14,33,39
220271,1,1,1997,0,0,0,0,0,0,0,0,0,0
220272,0,1,1997,0,0,0,0,0,0,0,0,0,0
220272,1,1,1997,0,0,0,0,0,0,0,0,0,0
220272,2,1,1997,0,0,0,0,0,0,0,0,0,0
220273,1,1,1997,0,0,0,0,0,0,0,0,0,0
220273,2,1,1997,0,0,0,0,0,0,0,0,0,0
220274,1,1,1997,0,0,0,0,0,0,0,0,0,0
220275,1,1,1997,0,0,0,20,0,0,0,0,0,0
220275,2,1,1997,26,11,22,0,16,18,15,0,5,11
220276,1,1,1997,21,21,21,21,21,21,21,21,21,21
220276,2,1,1997,0,0,0,0,0,0,0,0,0,23
220276,3,1,1997,0,0,0,0,0,0,0,0,0,0
220277,1,1,1997,0,0,9,7,0,25,0,0,12,0
220277,2,1,1997,0,0,0,0,0,0,0,0,0,0
220278,1,1,1997,14,14,14,14,14,14,14,14,14,14
220279,1,1,1997,0,0,0,0,0,0,0,0,0,0
220279,2,1,1997,0,0,0,0,0,0,0,20,0,0
220280,1,1,1997,0,0,0,0,0,0,0,0,0,0
220281,1,1,1997,0,0,19,0,0,0,0,0,0,0
220281,2,1,1997,0,0,0,0,0,0,0,0,0,0
220282,1,1,1997,0,0,10,0,0,0,0,0,18,0
220283,1,1,1997,0,0,0,0,0,0,0,0,0,0
220283,2,1,1997,0,0,0,0,0,0,0,0,0,0
220284,1,1,1997,19,19,19,19,19,19,19,19,19,19
220285,1,1,1997,0,0,0,0,0,0,0,0,0,0
220286,1,1,1997,0,25,21,26,0,0,16,41,22,21
220287,1,1,1997,27,27,27,27,27,27,27,27,27,27
220287,2,1,1997,0,0,0,0,0,0,0,0,0,0
220288,1,1,1997,5,0,34,24,27,25,0,14,13,16
220289,1,1,1997,24,22,32,0,22,0,9,0,0,19
220289,2,1,1997,0,0,0,0,0,0,0,0,0,0
220290,1,1,1997,37,18,11,0,0,0,7,29,0,0
220291,1,1,1997,26,26,26,26,26,26,26,26,26,26
220292,1,1,1997,21,18,8,0,0,0,13,18,36,0
220293,1,1,1997,18,18,18,18,18,18,18,18,18,18
220294,1,1,1997,0,0,0,0,0,0,0,0,0,0
220294,2,1,1997,0,0,0,0,0,0,0,0,0,0
220295,1,1,1997,0,0,0,11,0,12,0,0,0,0
220295,2,1,1997,0,0,0,0,0,0,0,0,0,0
220296,1,1,1997,0,0,0,0,0,0,0,0,0,0
220297,1,1,1997,0,0,23,0,0,25,0,18,11,17
220297,2,1,1997,0,0,0,0,0,0,0,0,0,0
220298,0,1,1997,24,22,0,0,9,0,14,22,0,0
220298,1,1,1997,0,0,0,0,0,0,0,5,0,0
220299,1,1,1997,0,0,0,0,0,0,0,0,0,0
220300,1,1,1997,17,17,17,17,17,17,17,17,17,17
220301,0,1,1997,23,23,23,23,23,23,23,23,23,23
220301,1,1,1997,14,0,0,0,35,0,0,0,0,23
220302,1,1,1997,22,22,22,22,22,22,22,22,22,22
220303,1,1,1997,0,0,0,0,0,0,0,0,0,9
220304,1,1,1997,0,0,0,0,0,0,0,0,0,0
220305,1,1,1997,0,0,0,0,0,0,0,0,0,0
220305,2,1,1997,0,3,0,0,0,0,0,0,0,0
220305,3,1,1997,0,0,0,0,0,0,0,0,0,0
220306,0,1,1997,0,0,0,8,0,0,13,0,0,0
220306,1,1,1997,0,16,0,9,24,0,0,7,0,0
220307,1,1,1997,0,0,0,0,0,0,0,0,0,0
220307,2,1,1997,0,0,0,0,0,0,14,0,0,0
220308,0,1,1997,25,25,25,25,25,25,25,25,25,25
220308,1,1,1997,18,18,18,18,18,18,18,18,18,18
220309,1,1,1997,0,0,0,0,0,0,0,0,0,0
220309,2,1,1997,0,0,0,0,0,0,0,0,0,0
220310,1,1,1997,0,0,0,0,0,0,0,0,0,0
220310,2,1,1997,0,0,0,0,0,0,0,0,0,0
220310,3,1,1997,0,0,0,0,0,0,0,0,0,0
220311,1,1,1997,0,0,9,15,0,0,0,0,0,25
220311,2,1,1997,9,0,20,0,0,0,0,4,0,0
220312,1,1,1997,0,0,0,0,11,23,0,28,30,0
220312,2,1,1997,0,0,0,0,0,0,0,11,0,0