ST_CASE,VEH_NO,PER_NO,YEAR,P1,P2,P3,P4,P5,P6,P7,P8,P9,P10
230021,1,1,1997,0,0,0,0,0,0,0,0,0,0
230021,2,1,1997,0,0,0,0,0,0,0,0,0,0
230022,1,1,1997,0,0,0,0,0,0,0,0,0,0
230022,2,1,1997,0,0,0,0,0,0,0,0,0,0
230023,1,1,1997,16,16,16,16,16,16,16,16,16,16
230024,1,1,1997,14,14,14,14,14,14,14,14,14,14
230025,1,1,1997,0,0,0,0,0,0,0,0,0,0
230026,1,1,1997,0,0,0,0,0,0,0,0,0,0
230027,1,1,1997,18,18,18,18,18,18,18,18,18,18
230028,1,1,1997,0,0,0,0,0,0,0,0,0,0
230028,2,1,1997,0,0,0,0,0,0,0,0,0,0
230029,1,1,1997,18,18,18,18,18,18,18,18,18,18
230029,2,1,1997,0,0,0,0,0,0,0,0,0,0
230030,1,1,1997,0,0,0,0,0,0,0,0,0,0
230031,1,1,1997,0,0,0,0,0,0,0,0,0,0
230032,1,1,1997,0,0,0,0,0,0,0,0,0,0
230033,1,1,1997,0,0,0,0,0,0,0,0,0,0
230033,2,1,1997,0,0,0,0,0,0,0,0,0,0
230034,1,1,1997,0,0,0,0,0,0,0,0,0,0
230035,1,1,1997,24,25,24,16,6,26,15,21,0,6
230035,2,1,1997,0,0,0,0,0,0,0,0,0,0
230036,0,1,1997,5,5,5,5,5,5,5,5,5,5
230036,1,1,1997,0,0,0,0,0,0,0,0,0,0
230037,1,1,1997,21,21,21,21,21,21,21,21,21,21
230038,1,1,1997,10,10,10,10,10,10,10,10,10,10
230039,1,1,1997,0,0,0,0,0,0,0,0,0,0
230040,1,1,1997,0,0,0,0,0,0,0,0,0,0
230040,2,1,1997,0,0,0,0,0,0,0,0,0,0
230040,3,1,1997,0,0,0,0,0,0,0,0,0,0
230041,1,1,1997,13,13,13,13,13,13,13,13,13,13
230042,1,1,1997,0,0,0,0,0,0,0,0,0,0
230042,2,1,1997,0,0,0,0,0,0,0,0,0,0
230043,1,1,1997,0,0,0,0,0,0,0,0,0,0
230043,2,1,1997,0,0,0,0,0,0,0,0,0,0
230044,0,1,1997,0,0,0,0,0,0,0,0,0,0
230044,1,1,1997,0,0,0,0,0,0,0,0,0,0
230045,1,1,1997,26,26,26,26,26,26,26,26,26,26
230046,1,1,1997,0,0,0,0,0,0,0,0,0,0
230046,2,1,1997,0,0,0,0,2,0,0,0,0,0
230047,1,1,1997,24,24,24,24,24,24,24,24,24,24
230047,2,1,1997,0,0,0,0,0,0,0,0,0,0
230047,3,1,1997,0,0,0,0,0,0,0,0,0,0
230047,4,1,1997,0,0,12,0,0,0,0,0,0,0
230047,5,1,1997,0,0,0,0,0,0,0,0,0,0
230048,1,1,1997,0,0,0,0,0,0,0,0,0,0
230048,2,1,1997,0,0,0,0,0,0,0,0,0,0
230049,1,1,1997,0,0,0,0,0,0,0,0,0,0
230049,2,1,1997,0,0,0,0,0,0,0,0,0,0
230050,1,1,1997,18,18,18,18,18,18,18,18,18,18
230051,1,1,1997,0,0,0,0,0,0,0,0,0,0
230052,1,1,1997,0,0,0,0,0,0,0,0,0,0
230053,1,1,1997,0,0,0,0,0,0,0,0,0,0
230053,2,1,1997,0,0,0,0,0,0,0,0,0,0
230054,1,1,1997,0,0,0,0,0,0,0,0,0,0
230054,2,1,1997,39,39,39,39,39,39,39,39,39,39
230055,1,1,1997,0,0,0,0,0,0,0,0,0,0
230055,2,1,1997,0,0,0,0,0,0,0,0,0,0
230056,1,1,1997,0,0,0,11,19,0,17,0,14,0
230057,1,1,1997,15,15,15,15,15,15,15,15,15,15
230058,1,1,1997,0,0,0,0,0,0,0,0,0,0
230059,1,1,1997,12,12,12,12,12,12,12,12,12,12
230060,1,1,1997,0,0,0,0,0,0,0,0,0,0
230060,2,1,1997,0,0,0,0,0,0,0,0,0,0
230061,1,1,1997,0,0,0,0,0,0,0,0,0,0
230061,2,1,1997,0,0,0,0,0,0,0,0,0,0
230062,1,1,1997,0,0,0,0,0,0,0,0,0,0
230062,2,1,1997,0,0,0,0,0,0,0,0,0,0
230063,1,1,1997,13,13,13,13,13,13,13,13,13,13
230063,2,1,1997,0,17,0,0,0,0,0,0,0,16
230064,1,1,1997,0,0,0,16,0,0,0,0,0,0
230065,1,1,1997,0,0,0,0,0,0,0,0,0,0
230065,2,1,1997,0,0,0,0,0,0,0,0,0,0
230066,1,1,1997,0,0,15,0,0,0,0,0,0,0
230066,2,1,1997,10,10,10,10,10,10,10,10,10,10
230067,1,1,1997,9,9,9,9,9,9,9,9,9,9
230068,1,1,1997,0,0,0,0,0,0,0,0,0,0
230069,1,1,1997,11,11,11,11,11,11,11,11,11,11
230070,1,1,1997,0,0,0,0,0,0,0,0,0,0
230070,2,1,1997,0,0,0,0,0,0,0,0,0,0
230071,1,1,1997,0,0,0,0,0,0,0,0,0,0
230071,2,1,1997,24,24,24,24,24,24,24,24,24,24
230072,0,1,1997,18,18,18,18,18,18,18,18,18,18
230072,1,1,1997,3,3,3,3,3,3,3,3,3,3
230073,1,1,1997,0,0,0,0,0,0,0,0,0,0
230074,1,1,1997,21,21,21,21,21,21,21,21,21,21
230075,0,1,1997,0,0,0,0,0,0,0,0,0,0
230075,1,1,1997,0,0,0,0,0,0,0,0,0,0
230076,1,1,1997,0,0,0,0,0,0,0,0,0,0
230076,2,1,1997,0,0,0,0,0,0,0,0,0,0
230077,1,1,1997,0,0,0,0,0,0,0,0,0,0
230077,2,1,1997,0,0,0,0,0,0,0,0,0,0
230078,0,1,1997,19,19,19,19,19,19,19,19,19,19
230078,1,1,1997,0,0,0,0,0,0,0,0,0,0
230079,1,1,1997,0,0,0,0,0,0,0,0,0,0
230080,1,1,1997,30,30,30,30,30,30,30,30,30,30
230080,2,1,1997,0,0,0,0,0,0,0,0,0,0
230081,1,1,1997,0,0,0,0,0,0,0,0,0,0
230081,2,1,1997,0,0,0,0,0,0,0,0,0,0
230081,3,1,1997,0,0,0,0,0,0,0,0,0,0
230081,4,1,1997,0,0,0,0,0,0,0,0,0,0
230082,1,1,1997,10,10,10,10,10,10,10,10,10,10
230083,1,1,1997,0,0,0,0,0,0,0,0,0,0
230084,1,1,1997,0,0,0,0,0,0,0,0,0,0
230084,2,1,1997,0,0,0,0,0,0,0,0,0,0
230085,1,1,1997,0,29,14,22,0,0,0,0,0,0
230085,2,1,1997,0,0,0,0,0,0,0,0,0,0
230086,1,1,1997,25,25,25,25,25,25,25,25,25,25
230087,1,1,1997,24,24,24,24,24,24,24,24,24,24
230088,1,1,1997,20,20,20,20,20,20,20,20,20,20
230089,1,1,1997,0,0,0,0,0,0,0,0,0,0
230089,2,1,1997,0,0,0,0,0,0,0,0,0,0
230090,1,1,1997,0,0,0,0,0,0,0,0,0,0
230090,2,1,1997,0,0,0,0,0,0,0,0,0,0
230091,1,1,1997,0,0,0,0,0,0,0,0,0,0
230092,1,1,1997,0,0,0,0,0,0,0,0,0,0
230093,1,1,1997,0,0,0,0,0,0,0,0,0,0
230093,2,1,1997,0,0,0,0,0,0,0,0,0,0
230094,1,1,1997,0,0,0,0,0,0,0,0,0,0
230095,1,1,1997,11,0,0,0,0,0,0,0,0,0
230096,1,1,1997,0,0,0,0,0,0,0,0,0,0
230096,2,1,1997,0,0,0,0,0,0,0,0,0,0
230096,3,1,1997,0,0,0,0,0,0,0,0,0,0
230097,1,1,1997,0,0,0,0,0,0,0,0,0,0
230098,1,1,1997,8,8,8,8,8,8,8,8,8,8
230098,2,1,1997,20,20,20,20,20,20,20,20,20,20
230099,1,1,1997,0,12,0,0,0,0,0,0,0,0
230099,2,1,1997,0,0,0,0,0,0,0,0,0,0
230100,1,1,1997,0,0,0,0,0,0,0,0,0,0
230101,1,1,1997,0,0,0,0,0,0,0,0,0,0
230102,1,1,1997,11,11,11,11,11,11,11,11,11,11
230103,1,1,1997,0,0,0,0,0,0,0,0,0,0
230103,2,1,1997,0,0,0,0,0,0,0,0,0,0
230103,3,1,1997,0,0,0,0,0,0,0,0,0,0
230104,1,1,1997,0,0,0,0,0,0,0,0,0,0
230104,2,1,1997,0,0,0,0,0,0,0,0,0,0
230105,1,1,1997,1,1,1,1,1,1,1,1,1,1
230106,1,1,1997,0,0,0,0,0,0,0,0,0,0
230107,1,1,1997,0,0,0,0,0,0,0,0,0,0
230107,2,1,1997,0,0,0,0,0,0,0,0,0,0
230108,1,1,1997,0,0,0,0,0,0,0,0,0,0
230109,0,1,1997,0,0,0,0,0,0,0,0,0,0
230109,1,1,1997,0,0,0,0,0,0,0,0,0,0
230110,1,1,1997,0,0,0,0,0,0,0,0,0,0
230111,1,1,1997,0,0,0,0,0,0,0,0,0,0
230111,2,1,1997,0,0,0,0,0,0,0,0,0,0
230112,1,1,1997,0,0,0,0,0,0,0,0,0,0
230112,2,1,1997,0,0,0,0,0,0,0,0,0,0
230113,1,1,1997,0,0,0,0,0,0,0,0,0,0
230113,2,1,1997,0,0,0,0,0,0,0,0,0,0
230114,0,1,1997,0,0,0,0,0,0,0,0,0,0
230114,1,1,1997,0,0,0,0,0,0,0,0,0,0
230115,1,1,1997,0,0,0,0,0,0,0,0,0,0
230115,2,1,1997,0,0,0,0,0,0,0,0,0,0
230115,3,1,1997,0,0,0,0,0,0,13,0,0,0
230116,0,1,1997,16,16,16,16,16,16,16,16,16,16
230116,1,1,1997,10,0,0,22,0,0,0,0,0,0
230117,1,1,1997,0,0,0,0,0,0,0,0,0,0
230117,2,1,1997,0,0,0,0,0,0,0,0,0,0
230118,1,1,1997,0,0,0,0,0,0,0,0,0,0
230119,1,1,1997,0,0,0,0,0,0,0,0,0,0
230119,2,1,1997,0,0,0,0,0,0,0,0,0,0
230119,3,1,1997,0,0,0,0,0,0,0,0,0,0
230120,1,1,1997,0,0,0,0,0,0,0,0,0,0
230120,2,1,1997,0,0,0,0,0,0,0,0,0,0
230121,1,1,1997,16,16,16,16,16,16,16,16,16,16
230122,1,1,1997,7,7,7,7,7,7,7,7,7,7
230123,0,1,1997,0,0,0,0,0,0,0,0,0,0
230123,1,1,1997,0,0,0,0,0,0,0,0,0,0
230124,1,1,1997,0,0,0,0,0,0,0,0,0,0
230124,2,1,1997,0,0,0,0,0,0,0,0,0,0
230125,1,1,1997,0,0,0,0,0,0,0,0,0,0
230125,2,1,1997,0,0,0,0,0,0,0,0,0,0
230126,0,1,1997,0,0,0,0,0,0,0,0,0,0
230126,1,1,1997,0,0,0,0,0,0,0,0,0,0
230127,0,1,1997,29,29,29,29,29,29,29,29,29,29
230127,1,1,1997,0,0,0,0,0,0,0,0,0,0
230128,1,1,1997,0,0,0,0,0,0,0,0,0,0
230129,1,1,1997,0,0,0,0,0,0,0,0,0,0
230129,2,1,1997,0,0,0,0,0,0,0,0,0,0
230130,1,1,1997,13,13,13,13,13,13,13,13,13,13
230131,1,1,1997,0,0,0,0,0,0,0,0,0,0
230131,2,1,1997,0,0,0,0,0,0,0,0,0,0
230132,1,1,1997,29,29,29,29,29,29,29,29,29,29
230133,1,1,1997,16,16,16,16,16,16,16,16,16,16
230134,1,1,1997,19,19,19,19,19,19,19,19,19,19
230135,1,1,1997,27,27,27,27,27,27,27,27,27,27
230136,1,1,1997,0,0,0,0,0,0,0,0,0,0
230136,2,1,1997,0,0,0,0,0,0,0,0,0,0
230136,3,1,1997,0,0,0,0,0,0,0,0,0,0
230137,0,1,1997,0,0,0,0,0,0,0,0,0,0
230137,1,1,1997,0,0,0,0,0,0,0,0,0,0
230138,1,1,1997,21,21,21,21,21,21,21,21,21,21
230139,1,1,1997,0,0,0,0,0,0,0,0,0,0
230139,2,1,1997,0,0,0,0,0,0,0,0,0,0
230140,1,1,1997,0,0,0,0,0,0,0,0,0,0
230140,2,1,1997,3,3,3,3,3,3,3,3,3,3
230141,1,1,1997,0,0,0,0,0,0,0,0,0,0
230141,2,1,1997,0,0,0,0,0,0,0,0,0,0
230141,3,1,1997,0,0,0,0,0,0,0,0,0,0
230142,1,1,1997,0,0,0,0,0,0,0,0,0,0
230143,0,1,1997,0,0,0,0,0,0,0,0,0,0
230143,1,1,1997,1,1,1,1,1,1,1,1,1,1
230144,0,1,1997,0,7,0,0,16,0,0,17,0,0
230144,1,1,1997,24,24,24,24,24,24,24,24,24,24
230145,1,1,1997,17,17,17,17,17,17,17,17,17,17
230146,1,1,1997,0,0,0,0,0,0,0,0,0,0
230146,2,1,1997,0,0,0,0,0,0,0,0,0,0
230146,3,1,1997,0,0,0,0,0,0,0,0,0,0
230147,1,1,1997,0,0,0,0,0,0,0,0,0,0
230148,1,1,1997,0,0,0,0,0,0,0,0,0,0
230148,2,1,1997,0,0,0,0,0,0,0,0,0,0
230149,1,1,1997,0,0,0,0,0,0,0,0,0,0
230150,1,1,1997,0,0,0,0,0,0,0,0,0,0
230150,2,1,1997,0,0,0,0,0,0,0,0,0,0
230151,1,1,1997,0,0,0,0,0,0,0,0,0,0
230152,0,1,1997,0,0,0,0,0,0,0,0,0,0
230152,1,1,1997,0,0,0,0,0,0,0,0,0,0
230153,1,1,1997,0,0,0,0,0,0,0,0,0,0
230153,2,1,1997,0,0,0,0,0,0,0,0,0,0
230153,3,1,1997,0,0,0,0,0,0,0,0,0,0
230154,1,1,1997,10,10,10,10,10,10,10,10,10,10
230155,1,1,1997,0,0,0,0,0,0,0,0,0,0
230155,2,1,1997,0,0,0,0,0,0,0,0,0,0
230156,0,1,1997,0,0,0,0,0,0,0,0,0,0
230156,1,1,1997,0,0,0,0,0,0,0,0,0,0
230157,1,1,1997,0,0,0,0,0,0,0,0,0,0
230158,1,1,1997,0,0,0,0,0,0,0,0,0,0
230159,1,1,1997,0,0,0,0,0,0,0,0,0,0
230159,2,1,1997,0,0,0,0,0,0,0,0,0,0
230160,0,1,1997,0,0,0,0,0,0,0,0,0,0
230160,1,1,1997,0,0,0,0,0,0,0,0,0,0
230161,0,1,1997,0,0,0,0,0,0,0,0,0,0
230161,1,1,1997,0,0,0,0,0,0,0,0,0,0
230162,1,1,1997,0,0,0,0,0,0,0,0,0,0
230162,2,1,1997,0,0,0,0,0,0,0,0,0,0
230163,1,1,1997,8,8,8,8,8,8,8,8,8,8
230164,1,1,1997,18,18,18,18,18,18,18,18,18,18
230164,2,1,1997,0,0,0,0,0,0,0,0,0,0
230165,1,1,1997,0,0,0,0,0,0,0,0,0,0
230165,2,1,1997,0,0,0,0,0,0,0,0,0,0
230166,1,1,1997,0,0,0,0,10,0,0,0,0,0
230166,2,1,1997,10,10,10,10,10,10,10,10,10,10
230167,1,1,1997,7,7,7,7,7,7,7,7,7,7
230167,2,1,1997,0,0,0,0,0,0,0,0,0,0
230168,1,1,1997,0,0,0,0,0,0,0,0,0,0
230168,2,1,1997,0,0,0,0,0,0,0,0,0,0
230169,1,1,1997,0,0,0,0,0,0,0,0,0,0
230170,1,1,1997,0,0,0,0,0,0,0,0,0,0
230170,2,1,1997,0,0,0,0,0,0,0,0,0,0
230170,3,1,1997,0,0,0,0,0,0,0,0,0,0
230171,1,1,1997,0,0,0,0,0,0,0,0,0,0
230172,1,1,1997,0,0,0,0,0,0,0,0,0,0
230172,2,1,1997,0,0,0,0,0,0,0,0,0,0
230172,3,1,1997,0,0,0,0,0,0,0,0,0,0
240001,0,1,1997,0,0,0,0,0,0,0,0,0,0
240001,1,1,1997,25,7,5,17,0,15,10,14,11,4
240002,1,1,1997,6,6,6,6,6,6,6,6,6,6
240003,1,1,1997,0,0,0,0,0,0,0,0,0,0
240003,2,1,1997,0,0,0,0,0,0,0,0,0,0
240004,1,1,1997,0,0,0,0,0,0,0,0,0,0
240005,1,1,1997,8,8,8,8,8,8,8,8,8,8
240006,1,1,1997,0,0,0,0,3,0,0,0,0,0
240006,2,1,1997,0,0,0,0,0,0,0,0,0,0
240007,1,1,1997,0,0,0,0,0,0,0,0,0,0
240007,2,1,1997,0,0,0,0,0,0,0,0,0,0
240008,0,1,1997,0,0,0,0,0,0,0,0,0,0
240008,1,1,1997,0,0,0,0,0,0,15,0,0,0
240009,1,1,1997,0,0,0,0,0,0,0,0,0,0
240009,2,1,1997,0,0,0,0,0,0,0,0,0,0
240010,1,1,1997,0,0,0,0,0,0,0,0,0,0
240010,2,1,1997,0,0,0,0,0,0,0,0,0,0
240011,1,1,1997,0,0,0,0,20,0,0,0,0,0
240012,1,1,1997,19,19,19,19,19,19,19,19,19,19
240013,1,1,1997,19,19,19,19,19,19,19,19,19,19
240014,1,1,1997,0,0,0,0,0,0,0,0,0,0
240015,1,1,1997,0,0,0,0,0,0,0,0,0,0
240016,0,1,1997,0,0,0,0,0,0,0,0,0,0
240016,1,1,1997,0,0,0,0,0,0,0,0,0,0
240017,1,1,1997,0,0,0,0,0,0,0,0,0,0
240017,2,1,1997,0,0,0,0,0,0,0,0,0,0
240018,1,1,1997,0,0,0,0,0,0,0,0,0,0
240018,2,1,1997,0,0,0,0,0,0,0,0,0,0
240019,1,1,1997,13,16,5,19,26,17,8,15,6,3
240020,1,1,1997,0,0,0,0,0,0,0,0,0,0
240020,2,1,1997,0,0,0,0,0,0,0,0,0,0
240021,1,1,1997,0,0,0,0,0,0,0,0,0,0
240022,1,1,1997,0,0,0,0,0,0,0,0,0,0
240022,2,1,1997,0,0,0,0,0,0,0,0,0,0
240022,3,1,1997,15,0,0,0,0,0,0,0,0,0
240022,4,1,1997,0,0,0,0,22,0,0,0,0,0
240023,1,1,1997,0,0,0,0,0,0,0,0,0,0
240024,1,1,1997,0,0,0,0,0,0,0,0,0,0
240024,2,1,1997,0,0,0,0,0,0,0,0,0,0
240024,3,1,1997,0,0,0,0,13,0,0,0,0,0
240025,1,1,1997,0,0,0,0,0,0,0,0,0,0
240025,2,1,1997,0,0,0,0,0,0,0,0,0,0
240026,1,1,1997,0,0,0,0,0,0,0,0,0,0
240026,2,1,1997,0,0,0,0,0,0,0,0,0,0
240026,3,1,1997,0,0,0,0,0,0,0,0,0,0
240027,1,1,1997,0,0,0,0,0,0,0,0,0,0
240027,2,1,1997,0,0,0,0,0,0,0,0,0,0
240027,3,1,1997,0,0,0,0,0,0,0,0,0,0
240027,4,1,1997,0,0,0,0,0,0,0,0,0,0
240028,1,1,1997,0,0,0,0,0,0,0,0,0,0
240028,2,1,1997,0,0,0,0,0,0,0,0,0,0
240029,1,1,1997,0,0,0,0,0,0,0,0,0,0
240030,0,1,1997,0,0,0,0,0,0,0,0,0,0
240030,1,1,1997,0,0,0,0,0,0,0,0,0,0
240031,0,1,1997,0,0,0,0,0,0,0,0,0,0
240031,1,1,1997,0,0,0,0,0,0,0,0,0,0
240032,1,1,1997,29,29,29,29,29,29,29,29,29,29
240032,2,1,1997,0,0,0,0,0,0,0,0,0,0
240033,1,1,1997,0,0,0,0,0,0,0,0,0,0
240033,2,1,1997,0,0,0,0,0,0,0,0,0,0
240034,1,1,1997,24,24,24,24,24,24,24,24,24,24
240034,2,1,1997,6,4,17,6,8,8,9,14,5,0
240035,1,1,1997,0,0,0,0,0,0,0,0,0,0
240035,2,1,1997,0,0,0,0,0,0,0,0,0,0
240036,1,1,1997,0,0,0,0,0,0,0,0,0,0
240036,2,1,1997,0,0,0,0,0,0,0,0,0,0
240036,3,1,1997,0,0,0,0,0,0,0,0,0,0
240036,4,1,1997,0,0,0,0,0,0,0,0,0,0
240037,1,1,1997,15,15,15,15,15,15,15,15,15,15
240038,1,1,1997,0,0,0,0,0,0,0,16,0,0
240038,2,1,1997,0,0,0,0,0,0,0,0,0,0
240038,3,1,1997,0,0,0,0,0,0,0,0,0,0
240039,1,1,1997,0,0,0,0,0,0,0,0,0,0
240040,1,1,1997,1,1,1,1,1,1,1,1,1,1
240040,2,1,1997,0,0,0,0,0,0,0,0,0,0
240041,0,1,1997,0,0,0,0,0,0,0,0,0,0
240041,1,1,1997,0,0,0,0,0,0,0,0,0,0
240042,0,1,1997,0,0,0,0,0,0,0,0,0,0
240042,1,1,1997,0,0,0,0,0,0,0,0,0,0
240043,0,1,1997,24,0,0,0,0,0,0,0,0,28
240043,1,1,1997,0,0,0,0,0,0,0,0,0,0
240044,1,1,1997,21,21,21,21,21,21,21,21,21,21
240045,1,1,1997,0,0,0,0,0,0,0,0,0,0
240045,2,1,1997,0,0,0,0,0,0,0,0,0,0
240046,1,1,1997,20,0,0,0,0,0,23,21,0,0
240046,2,1,1997,0,0,0,0,12,0,0,0,0,0
240047,0,1,1997,0,0,0,0,0,0,0,0,0,0
240047,1,1,1997,0,0,0,0,0,0,0,0,0,0
240048,0,1,1997,0,0,0,0,0,0,0,0,0,0
240048,1,1,1997,0,0,0,0,0,0,0,0,0,0
240049,1,1,1997,0,0,0,0,0,0,0,0,0,0
240049,2,1,1997,0,0,0,0,0,0,0,0,0,0
240050,0,1,1997,46,46,46,46,46,46,46,46,46,46
240050,1,1,1997,0,0,0,0,0,0,0,0,0,0
240051,1,1,1997,18,18,18,18,18,18,18,18,18,18
240052,1,1,1997,0,0,0,0,0,0,0,0,0,0
240052,2,1,1997,0,0,0,0,15,0,0,0,8,0
240053,1,1,1997,0,0,0,0,0,19,0,0,16,0
240054,1,1,1997,0,0,0,0,0,0,0,0,0,0
240055,1,1,1997,0,0,0,0,0,0,0,0,0,0
240055,2,1,1997,0,0,0,0,0,0,0,0,0,0
240056,0,1,1997,14,14,14,14,14,14,14,14,14,14
240056,1,1,1997,0,0,0,0,0,0,0,7,0,0
240057,1,1,1997,0,0,0,0,0,0,0,0,0,0
240057,2,1,1997,0,0,0,0,0,0,0,0,0,0
240057,3,1,1997,0,0,0,0,0,0,0,0,0,0
240057,4,1,1997,0,0,0,0,0,0,0,0,0,0
240058,1,1,1997,0,21,18,30,29,0,9,0,12,37
240059,0,1,1997,27,27,27,27,27,27,27,27,27,27
240059,1,1,1997,42,0,0,0,0,0,2,0,7,0
240060,1,1,1997,0,0,0,0,0,0,0,0,0,0
240060,2,1,1997,0,0,0,0,0,0,0,0,0,0
240061,0,1,1997,9,9,9,9,9,9,9,9,9,9
240061,1,1,1997,20,0,0,12,10,6,17,11,0,17
240062,1,1,1997,0,0,0,0,0,0,0,0,0,0
240062,2,1,1997,0,0,0,0,0,0,0,0,0,0
240063,0,1,1997,0,0,0,0,0,0,0,0,0,0
240063,1,1,1997,0,0,0,0,0,0,0,0,0,0
240064,1,1,1997,0,0,0,0,0,0,0,0,0,0
240065,1,1,1997,0,0,0,0,0,0,0,0,0,0
240065,2,1,1997,0,0,0,0,0,0,0,0,0,0
240066,1,1,1997,0,0,0,0,0,0,0,0,0,0
240067,1,1,1997,6,6,6,6,6,6,6,6,6,6
240068,1,1,1997,22,18,17,12,18,18,14,8,18,15
240069,1,1,1997,21,21,21,21,21,21,21,21,21,21
240069,2,1,1997,0,0,0,0,0,0,0,0,0,0
240070,0,1,1997,0,0,0,0,0,0,0,0,0,0
240070,1,1,1997,0,0,0,0,0,0,0,0,0,0
240071,1,1,1997,0,13,15,26,5,7,9,14,22,11
240072,1,1,1997,0,0,0,0,0,0,0,0,0,0
240073,1,1,1997,16,16,16,16,16,16,16,16,16,16
240074,1,1,1997,0,0,0,0,0,0,0,0,0,0
240074,2,1,1997,0,0,0,0,0,0,0,0,0,0
240075,0,1,1997,0,0,0,0,0,0,0,0,0,0
240075,1,1,1997,17,17,17,17,17,17,17,17,17,17
240076,1,1,1997,0,0,0,0,0,0,0,0,0,0
240076,2,1,1997,0,0,0,0,0,0,0,0,0,0
240077,1,1,1997,12,12,12,12,12,12,12,12,12,12
240078,1,1,1997,0,0,0,0,0,0,0,0,0,0
240078,2,1,1997,0,0,0,0,0,0,0,0,0,0
240079,1,1,1997,10,10,10,10,10,10,10,10,10,10
240080,1,1,1997,14,0,0,0,0,0,24,0,8,0
240081,0,1,1997,0,0,0,0,0,0,0,0,0,0
240081,1,1,1997,0,0,0,0,0,0,0,0,0,0
240082,1,1,1997,0,0,0,0,0,0,0,0,0,0
240082,2,1,1997,0,0,0,0,0,0,0,0,0,0
240083,1,1,1997,14,14,14,14,14,14,14,14,14,14
240083,2,1,1997,0,0,0,0,0,0,0,0,0,0
240084,1,1,1997,0,0,0,0,0,0,0,0,0,0
240084,2,1,1997,17,17,17,17,17,17,17,17,17,17
240085,1,1,1997,0,0,0,0,0,0,0,0,0,0
240085,2,1,1997,0,0,0,0,0,0,0,0,0,0
240086,1,1,1997,0,0,0,19,0,0,0,0,0,0
240086,2,1,1997,0,0,0,0,5,0,6,0,0,0
240087,0,1,1997,0,0,0,0,0,0,0,0,0,0
240087,1,1,1997,0,0,0,0,0,0,0,0,0,0
240088,0,1,1997,0,0,0,0,0,0,0,0,0,0
240088,1,1,1997,0,0,0,0,0,0,0,0,0,0
240089,0,1,1997,0,0,0,0,0,0,0,0,0,0
240089,1,1,1997,0,0,0,0,0,0,0,0,0,0
240090,1,1,1997,0,0,0,0,0,0,0,0,0,0
240090,2,1,1997,0,0,0,0,0,0,0,0,0,0
240091,1,1,1997,0,34,16,10,21,13,24,0,23,10
240091,2,1,1997,0,0,0,0,0,0,0,0,0,0
240092,1,1,1997,0,0,0,0,0,0,0,0,0,0
240092,2,1,1997,0,0,0,0,0,0,3,0,0,0
240093,1,1,1997,18,18,18,18,18,18,18,18,18,18
240094,1,1,1997,0,0,0,0,0,0,0,0,0,0
240095,1,1,1997,15,15,15,15,15,15,15,15,15,15
240096,1,1,1997,0,0,0,0,0,0,0,0,0,0
240096,2,1,1997,0,0,0,0,0,0,0,0,0,0
240097,1,1,1997,36,0,0,0,14,0,0,0,0,0
240098,1,1,1997,0,0,0,0,0,0,0,0,0,0
240098,2,1,1997,0,0,0,0,0,0,0,0,0,0
240099,0,1,1997,0,0,0,0,0,0,0,0,0,0
240099,1,1,1997,0,0,0,0,0,0,0,0,0,0
240100,1,1,1997,15,15,15,15,15,15,15,15,15,15
240101,1,1,1997,0,0,0,0,0,0,0,0,0,0
240101,2,1,1997,0,0,0,0,0,0,0,0,0,0
240102,1,1,1997,23,23,23,23,23,23,23,23,23,23
240102,2,1,1997,0,0,0,0,0,0,0,0,0,0
240102,3,1,1997,0,0,0,0,0,0,0,0,0,0
240103,1,1,1997,0,0,18,0,0,0,0,0,0,0
240104,1,1,1997,0,0,0,0,0,0,0,0,0,0
240104,2,1,1997,0,0,0,0,0,0,0,0,0,0
240105,1,1,1997,0,0,0,0,0,0,0,0,0,0
240106,1,1,1997,0,0,0,0,0,0,0,0,0,0
240106,2,1,1997,0,0,0,0,0,0,0,0,0,0
240106,3,1,1997,0,0,0,0,0,0,0,0,0,0
240106,4,1,1997,0,0,0,0,0,0,0,0,0,0
240107,1,1,1997,0,0,0,0,0,0,0,0,0,0
240107,2,1,1997,0,0,0,0,0,0,0,0,0,0
240107,3,1,1997,0,0,0,0,0,0,0,0,0,0
240108,0,1,1997,0,0,0,0,0,0,0,0,0,0
240108,1,1,1997,0,0,0,0,0,0,0,0,0,0
240109,1,1,1997,0,0,0,0,0,0,0,0,0,0
240109,2,1,1997,0,0,0,0,0,0,0,0,0,0
240109,3,1,1997,0,0,16,0,0,0,0,0,0,0
240110,0,1,1997,17,0,0,9,0,9,11,6,0,24
240110,1,1,1997,0,0,0,0,0,0,0,0,0,0
240110,2,1,1997,0,0,0,0,0,0,0,0,0,0
240110,3,1,1997,0,0,0,0,0,0,0,0,0,0
240111,0,1,1997,0,0,0,0,0,0,0,0,0,0
240111,1,1,1997,0,0,0,0,0,0,0,0,0,0
240112,1,1,1997,0,0,0,0,0,0,0,0,0,0
240113,1,1,1997,8,8,8,8,8,8,8,8,8,8
240114,1,1,1997,15,15,15,15,15,15,15,15,15,15
240114,2,1,1997,0,0,0,0,0,0,0,0,0,0