ST_CASE,VEH_NO,PER_NO,YEAR,P1,P2,P3,P4,P5,P6,P7,P8,P9,P10
240370,2,1,1997,0,0,0,0,0,0,0,0,0,13
240371,1,1,1997,0,0,0,0,0,0,0,0,0,0
240372,1,1,1997,0,0,0,0,0,0,0,0,0,0
240372,2,1,1997,0,0,0,0,0,0,0,0,0,0
240372,3,1,1997,0,0,0,0,0,0,0,0,0,0
240373,1,1,1997,0,0,0,0,0,0,0,0,0,0
240373,2,1,1997,0,0,0,0,0,0,0,0,0,0
240374,1,1,1997,0,0,0,0,0,0,0,0,0,0
240374,2,1,1997,9,9,9,9,9,9,9,9,9,9
240375,1,1,1997,22,22,22,22,22,22,22,22,22,22
240376,1,1,1997,0,0,0,0,0,0,0,0,0,0
240376,2,1,1997,0,0,0,0,0,0,0,0,0,0
240377,0,1,1997,29,29,29,29,29,29,29,29,29,29
240377,1,1,1997,0,0,0,0,0,0,0,0,0,0
240377,2,1,1997,11,0,0,0,0,0,0,0,0,0
240378,1,1,1997,0,0,0,0,0,0,0,0,0,0
240378,2,1,1997,0,0,0,0,0,0,0,0,0,0
240379,1,1,1997,13,3,0,21,7,0,12,13,9,5
240380,1,1,1997,0,0,0,0,0,0,0,0,0,0
240381,0,1,1997,0,0,0,0,30,0,0,0,0,11
240381,0,2,1997,0,0,0,0,0,0,0,0,0,0
240381,1,1,1997,0,3,0,0,0,0,0,0,0,0
240382,1,1,1997,17,17,17,17,17,17,17,17,17,17
240383,0,1,1997,0,0,0,0,0,0,0,0,0,0
240383,1,1,1997,0,0,0,0,0,0,0,0,0,0
240384,1,1,1997,0,0,0,0,0,0,0,0,0,0
240384,2,1,1997,0,0,0,0,0,0,0,0,0,0
240385,1,1,1997,0,0,0,0,0,0,0,0,0,0
240385,2,1,1997,0,0,0,0,0,0,0,0,0,0
240386,1,1,1997,22,22,22,22,22,22,22,22,22,22
240387,1,1,1997,0,0,0,0,0,30,0,0,0,28
240388,0,1,1997,17,17,17,17,17,17,17,17,17,17
240388,1,1,1997,0,0,0,0,0,0,0,0,0,0
240389,0,1,1997,0,0,0,0,0,0,0,0,0,0
240389,1,1,1997,0,15,0,0,0,0,0,0,0,0
240390,1,1,1997,0,0,0,0,0,0,0,0,0,0
240391,1,1,1997,9,9,9,9,9,9,9,9,9,9
240393,1,1,1997,0,14,0,0,0,0,0,0,0,0
240393,2,1,1997,0,0,0,0,0,0,0,0,0,0
240394,1,1,1997,22,22,22,22,22,22,22,22,22,22
240395,0,1,1997,11,11,11,11,11,11,11,11,11,11
240395,1,1,1997,0,0,0,0,0,0,0,0,0,0
240396,1,1,1997,0,0,0,0,0,0,0,0,0,0
240397,1,1,1997,0,0,0,0,0,0,18,0,0,0
240397,2,1,1997,0,0,0,0,0,0,0,0,0,0
240398,1,1,1997,18,18,18,18,18,18,18,18,18,18
240398,2,1,1997,0,0,0,0,0,0,0,0,0,0
240399,1,1,1997,0,0,0,0,0,0,0,0,0,0
240399,2,1,1997,0,0,0,0,0,0,0,0,0,0
240400,1,1,1997,0,0,0,0,9,0,0,0,2,0
240401,0,1,1997,15,15,15,15,15,15,15,15,15,15
240401,1,1,1997,0,0,0,0,20,0,0,0,0,0
240402,1,1,1997,0,0,0,0,0,0,0,0,0,0
240402,2,1,1997,0,0,0,0,0,0,0,0,0,0
240403,0,1,1997,0,0,0,0,0,0,0,0,0,0
240403,1,1,1997,17,17,17,17,17,17,17,17,17,17
240404,1,1,1997,15,15,15,15,15,15,15,15,15,15
240405,1,1,1997,0,0,0,0,0,9,0,0,0,0
240405,2,1,1997,14,14,14,14,14,14,14,14,14,14
240405,3,1,1997,0,0,0,0,0,0,0,0,0,20
240406,1,1,1997,0,0,0,0,0,0,0,0,0,0
240406,2,1,1997,0,0,0,0,0,0,0,0,0,0
240407,1,1,1997,0,0,0,0,0,0,0,0,0,0
240408,1,1,1997,0,0,0,0,0,0,0,0,0,0
240409,1,1,1997,0,0,0,0,0,0,0,0,0,0
240409,2,1,1997,0,0,0,0,0,0,0,0,0,0
240410,1,1,1997,26,13,5,24,22,0,11,25,23,30
240411,1,1,1997,0,0,0,0,0,0,0,0,0,0
240411,2,1,1997,0,0,0,0,0,0,0,0,0,0
240412,1,1,1997,6,23,10,25,5,15,31,0,0,16
240412,2,1,1997,0,0,0,0,0,0,0,0,0,0
240413,1,1,1997,0,0,0,0,0,0,0,0,0,0
240414,0,1,1997,0,0,0,0,0,0,0,0,0,0
240414,1,1,1997,0,0,0,0,0,0,0,0,0,0
240414,2,1,1997,0,0,0,0,0,0,0,0,0,33
240414,3,1,1997,0,0,0,0,0,0,0,0,0,0
240415,1,1,1997,0,0,0,0,0,0,0,0,0,0
240415,2,1,1997,0,0,0,0,15,0,13,0,0,0
240416,0,1,1997,0,0,0,0,0,0,0,0,0,0
240416,1,1,1997,0,0,0,0,0,0,0,0,12,0
240417,1,1,1997,14,14,14,14,14,14,14,14,14,14
240417,2,1,1997,0,0,0,0,0,0,0,0,0,0
240418,0,1,1997,0,0,0,0,0,0,0,0,0,0
240418,1,1,1997,0,0,0,0,0,0,0,0,0,0
240419,1,1,1997,0,0,0,0,0,0,0,0,0,0
240419,2,1,1997,0,0,0,0,0,0,0,0,0,0
240420,1,1,1997,0,0,0,0,0,0,0,0,0,0
240420,2,1,1997,0,0,0,0,0,0,0,0,0,0
240421,1,1,1997,0,0,0,0,0,0,0,0,0,0
240422,0,1,1997,9,9,9,9,9,9,9,9,9,9
240422,0,2,1997,28,25,20,15,0,0,0,20,15,7
240422,1,1,1997,6,12,6,14,4,0,0,15,20,20
240423,1,1,1997,20,23,12,28,5,9,15,9,9,16
240423,2,1,1997,0,0,0,0,0,0,0,0,0,0
240424,1,1,1997,0,0,0,0,0,0,0,0,0,0
240425,1,1,1997,0,0,0,0,0,10,0,21,0,0
240426,1,1,1997,0,0,0,0,0,0,0,0,0,0
240426,2,1,1997,0,0,0,0,0,0,0,0,0,0
240427,1,1,1997,0,0,0,0,0,0,0,0,0,0
240428,1,1,1997,0,0,0,0,0,0,0,0,0,0
240428,2,1,1997,0,0,0,0,0,0,0,0,0,0
240429,0,1,1997,0,0,0,0,0,0,0,0,0,0
240429,1,1,1997,16,27,21,14,25,11,21,8,24,15
240430,1,1,1997,0,0,0,0,0,0,0,0,0,0
240431,0,1,1997,0,0,0,0,0,0,0,0,0,0
240431,0,2,1997,0,0,0,0,0,0,0,0,0,0
240431,1,1,1997,13,14,20,19,10,0,29,34,9,13
240432,1,1,1997,0,0,0,21,0,0,0,0,0,0
240432,2,1,1997,0,0,0,0,0,0,0,0,0,0
240433,0,1,1997,23,23,23,23,23,23,23,23,23,23
240433,1,1,1997,0,0,0,0,0,0,0,0,0,0
240434,1,1,1997,0,0,0,0,0,0,0,0,0,0
240435,1,1,1997,0,0,0,0,0,0,0,0,0,0
240435,2,1,1997,0,0,0,0,0,0,0,0,0,25
240436,1,1,1997,17,17,17,17,17,17,17,17,17,17
240437,0,1,1997,22,22,22,22,22,22,22,22,22,22
240437,1,1,1997,0,0,0,0,0,0,0,0,0,0
240438,0,1,1997,26,0,0,0,18,0,14,0,0,0
240438,0,2,1997,0,0,0,0,0,0,0,0,0,0
240438,1,1,1997,0,0,0,0,0,0,0,0,0,0
240439,1,1,1997,0,0,0,0,0,0,0,0,0,0
240439,2,1,1997,18,21,12,30,22,8,2,18,15,12
240440,0,1,1997,0,0,0,0,0,0,0,0,0,0
240440,1,1,1997,0,0,18,0,0,0,0,0,15,0
240441,1,1,1997,22,16,25,14,10,10,31,17,3,22
240442,1,1,1997,16,4,19,0,12,8,12,4,14,2
240443,1,1,1997,0,0,0,0,0,0,0,0,0,0
240443,2,1,1997,0,0,0,0,0,0,0,0,0,0
240444,1,1,1997,0,0,0,0,0,0,0,0,0,0
240444,2,1,1997,0,0,0,0,0,0,0,0,0,0
240445,1,1,1997,0,0,0,0,0,0,0,0,0,0
240445,2,1,1997,0,0,0,0,0,0,0,0,0,11
240446,0,1,1997,0,0,0,0,0,0,0,0,0,0
240446,1,1,1997,0,0,0,0,0,0,0,0,0,0
240447,0,1,1997,0,0,0,0,0,0,0,0,0,0
240447,1,1,1997,0,14,0,0,0,0,0,0,0,0
240448,1,1,1997,9,9,9,9,9,9,9,9,9,9
240449,1,1,1997,19,19,19,19,19,19,19,19,19,19
240449,2,1,1997,0,0,0,0,0,0,0,0,17,0
240450,0,1,1997,26,26,26,26,26,26,26,26,26,26
240450,1,1,1997,0,0,0,0,0,0,0,0,0,0
240451,0,1,1997,0,0,0,0,0,0,0,0,0,0
240451,1,1,1997,0,0,0,0,0,0,0,0,0,0
240452,1,1,1997,0,0,0,0,0,0,0,0,0,0
240452,2,1,1997,0,0,0,0,0,0,0,0,0,0
240453,0,1,1997,11,11,11,11,11,11,11,11,11,11
240453,1,1,1997,0,0,0,0,0,14,0,0,0,0
240454,0,1,1997,22,22,22,22,22,22,22,22,22,22
240454,1,1,1997,0,0,0,0,0,0,0,0,0,0
240455,0,1,1997,26,26,26,26,26,26,26,26,26,26
240455,1,1,1997,0,0,0,16,0,0,23,0,0,0
240456,1,1,1997,0,0,0,0,0,0,0,0,0,0
240457,0,1,1997,0,0,0,0,0,0,0,0,0,0
240457,1,1,1997,0,0,0,0,0,0,0,0,0,0
240458,1,1,1997,0,0,0,20,0,0,0,0,0,0
240458,2,1,1997,0,1,0,0,0,0,0,0,0,0
240458,3,1,1997,0,0,0,0,0,0,0,0,0,0
240459,1,1,1997,0,0,0,0,0,0,0,0,0,0
240459,2,1,1997,0,0,0,0,0,0,0,0,0,0
240460,1,1,1997,22,22,22,22,22,22,22,22,22,22
240461,1,1,1997,23,23,23,23,23,23,23,23,23,23
240462,1,1,1997,0,0,0,0,0,0,0,0,0,0
240463,1,1,1997,0,0,0,0,0,0,0,0,0,24
240464,1,1,1997,0,0,0,0,0,0,0,0,0,0
240465,1,1,1997,0,0,0,0,0,0,0,0,0,0
240465,2,1,1997,0,0,0,0,0,0,0,0,0,0
240466,1,1,1997,0,0,0,0,0,0,0,0,0,0
240466,2,1,1997,0,0,0,0,0,0,0,0,0,0
240467,1,1,1997,0,0,0,0,0,0,0,0,0,0
240467,2,1,1997,0,0,0,0,0,0,0,0,0,0
240468,1,1,1997,17,17,17,17,17,17,17,17,17,17
240469,1,1,1997,28,28,28,28,28,28,28,28,28,28
240470,1,1,1997,0,0,0,0,0,0,0,0,0,0
240471,1,1,1997,0,0,0,15,0,0,0,0,14,0
240471,2,1,1997,0,0,0,0,0,0,0,0,0,0
240472,1,1,1997,0,0,0,0,0,0,0,0,0,0
240473,1,1,1997,0,0,0,0,0,0,0,0,0,0
240473,2,1,1997,0,0,0,0,0,0,0,0,0,0
240474,1,1,1997,9,9,9,9,9,9,9,9,9,9
240475,1,1,1997,0,0,0,0,0,0,0,0,24,20
240476,1,1,1997,0,0,0,0,0,0,0,0,0,0
240476,2,1,1997,0,0,0,0,0,0,0,0,0,0
240477,0,1,1997,0,0,0,0,0,0,0,0,0,0
240477,1,1,1997,0,0,0,0,0,0,0,0,0,0
240478,0,1,1997,0,0,0,0,0,0,0,0,0,0
240478,1,1,1997,0,0,0,0,0,0,0,0,0,0
240478,2,1,1997,0,0,0,0,0,0,0,0,0,0
240479,1,1,1997,0,0,0,0,0,0,0,0,0,19
240480,1,1,1997,19,19,19,19,19,19,19,19,19,19
240480,2,1,1997,0,0,0,0,0,0,0,0,0,0
240480,3,1,1997,0,0,0,0,0,0,0,0,0,0
240481,1,1,1997,0,0,0,0,0,0,0,0,0,0
240481,2,1,1997,0,0,0,0,0,0,0,0,0,0
240482,1,1,1997,23,10,13,11,13,18,32,15,13,16
240482,2,1,1997,0,0,0,0,0,0,0,0,0,0
240483,1,1,1997,22,14,18,17,17,20,12,22,3,19
240484,1,1,1997,0,0,0,0,0,0,0,0,0,0
240484,2,1,1997,0,0,0,0,0,0,0,0,0,0
240485,1,1,1997,0,0,0,0,0,0,0,0,0,0
240485,2,1,1997,0,0,0,0,0,0,0,0,0,0
240486,1,1,1997,24,24,24,24,24,24,24,24,24,24
240487,1,1,1997,0,0,0,0,0,0,0,0,0,0
240487,2,1,1997,0,0,0,0,0,0,0,0,0,0
240488,1,1,1997,0,0,0,0,0,0,0,0,0,0
240488,2,1,1997,0,0,0,0,0,0,0,0,0,0
240489,1,1,1997,0,0,0,0,0,0,0,0,0,0
240490,1,1,1997,0,0,0,0,0,0,0,0,0,0
240490,2,1,1997,0,0,0,0,0,0,0,0,0,0
240491,1,1,1997,10,10,10,10,10,10,10,10,10,10
240492,1,1,1997,0,0,0,0,0,0,0,0,0,0
240492,2,1,1997,0,0,0,0,0,0,0,0,0,0
240493,0,1,1997,0,0,0,0,0,0,0,0,0,0
240493,1,1,1997,0,0,0,0,0,0,0,0,0,0
240494,1,1,1997,13,14,34,0,11,16,9,18,6,3
240494,2,1,1997,0,0,0,0,0,0,0,0,0,0
240495,0,1,1997,25,11,21,28,8,19,16,21,15,16
240495,1,1,1997,13,16,28,8,30,16,4,12,4,34
240496,1,1,1997,0,0,0,0,0,0,0,0,0,0
240497,1,1,1997,12,15,10,4,6,17,9,0,25,25
240498,0,1,1997,33,33,33,33,33,33,33,33,33,33
240498,1,1,1997,0,0,0,0,0,0,0,0,0,0
240499,1,1,1997,0,0,0,0,0,0,0,0,0,0
240499,2,1,1997,0,0,0,0,0,0,0,0,0,0
240500,0,1,1997,0,0,0,0,0,0,0,0,0,0
240500,1,1,1997,0,0,0,0,0,0,0,0,26,0
240501,1,1,1997,0,0,0,0,0,0,0,0,0,0
240501,2,1,1997,0,0,0,0,0,0,0,0,0,0
240502,1,1,1997,0,0,0,0,0,0,0,0,0,0
240502,2,1,1997,0,0,0,0,0,0,0,0,0,0
240503,1,1,1997,0,0,0,0,0,0,0,0,0,0
240503,2,1,1997,0,0,0,0,0,0,0,0,0,0
240504,1,1,1997,23,13,11,43,15,30,24,15,21,33
240505,1,1,1997,56,56,56,56,56,56,56,56,56,56
240506,1,1,1997,0,0,0,0,0,0,19,0,0,0
240507,1,1,1997,13,13,13,13,13,24,20,15,22,0
240508,1,1,1997,0,0,0,0,0,0,0,0,0,0
240508,2,1,1997,0,0,0,0,0,0,0,0,0,0
240509,1,1,1997,25,25,25,25,25,25,25,25,25,25
240510,1,1,1997,0,0,0,0,0,0,0,0,0,0
240511,0,1,1997,0,0,0,0,0,0,0,0,0,0
240511,1,1,1997,0,0,0,0,0,0,0,0,0,0
240512,1,1,1997,0,0,0,0,0,0,0,0,0,0
240512,2,1,1997,0,0,0,0,0,0,0,0,0,0
240512,3,1,1997,0,0,0,0,0,0,0,0,0,0
240513,1,1,1997,2,2,2,2,2,2,2,2,2,2
240514,1,1,1997,16,16,16,16,16,16,16,16,16,16
240514,2,1,1997,0,0,0,0,0,0,0,0,0,0
240514,3,1,1997,0,0,0,0,0,0,0,0,0,0
240514,4,1,1997,0,0,0,0,0,0,0,0,0,0
240515,1,1,1997,3,3,3,3,3,3,3,3,3,3
240516,1,1,1997,0,0,0,0,0,0,0,0,0,0
240517,1,1,1997,0,0,0,0,0,0,0,0,0,0
240517,2,1,1997,0,0,0,0,0,0,0,0,0,0
240517,3,1,1997,0,0,0,0,0,0,0,0,0,0
240518,1,1,1997,21,10,5,23,20,9,24,22,13,6
240518,2,1,1997,0,0,0,0,0,0,0,0,0,0
240519,1,1,1997,0,0,0,0,0,0,0,0,0,0
240519,2,1,1997,0,0,0,0,0,0,0,0,0,0
240520,0,1,1997,0,0,0,0,0,0,0,0,0,0
240520,1,1,1997,0,0,0,0,0,0,0,0,0,0
240520,2,1,1997,0,0,0,0,0,0,0,0,0,0
240521,1,1,1997,0,0,0,0,17,0,0,0,26,0
240522,0,1,1997,20,20,20,20,20,20,20,20,20,20
240522,1,1,1997,0,0,0,0,0,0,0,0,0,0
240523,1,1,1997,0,0,0,0,0,0,0,0,0,0
240523,2,1,1997,0,0,0,0,0,0,0,0,0,0
240524,1,1,1997,0,0,0,0,0,0,0,0,0,0
240524,2,1,1997,0,0,0,0,0,0,0,0,0,0
240525,1,1,1997,0,0,0,0,0,0,0,0,0,0
240525,2,1,1997,0,0,0,0,6,0,0,0,17,0
240526,1,1,1997,0,0,0,0,0,0,0,0,0,0
240526,2,1,1997,13,13,13,13,13,13,13,13,13,13
240527,1,1,1997,16,25,10,9,31,0,0,14,22,14
240527,2,1,1997,0,0,0,0,0,0,0,0,0,0
240527,3,1,1997,0,0,0,0,0,0,0,0,0,0
240528,1,1,1997,9,9,9,9,9,9,9,9,9,9
240528,2,1,1997,0,0,0,0,0,0,0,0,0,0
240528,3,1,1997,16,25,11,15,14,22,34,6,19,0
240529,1,1,1997,0,0,0,0,0,0,0,0,0,0
240529,2,1,1997,0,0,0,0,0,0,0,0,0,0
240530,1,1,1997,15,15,15,15,15,15,15,15,15,15
240531,0,1,1997,8,10,30,37,3,22,23,10,19,20
240531,1,1,1997,0,8,0,0,0,0,0,0,0,0
240532,1,1,1997,0,0,0,0,0,0,0,0,0,0
240532,2,1,1997,0,0,0,0,0,0,0,0,0,0
240533,1,1,1997,0,0,0,0,0,0,0,0,0,0
240533,2,1,1997,0,0,0,0,0,0,0,0,0,0
240534,0,1,1997,20,20,20,20,20,20,20,20,20,20
240534,1,1,1997,13,0,0,0,0,0,0,0,0,0
240535,1,1,1997,23,23,23,23,23,23,23,23,23,23
240536,1,1,1997,11,11,11,11,11,11,11,11,11,11
240537,1,1,1997,0,0,0,0,0,0,0,0,0,0
240537,2,1,1997,0,0,0,0,0,0,0,0,0,0
240538,0,1,1997,16,30,32,20,17,15,28,18,0,33
240538,1,1,1997,0,0,0,0,0,0,0,0,0,0
240539,1,1,1997,10,0,5,3,14,22,16,15,0,0
240539,2,1,1997,0,0,0,0,0,0,0,0,0,0
240540,1,1,1997,6,6,6,6,6,6,6,6,6,6
240541,0,1,1997,0,0,0,0,0,0,0,0,0,0
240541,1,1,1997,0,0,0,0,0,0,0,0,0,0
240542,1,1,1997,0,0,0,0,0,0,0,0,0,0
240542,2,1,1997,0,0,0,0,0,0,0,0,0,0
240542,3,1,1997,0,0,0,0,0,0,0,0,0,0
240543,1,1,1997,17,17,17,17,17,17,17,17,17,17
240544,0,1,1997,1,1,1,1,1,1,1,1,1,1
240544,1,1,1997,0,0,0,0,0,0,0,0,0,0
240544,2,1,1997,0,8,0,0,0,0,0,0,0,0
240545,0,1,1997,26,26,26,26,26,26,26,26,26,26
240545,1,1,1997,0,0,0,0,0,0,0,6,0,0
240546,1,1,1997,14,14,14,14,14,14,14,14,14,14
240547,0,1,1997,0,0,0,0,0,0,0,0,0,0
240547,1,1,1997,15,15,15,15,15,15,15,15,15,15
240548,1,1,1997,23,23,23,23,23,23,23,23,23,23
240549,1,1,1997,16,16,16,16,16,16,16,16,16,16
240550,1,1,1997,16,28,24,24,30,26,17,23,13,12
240551,1,1,1997,0,0,0,0,0,0,0,0,0,0
240552,1,1,1997,0,0,0,0,0,0,0,0,0,0
240552,2,1,1997,0,0,0,0,0,0,0,0,0,0
240553,1,1,1997,0,0,0,0,0,0,0,0,0,0
240554,0,1,1997,0,0,0,24,8,0,0,0,0,11
240554,1,1,1997,6,12,13,14,23,0,22,24,0,13
240555,1,1,1997,21,21,21,21,21,21,21,21,21,21
240555,2,1,1997,0,0,0,0,0,0,0,0,0,0
240556,0,1,1997,0,0,0,0,0,0,0,0,0,0
240556,0,2,1997,0,0,0,0,0,0,0,0,0,0
240556,1,1,1997,0,0,0,0,0,0,0,0,0,0
240557,1,1,1997,0,0,0,0,0,0,0,0,0,0
240558,1,1,1997,8,8,8,8,8,8,8,8,8,8
240559,1,1,1997,0,0,0,0,0,0,0,0,0,0
240559,2,1,1997,0,0,0,0,0,0,0,0,0,0
240559,3,1,1997,0,0,0,0,0,0,0,0,0,0
240559,4,1,1997,0,0,0,0,0,0,0,0,0,0
240560,1,1,1997,32,32,32,32,32,32,32,32,32,32
240560,2,1,1997,0,0,0,0,0,0,0,0,0,0
240560,3,1,1997,0,0,0,0,0,0,0,0,0,0
240561,0,1,1997,0,0,0,0,0,0,0,0,0,0
240561,1,1,1997,0,0,0,0,0,0,0,0,0,0
240562,1,1,1997,0,0,0,0,0,0,0,0,0,0
240562,2,1,1997,0,0,0,0,0,0,0,0,0,0
240563,1,1,1997,0,0,0,0,0,0,0,0,0,0
240563,2,1,1997,0,0,0,0,0,0,0,0,0,0
240563,3,1,1997,0,0,0,0,0,0,0,0,0,0
240563,4,1,1997,0,0,0,0,0,0,0,0,0,0
240563,5,1,1997,0,0,0,0,0,13,0,0,0,0
240564,1,1,1997,0,0,0,0,0,0,0,0,0,0
240564,2,1,1997,0,0,0,0,0,0,0,0,0,0
240565,1,1,1997,13,13,13,13,13,13,13,13,13,13
240566,1,1,1997,0,0,0,0,11,0,0,0,0,0
240566,2,1,1997,0,0,0,0,0,15,0,0,0,0
240567,1,1,1997,0,0,0,0,0,20,0,0,0,0
240567,2,1,1997,0,0,0,0,0,0,0,0,0,0
240568,1,1,1997,0,0,0,0,0,0,0,0,0,0
240568,2,1,1997,0,0,0,0,0,0,0,0,0,0
240568,3,1,1997,0,0,0,0,0,0,0,0,12,0
240568,4,1,1997,0,0,0,0,0,0,0,0,0,0
240569,1,1,1997,0,0,0,0,0,0,0,0,0,0
240570,1,1,1997,5,0,0,0,0,11,0,0,0,0
240570,2,1,1997,0,0,0,0,0,0,0,0,0,0
240571,1,1,1997,0,24,14,0,6,0,11,0,19,10
240571,2,1,1997,0,0,0,0,0,0,12,17,0,0
240572,1,1,1997,9,20,0,0,23,28,0,0,0,0
240572,2,1,1997,0,0,0,0,0,0,0,0,0,0
240573,1,1,1997,0,0,32,0,0,0,0,0,12,27
240574,1,1,1997,0,0,0,0,0,9,0,0,0,0
240574,2,1,1997,0,0,0,0,0,0,0,0,0,0
240574,3,1,1997,0,17,0,0,0,13,0,0,0,0
250001,1,1,1997,22,22,22,22,22,22,22,22,22,22
250001,2,1,1997,0,0,0,9,0,29,21,0,0,26
250001,3,1,1997,0,0,0,0,0,0,0,0,0,0
250001,4,1,1997,0,0,0,0,0,0,0,7,0,0
250002,1,1,1997,0,11,0,0,0,0,0,0,14,0
250002,2,1,1997,9,9,9,9,9,9,9,9,9,9
250003,1,1,1997,0,0,0,0,0,0,0,0,0,0
250003,2,1,1997,0,0,0,0,0,0,0,0,0,0
250005,1,1,1997,34,34,34,34,34,34,34,34,34,34
250006,1,1,1997,0,0,0,0,0,0,0,0,0,0
250007,1,1,1997,0,0,0,0,0,0,0,0,0,0
250008,1,1,1997,0,0,0,0,0,0,0,0,0,0
250009,0,1,1997,0,0,0,0,0,0,0,0,0,0
250009,0,2,1997,0,0,0,13,15,0,17,0,0,16
250009,0,3,1997,0,0,0,0,0,0,0,0,16,0
250009,1,1,1997,0,15,31,17,17,7,9,20,0,22
250010,1,1,1997,0,0,0,10,0,0,0,0,0,0
250010,2,1,1997,15,0,0,0,0,0,0,0,0,11
250011,1,1,1997,0,0,0,0,0,0,0,0,0,0
250012,1,1,1997,0,0,0,0,9,0,0,0,0,0
250013,1,1,1997,0,0,0,0,0,0,1,0,0,0
250013,2,1,1997,0,0,0,0,5,0,0,0,0,0
250014,1,1,1997,0,0,0,0,0,0,0,0,0,0
250015,1,1,1997,0,0,0,0,0,0,0,0,0,0
250016,0,1,1997,0,0,0,0,0,0,0,0,0,0
250016,1,1,1997,0,0,0,16,0,0,0,0,0,0
250017,1,1,1997,0,0,0,0,0,0,0,0,0,0
250017,2,1,1997,0,0,0,9,0,0,0,0,0,0
250018,1,1,1997,0,0,0,0,0,0,0,0,0,0
250018,2,1,1997,0,0,0,0,0,0,0,0,0,0
250019,1,1,1997,0,0,0,0,0,0,0,0,0,0
250019,2,1,1997,0,0,0,0,0,0,0,0,0,0
250020,0,1,1997,0,0,0,0,0,0,0,0,0,0
250020,1,1,1997,0,0,0,0,0,0,0,0,0,0
250021,0,1,1997,18,18,18,18,18,18,18,18,18,18
250021,1,1,1997,0,0,0,6,21,0,18,0,0,8
250022,0,1,1997,0,0,0,0,0,0,0,0,0,0
250022,1,1,1997,0,0,0,9,0,0,0,0,0,0
250023,1,1,1997,4,4,4,4,4,4,4,4,4,4
250023,2,1,1997,0,0,0,0,0,0,0,0,0,0
250024,1,1,1997,0,0,0,0,0,0,0,0,0,0
250025,1,1,1997,0,0,0,0,0,0,0,0,0,0
250026,1,1,1997,24,24,24,24,24,24,24,24,24,24
250027,1,1,1997,17,17,17,17,17,17,17,17,17,17
250028,1,1,1997,0,0,0,0,0,0,0,0,0,0
250028,2,1,1997,0,0,0,0,0,0,0,0,0,0
250029,0,1,1997,0,0,0,0,0,0,0,0,0,0
250029,1,1,1997,0,0,0,0,0,0,0,0,0,22
250030,0,1,1997,0,0,0,0,0,0,0,0,0,0
250030,1,1,1997,0,0,0,0,0,0,0,0,0,0
250031,1,1,1997,0,0,0,27,0,0,0,0,26,0
250032,1,1,1997,0,0,0,0,0,0,0,0,0,0
250032,2,1,1997,0,0,0,0,0,0,0,0,0,0
250033,1,1,1997,12,12,12,12,12,12,12,12,12,12
250034,1,1,1997,0,0,0,0,0,0,5,0,0,0
250035,1,1,1997,17,17,17,17,17,17,17,17,17,17
250036,1,1,1997,0,0,0,0,0,0,0,0,0,0
250036,2,1,1997,0,0,0,0,0,0,0,0,0,0
250037,1,1,1997,15,12,24,17,7,17,3,9,11,9
250038,1,1,1997,10,10,10,10,10,10,10,10,10,10
250039,1,1,1997,13,13,13,13,13,13,13,13,13,13
250040,1,1,1997,23,23,23,23,23,23,23,23,23,23
250042,1,1,1997,0,0,0,0,0,0,0,0,0,23
250043,1,1,1997,0,0,0,0,0,0,0,0,0,0
250044,1,1,1997,10,10,10,10,10,10,10,10,10,10
250045,1,1,1997,26,26,26,26,26,26,26,26,26,26
250046,1,1,1997,33,33,33,33,33,33,33,33,33,33
250047,0,1,1997,0,0,0,0,0,0,0,0,0,0
250047,1,1,1997,0,0,0,0,0,0,0,0,0,0
250048,0,1,1997,0,0,0,0,0,0,0,0,0,0
250048,1,1,1997,0,0,0,0,0,0,0,0,0,0
250049,1,1,1997,0,0,0,21,11,0,11,0,0,13
250049,2,1,1997,0,0,0,0,0,0,0,0,0,0
250050,1,1,1997,13,12,26,0,10,17,0,11,10,19
250050,2,1,1997,0,0,0,0,0,0,0,0,0,0
250051,1,1,1997,14,14,15,14,29,18,16,17,16,10
250051,2,1,1997,0,0,0,0,0,0,0,0,0,0
250052,1,1,1997,12,7,0,23,11,19,8,11,9,15
250053,1,1,1997,22,18,11,11,0,12,8,6,15,20
250054,1,1,1997,0,0,0,0,0,0,0,0,0,0
250054,2,1,1997,0,0,0,0,0,0,0,0,0,0
250055,1,1,1997,0,0,0,0,0,0,0,0,0,0
250055,2,1,1997,0,0,0,0,0,0,0,0,0,0
250056,1,1,1997,0,0,0,0,7,6,9,8,0,0
250057,1,1,1997,13,13,13,13,13,13,13,13,13,13
250058,0,1,1997,0,0,0,0,0,0,0,0,0,0
250058,1,1,1997,0,0,0,0,0,0,0,0,0,0
250059,1,1,1997,17,17,17,17,17,17,17,17,17,17
250060,1,1,1997,0,0,0,0,0,0,0,0,0,0
250061,1,1,1997,0,0,0,0,0,0,17,0,14,0