ST_CASE,VEH_NO,PER_NO,YEAR,P1,P2,P3,P4,P5,P6,P7,P8,P9,P10
250345,1,1,1997,0,0,0,0,0,0,0,0,0,0
250345,2,1,1997,0,0,0,0,0,0,0,0,0,0
250346,0,1,1997,0,0,0,0,0,0,0,0,0,0
250346,1,1,1997,0,0,0,0,0,9,0,0,0,0
250347,0,1,1997,0,0,0,0,0,0,0,0,0,0
250347,1,1,1997,0,0,0,0,0,0,0,0,0,0
250348,1,1,1997,0,0,20,0,0,0,0,0,0,0
250348,2,1,1997,0,0,0,0,0,0,0,0,0,0
250349,1,1,1997,0,0,0,0,0,0,0,0,0,0
250349,2,1,1997,0,0,0,0,0,0,0,0,0,0
250350,1,1,1997,10,10,10,10,10,10,10,10,10,10
250351,1,1,1997,41,41,41,41,41,41,41,41,41,41
250352,1,1,1997,16,15,9,16,27,0,0,30,42,0
250353,0,1,1997,3,3,3,3,3,3,3,3,3,3
250353,1,1,1997,0,0,0,0,0,0,0,0,7,8
250354,0,1,1997,0,0,0,0,0,0,0,0,0,0
250354,1,1,1997,0,0,0,0,0,0,0,0,0,0
250355,0,1,1997,0,0,0,0,0,0,0,0,0,0
250355,1,1,1997,0,0,0,0,0,5,0,0,0,0
250356,1,1,1997,17,17,17,17,17,17,17,17,17,17
250357,1,1,1997,0,0,0,0,0,0,0,0,0,0
250358,1,1,1997,0,0,0,0,0,0,0,0,0,0
250358,2,1,1997,0,0,0,4,0,0,0,0,6,0
250359,1,1,1997,20,19,34,26,24,26,15,28,20,15
250360,1,1,1997,10,21,26,11,0,11,14,2,19,8
250361,0,1,1997,0,0,0,0,0,0,0,0,0,0
250361,1,1,1997,0,27,0,0,0,12,15,14,0,11
250362,1,1,1997,0,0,0,0,0,0,0,0,0,0
250363,1,1,1997,0,0,0,0,0,0,0,0,0,0
250363,2,1,1997,0,0,0,0,0,0,0,0,0,0
250364,1,1,1997,0,0,0,0,0,0,0,0,0,0
250365,0,1,1997,0,0,0,0,0,0,0,0,0,0
250365,1,1,1997,0,0,0,0,0,0,0,0,0,0
250366,1,1,1997,17,6,8,8,14,23,2,34,21,17
250367,1,1,1997,0,0,0,0,0,0,0,0,0,0
250367,2,1,1997,0,0,0,0,0,0,0,0,0,0
250368,1,1,1997,0,0,0,0,0,0,0,0,44,0
250368,2,1,1997,0,0,0,0,0,0,0,0,0,0
250369,1,1,1997,0,0,0,0,0,0,0,0,0,0
250369,2,1,1997,1,0,0,0,0,0,0,0,10,0
250370,0,1,1997,0,0,0,0,0,0,0,0,0,0
250370,1,1,1997,0,0,0,2,0,0,0,0,0,0
250371,1,1,1997,22,22,22,22,22,22,22,22,22,22
250372,1,1,1997,0,15,0,0,0,0,0,0,0,0
250372,2,1,1997,0,0,0,0,0,0,0,0,0,0
250373,1,1,1997,16,16,16,16,16,16,16,16,16,16
250374,1,1,1997,21,21,0,0,0,0,0,9,0,12
250375,1,1,1997,0,0,0,0,0,0,0,0,0,0
250375,2,1,1997,0,0,0,0,0,0,0,0,0,0
250376,1,1,1997,0,0,0,0,0,0,0,0,0,0
250377,1,1,1997,30,30,30,30,30,30,30,30,30,30
250378,0,1,1997,0,0,0,0,0,0,0,0,0,0
250378,1,1,1997,0,0,0,0,0,0,0,0,0,0
250379,0,1,1997,0,0,0,0,0,0,0,0,0,0
250379,1,1,1997,0,10,0,0,0,0,0,0,8,0
250380,1,1,1997,0,0,0,0,0,0,0,0,0,0
250380,2,1,1997,11,10,8,24,5,19,18,14,0,10
250380,3,1,1997,0,15,19,0,0,0,12,0,0,0
250381,1,1,1997,0,0,0,0,0,0,0,0,0,0
250381,2,1,1997,0,0,20,0,9,0,18,0,0,0
250382,1,1,1997,0,0,0,0,0,0,0,0,0,0
250383,1,1,1997,0,10,0,0,0,0,0,0,11,0
250383,2,1,1997,0,0,0,0,0,0,0,0,0,0
250384,1,1,1997,0,0,0,0,17,25,0,0,0,26
250385,1,1,1997,27,27,27,27,27,27,27,27,27,27
250386,1,1,1997,0,0,0,0,0,0,0,0,0,0
250387,1,1,1997,0,0,0,0,0,0,0,0,0,0
250387,2,1,1997,0,0,0,0,0,0,0,0,0,0
250387,3,1,1997,0,0,0,0,0,0,0,0,0,0
250388,1,1,1997,0,0,0,0,0,0,0,0,0,0
250388,2,1,1997,0,0,0,0,0,0,0,0,0,0
250389,0,1,1997,1,1,1,1,1,1,1,1,1,1
250389,1,1,1997,0,0,0,0,0,0,0,0,7,0
250390,1,1,1997,0,0,0,0,0,0,0,0,0,0
250391,0,1,1997,0,0,0,0,0,0,0,0,0,0
250391,1,1,1997,0,0,26,0,0,16,0,0,0,0
250392,0,1,1997,0,0,0,0,0,0,0,0,0,0
250392,0,2,1997,0,0,0,0,0,0,0,17,0,5
250392,0,3,1997,0,0,0,0,0,0,0,0,0,0
250392,0,4,1997,0,0,0,0,0,0,0,0,0,0
250392,1,1,1997,0,0,0,0,0,0,11,0,0,0
250393,1,1,1997,0,0,0,0,0,0,0,0,0,29
250393,2,1,1997,0,0,0,0,0,0,0,0,0,0
250393,3,1,1997,0,0,0,0,0,0,0,0,0,0
250394,0,1,1997,1,1,1,1,1,1,1,1,1,1
250394,1,1,1997,0,0,0,0,0,0,0,0,0,0
250395,1,1,1997,23,19,22,17,12,12,8,15,23,28
250395,2,1,1997,0,0,12,0,0,3,0,0,0,0
250396,1,1,1997,3,10,11,18,9,13,22,7,2,10
250396,2,1,1997,0,0,0,0,0,0,0,0,0,0
250396,3,1,1997,0,0,0,0,0,0,0,0,0,0
250397,1,1,1997,20,14,0,16,26,5,2,21,6,19
250398,0,1,1997,0,0,0,0,0,0,0,0,0,0
250398,1,1,1997,0,0,0,0,0,0,21,0,0,0
250399,1,1,1997,24,24,24,24,24,24,24,24,24,24
250399,2,1,1997,0,0,0,0,0,0,0,0,0,0
250399,3,1,1997,0,4,12,15,0,0,0,8,0,7
250400,1,1,1997,17,17,17,17,17,17,17,17,17,17
250400,2,1,1997,0,0,0,0,0,0,0,0,29,0
250401,0,1,1997,0,0,0,0,0,0,0,0,0,0
250401,1,1,1997,0,0,0,0,0,0,0,0,0,0
250402,1,1,1997,2,2,2,2,2,2,2,2,2,2
250403,0,1,1997,0,0,0,0,0,0,0,0,0,0
250403,1,1,1997,0,0,0,0,0,0,0,0,0,21
250404,1,1,1997,0,0,0,0,0,0,0,0,0,0
250405,1,1,1997,0,0,0,0,0,0,0,0,0,0
250406,1,1,1997,0,17,0,6,9,0,10,0,0,0
250406,2,1,1997,0,8,0,0,0,0,9,0,0,21
250407,1,1,1997,0,0,0,0,0,9,0,4,0,0
250407,2,1,1997,0,0,0,0,0,0,0,0,0,0
250408,1,1,1997,27,27,27,27,27,27,27,27,27,27
250409,0,1,1997,0,0,0,0,0,0,0,0,0,0
250409,1,1,1997,0,0,13,5,0,0,0,0,25,0
250410,1,1,1997,11,11,11,11,11,11,11,11,11,11
250411,1,1,1997,0,0,13,26,0,0,8,0,0,0
250411,2,1,1997,15,15,15,15,15,15,15,15,15,15
250412,1,1,1997,0,0,0,0,0,0,0,0,0,0
250412,2,1,1997,0,0,0,0,0,0,0,0,0,0
250413,1,1,1997,4,0,19,0,0,22,0,27,20,0
250414,1,1,1997,0,0,4,0,11,0,0,0,0,0
250415,1,1,1997,19,19,19,19,19,19,19,19,19,19
250416,1,1,1997,0,0,0,0,0,0,0,9,0,0
250416,2,1,1997,0,0,0,0,0,0,4,0,0,0
250417,1,1,1997,33,33,3,10,19,7,11,30,5,21
250418,0,1,1997,0,0,0,0,0,0,0,0,0,0
250418,1,1,1997,0,0,0,0,0,0,0,0,0,0
250419,1,1,1997,0,0,0,0,0,0,0,0,0,0
250420,1,1,1997,27,27,27,27,27,27,27,27,27,27
250421,1,1,1997,0,0,2,0,0,0,0,0,0,0
250422,0,1,1997,0,0,0,41,0,28,0,0,46,0
250422,1,1,1997,0,0,0,0,0,0,0,0,0,10
250423,0,1,1997,0,0,0,0,0,0,0,0,0,0
250423,1,1,1997,0,0,0,0,0,0,0,0,0,0
250424,0,1,1997,0,0,0,0,0,0,0,0,0,0
250424,1,1,1997,0,0,0,0,0,0,0,0,0,0
250425,0,1,1997,0,0,0,3,0,0,0,0,17,0
250425,1,1,1997,0,2,0,0,0,0,0,0,0,15
250426,1,1,1997,0,0,0,0,0,0,0,0,0,0
250426,2,1,1997,0,17,0,0,0,0,0,0,0,0
250426,3,1,1997,0,0,0,7,0,0,0,0,0,0
250426,4,1,1997,0,0,0,0,0,0,0,0,0,0
250427,1,1,1997,22,22,22,22,22,22,22,22,22,22
250427,2,1,1997,0,0,0,0,0,0,0,0,0,0
260001,1,1,1997,26,26,26,26,26,26,26,26,26,26
260002,1,1,1997,0,0,0,0,0,0,0,0,0,0
260002,2,1,1997,0,0,0,0,0,0,0,0,0,0
260003,1,1,1997,0,0,0,0,0,0,0,0,0,0
260003,2,1,1997,0,0,0,0,0,0,0,0,0,0
260004,1,1,1997,0,0,52,0,0,0,13,13,0,0
260005,1,1,1997,0,0,0,0,0,0,0,0,0,0
260005,2,1,1997,0,0,0,0,0,0,0,0,0,0
260005,3,1,1997,0,0,0,0,0,0,0,0,0,0
260006,1,1,1997,5,10,15,9,13,12,0,18,12,31
260006,2,1,1997,0,0,0,0,0,0,0,0,0,0
260007,1,1,1997,13,14,18,10,0,15,0,21,31,10
260008,1,1,1997,0,0,0,0,0,0,0,0,0,0
260009,1,1,1997,0,0,0,0,0,0,0,0,0,7
260010,0,1,1997,0,0,0,0,0,0,0,0,0,0
260010,1,1,1997,0,0,0,0,0,0,0,0,0,0
260011,1,1,1997,10,0,0,6,0,0,0,0,0,0
260012,1,1,1997,14,14,14,14,14,14,14,14,14,14
260013,1,1,1997,0,0,0,0,0,0,0,0,0,0
260013,2,1,1997,0,0,0,0,0,0,0,0,0,0
260014,1,1,1997,0,0,0,0,0,0,0,0,0,0
260015,1,1,1997,0,0,0,0,0,0,0,0,0,0
260015,2,1,1997,0,0,0,0,0,0,0,0,0,0
260016,1,1,1997,0,0,0,6,0,0,0,0,0,0
260016,2,1,1997,0,0,0,0,0,0,0,0,0,0
260017,1,1,1997,0,0,0,0,0,0,0,0,0,0
260017,2,1,1997,17,17,17,17,17,17,17,17,17,17
260018,1,1,1997,0,0,0,0,0,0,0,0,0,0
260018,2,1,1997,14,0,0,0,0,0,0,0,0,0
260018,3,1,1997,0,0,0,0,0,0,0,0,0,0
260018,4,1,1997,0,0,0,0,0,0,0,0,0,0
260019,1,1,1997,0,0,0,0,0,0,0,0,0,0
260019,2,1,1997,0,0,0,0,0,0,0,0,0,0
260020,1,1,1997,2,2,2,2,2,2,2,2,2,2
260021,1,1,1997,13,13,13,13,13,13,13,13,13,13
260022,1,1,1997,0,0,0,0,0,0,0,0,0,0
260022,2,1,1997,0,0,0,0,0,0,0,0,0,0
260023,1,1,1997,12,12,12,12,12,12,12,12,12,12
260024,1,1,1997,0,0,0,0,0,0,0,0,0,0
260024,2,1,1997,0,0,0,0,0,0,0,0,0,0
260024,3,1,1997,0,0,0,0,0,0,0,0,0,0
260025,1,1,1997,0,0,0,0,0,0,0,0,0,0
260025,2,1,1997,0,0,0,0,0,0,0,0,0,0
260026,2,1,1997,0,0,0,0,0,0,0,0,0,0
260027,1,1,1997,0,0,0,0,11,0,0,17,0,0
260027,2,1,1997,0,0,0,0,0,0,14,0,18,19
260028,1,1,1997,0,0,0,0,0,0,0,0,0,0
260028,2,1,1997,13,13,13,13,13,13,13,13,13,13
260029,1,1,1997,15,15,15,15,15,15,15,15,15,15
260030,1,1,1997,0,0,0,0,0,0,0,0,0,0
260031,1,1,1997,0,0,0,0,0,0,0,0,0,0
260032,1,1,1997,19,21,40,0,0,0,15,24,20,32
260033,1,1,1997,0,0,0,0,0,0,0,0,0,0
260033,2,1,1997,0,0,0,0,0,0,0,0,0,0
260034,1,1,1997,0,0,0,0,0,0,0,0,0,0
260034,2,1,1997,0,0,0,0,0,0,0,0,0,0
260035,0,1,1997,0,0,0,0,0,0,0,0,0,0
260035,1,1,1997,0,0,0,0,0,0,0,0,0,0
260036,0,1,1997,0,0,0,0,0,0,0,0,0,0
260036,1,1,1997,11,0,0,0,26,0,0,0,0,0
260037,1,1,1997,0,0,0,0,0,0,0,0,0,0
260038,1,1,1997,19,19,19,19,19,19,19,19,19,19
260039,1,1,1997,0,0,0,0,0,0,0,0,0,0
260039,2,1,1997,0,0,0,0,0,0,0,0,0,0
260040,1,1,1997,0,0,0,0,0,0,0,0,0,0
260040,2,1,1997,20,20,20,20,20,20,20,20,20,20
260041,1,1,1997,0,0,4,10,0,0,0,3,0,0
260041,2,1,1997,0,0,0,0,0,0,0,0,0,0
260041,3,1,1997,0,0,0,0,0,0,0,0,0,0
260042,0,1,1997,11,11,11,11,11,11,11,11,11,11
260042,1,1,1997,0,0,0,0,0,10,0,0,0,0
260043,1,1,1997,0,0,0,0,0,0,0,0,0,0
260044,1,1,1997,18,18,18,18,18,18,18,18,18,18
260045,1,1,1997,0,0,0,0,0,0,0,0,0,0
260045,2,1,1997,0,0,0,0,0,0,0,0,0,0
260046,1,1,1997,0,0,0,0,0,0,0,0,0,0
260046,2,1,1997,0,0,0,0,0,0,0,0,0,0
260047,1,1,1997,0,0,0,0,0,0,0,0,0,0
260047,2,1,1997,0,0,0,0,0,0,0,0,0,0
260048,1,1,1997,0,0,0,0,0,0,0,0,0,0
260048,2,1,1997,0,0,0,0,0,0,0,0,0,0
260049,0,1,1997,0,0,0,0,0,0,0,0,0,0
260049,1,1,1997,0,0,0,0,0,0,0,0,0,0
260050,1,1,1997,30,30,30,30,30,30,30,30,30,30
260050,2,1,1997,14,14,14,14,14,14,14,14,14,14
260051,1,1,1997,16,16,16,16,16,16,16,16,16,16
260051,2,1,1997,0,0,0,0,0,0,0,0,0,0
260052,1,1,1997,0,0,21,0,0,10,2,0,13,19
260053,1,1,1997,0,0,0,0,0,0,0,0,0,0
260053,2,1,1997,0,0,12,0,0,0,0,0,0,0
260054,1,1,1997,0,0,0,0,0,0,0,0,0,0
260055,0,1,1997,0,0,0,0,0,0,0,29,24,0
260055,0,2,1997,0,0,0,0,0,0,0,0,0,0
260055,1,1,1997,0,0,0,0,0,0,0,0,0,0
260056,1,1,1997,0,0,0,0,0,0,0,0,0,0
260056,2,1,1997,0,0,0,0,0,0,0,0,0,0
260057,1,1,1997,0,0,0,0,0,0,0,20,0,0
260057,2,1,1997,0,0,0,0,0,0,0,0,0,0
260058,1,1,1997,0,0,0,21,0,0,0,0,0,0
260058,2,1,1997,0,0,0,0,0,0,0,0,0,0
260059,1,1,1997,32,32,32,32,32,32,32,32,32,32
260060,1,1,1997,0,0,0,0,0,0,0,0,0,0
260061,1,1,1997,10,0,0,0,0,0,0,0,0,0
260062,1,1,1997,0,0,0,0,0,0,0,0,0,0
260062,2,1,1997,22,22,22,22,22,22,22,22,22,22
260063,1,1,1997,21,39,13,14,16,14,12,25,14,9
260063,2,1,1997,0,0,0,0,0,0,0,0,0,0
260064,0,1,1997,0,0,0,0,0,0,0,0,0,0
260064,1,1,1997,0,0,0,0,0,0,0,0,0,0
260065,1,1,1997,0,0,0,0,0,0,0,0,0,0
260065,2,1,1997,0,0,0,0,0,0,0,14,0,0
260066,0,1,1997,22,21,6,18,14,14,0,21,0,41
260066,1,1,1997,0,0,0,0,0,0,0,0,0,0
260067,1,1,1997,0,0,0,0,0,0,0,0,0,0
260068,1,1,1997,13,13,13,13,13,13,13,13,13,13
260068,2,1,1997,0,0,0,0,7,0,0,0,0,0
260069,1,1,1997,4,4,4,4,4,4,4,4,4,4
260069,2,1,1997,0,0,0,0,0,0,0,0,0,0
260070,0,1,1997,24,24,24,24,24,24,24,24,24,24
260070,1,1,1997,0,0,0,0,0,0,0,0,0,0
260071,1,1,1997,0,0,0,0,0,0,0,0,0,0
260071,2,1,1997,0,0,0,0,0,0,0,0,0,0
260071,3,1,1997,0,0,0,0,0,0,0,0,0,0
260071,4,1,1997,0,0,0,0,0,0,0,0,7,0
260072,1,1,1997,5,5,5,5,5,5,5,5,5,5
260072,2,1,1997,0,0,0,0,0,0,0,0,0,0
260072,3,1,1997,0,0,0,0,0,0,0,0,0,0
260073,1,1,1997,0,0,0,0,0,12,0,5,0,0
260074,0,1,1997,0,0,0,26,0,0,0,0,0,0
260074,1,1,1997,0,0,0,0,0,0,0,0,0,0
260075,1,1,1997,8,0,0,18,0,0,10,0,0,0
260076,1,1,1997,0,0,0,0,0,0,0,0,0,0
260076,2,1,1997,0,0,0,0,0,0,0,0,0,0
260077,1,1,1997,19,19,19,19,19,19,19,19,19,19
260078,1,1,1997,4,4,4,4,4,4,4,4,4,4
260079,1,1,1997,7,7,7,7,7,7,7,7,7,7
260079,2,1,1997,0,0,0,0,0,0,0,0,0,0
260080,0,1,1997,0,0,0,0,0,0,0,0,0,0
260080,0,2,1997,0,0,0,0,0,0,0,0,0,0
260080,1,1,1997,0,7,0,0,0,17,0,0,0,0
260081,1,1,1997,0,27,11,9,0,5,13,8,0,0
260082,1,1,1997,18,18,18,18,18,18,18,18,18,18
260083,1,1,1997,19,19,19,19,19,19,19,19,19,19
260084,1,1,1997,25,25,25,25,25,25,25,25,25,25
260085,1,1,1997,5,5,5,5,5,5,5,5,5,5
260086,1,1,1997,0,0,0,19,0,0,0,0,5,0
260087,1,1,1997,19,19,19,19,19,19,19,19,19,19
260088,1,1,1997,0,0,0,0,0,0,0,0,0,0
260089,1,1,1997,20,20,20,20,20,20,20,20,20,20
260090,1,1,1997,29,29,29,29,29,29,29,29,29,29
260091,1,1,1997,3,3,3,3,3,3,3,3,3,3
260092,1,1,1997,17,23,20,25,9,0,0,0,0,0
260093,1,1,1997,7,7,7,7,7,7,7,7,7,7
260093,2,1,1997,35,0,7,0,0,0,8,0,0,0
260094,1,1,1997,20,20,20,20,20,20,20,20,20,20
260094,2,1,1997,3,3,3,3,3,3,3,3,3,3
260095,1,1,1997,0,0,0,0,0,0,0,0,0,0
260095,2,1,1997,0,0,0,0,0,0,0,0,0,0
260096,1,1,1997,0,0,0,0,0,0,0,0,0,0
260096,2,1,1997,0,0,0,0,0,0,0,0,0,0
260097,1,1,1997,13,13,13,13,13,13,13,13,13,13
260098,1,1,1997,4,4,4,4,4,4,4,4,4,4
260099,1,1,1997,0,0,0,0,0,0,0,0,0,0
260099,2,1,1997,0,0,0,0,0,0,0,0,0,0
260100,0,1,1997,20,20,20,20,20,20,20,20,20,20
260100,1,1,1997,0,0,0,0,0,0,0,0,0,0
260101,1,1,1997,25,25,25,25,25,25,25,25,25,25
260102,1,1,1997,0,0,0,0,0,0,0,0,0,0
260102,2,1,1997,0,0,0,0,0,0,0,0,0,0
260103,1,1,1997,0,0,0,0,0,0,0,0,0,0
260103,2,1,1997,0,0,0,0,0,0,0,0,0,0
260104,1,1,1997,0,0,0,0,0,0,0,0,0,0
260104,2,1,1997,0,0,0,0,0,0,0,0,0,0
260105,1,1,1997,0,0,0,0,0,0,0,0,0,0
260106,1,1,1997,0,0,0,0,0,0,0,0,0,0
260106,2,1,1997,0,0,0,0,0,0,0,0,0,0
260107,1,1,1997,0,0,0,0,0,0,0,0,0,0
260107,2,1,1997,0,0,0,0,0,0,0,0,0,0
260107,3,1,1997,0,0,0,0,0,0,0,0,0,0
260108,1,1,1997,1,1,1,1,1,1,1,1,1,1
260108,2,1,1997,0,0,0,0,0,0,0,0,0,0
260109,1,1,1997,7,7,7,7,7,7,7,7,7,7
260110,1,1,1997,12,12,12,12,12,12,12,12,12,12
260110,2,1,1997,0,0,0,0,0,0,0,0,0,0
260110,3,1,1997,14,0,0,0,13,0,15,0,15,0
260111,1,1,1997,0,20,0,0,0,0,0,0,0,0
260111,2,1,1997,0,0,0,0,0,0,0,0,0,0
260112,1,1,1997,0,0,0,0,0,0,0,0,0,0
260112,2,1,1997,0,0,0,0,0,0,0,0,0,0
260113,1,1,1997,0,0,0,0,0,0,0,0,0,0
260113,2,1,1997,0,0,0,0,0,0,0,0,0,0
260114,1,1,1997,15,15,15,15,15,15,15,15,15,15
260115,1,1,1997,23,23,23,23,23,23,23,23,23,23
260116,1,1,1997,0,12,0,0,0,0,0,0,17,0
260117,1,1,1997,31,31,31,31,31,31,31,31,31,31
260117,2,1,1997,0,0,0,0,0,0,0,0,0,0
260118,1,1,1997,6,15,23,16,16,21,0,21,11,30
260118,2,1,1997,0,0,0,0,0,0,0,0,0,0
260119,1,1,1997,0,0,0,0,0,0,0,0,0,0
260119,2,1,1997,0,0,0,0,0,0,0,0,0,0
260119,3,1,1997,0,0,0,0,0,0,0,0,0,0
260120,1,1,1997,0,0,0,0,0,0,0,0,0,0
260120,2,1,1997,0,0,0,0,0,0,0,0,0,0
260121,1,1,1997,27,20,19,0,0,0,0,0,0,0
260121,2,1,1997,0,0,0,0,0,0,0,0,0,0
260122,1,1,1997,0,0,0,0,0,0,0,0,0,0
260123,1,1,1997,0,0,0,0,0,0,0,0,0,0
260123,2,1,1997,0,0,0,0,0,0,0,0,0,0
260124,1,1,1997,0,0,0,0,0,0,0,0,0,0
260124,2,1,1997,6,6,6,6,6,6,6,6,6,6
260125,1,1,1997,35,35,35,35,35,35,35,35,35,35
260126,1,1,1997,0,0,0,0,0,0,0,0,0,0
260126,2,1,1997,0,0,0,0,0,0,0,0,0,0
260127,1,1,1997,0,0,0,0,0,0,0,0,0,0
260127,2,1,1997,8,8,8,8,8,8,8,8,8,8
260128,1,1,1997,20,20,20,20,20,20,20,20,20,20
260129,0,1,1997,0,0,0,0,0,0,0,0,19,0
260129,1,1,1997,0,0,0,0,0,0,0,0,0,0
260130,1,1,1997,0,0,0,0,0,0,0,0,0,0
260130,2,1,1997,0,0,0,0,0,0,0,0,0,0
260131,1,1,1997,0,0,0,0,0,0,0,0,0,0
260131,2,1,1997,0,0,0,0,0,0,0,0,0,0
260131,3,1,1997,0,0,0,0,0,0,0,0,0,0
260132,1,1,1997,0,0,0,0,0,0,0,0,0,0
260132,2,1,1997,0,0,0,0,0,0,0,0,0,0
260132,3,1,1997,0,0,0,0,0,0,0,0,0,0
260133,1,1,1997,16,16,16,16,16,16,16,16,16,16
260133,2,1,1997,0,0,0,0,0,0,0,0,0,0
260134,1,1,1997,14,9,12,14,13,14,8,13,23,34
260135,1,1,1997,15,15,15,15,15,15,15,15,15,15
260136,1,1,1997,0,0,0,21,0,0,0,0,0,0
260136,2,1,1997,0,0,0,0,0,0,0,5,0,0
260137,1,1,1997,10,10,10,10,10,10,10,10,10,10
260138,1,1,1997,0,0,0,0,0,0,0,0,0,0
260139,1,1,1997,0,0,0,0,0,0,0,0,0,0
260140,1,1,1997,0,0,0,0,0,0,0,0,0,0
260140,2,1,1997,0,0,0,0,0,0,0,0,0,0
260141,1,1,1997,0,0,0,0,0,0,0,0,0,0
260141,2,1,1997,0,0,0,0,0,0,0,0,0,0
260142,1,1,1997,0,0,0,0,0,0,0,0,0,0
260143,1,1,1997,0,0,0,0,0,0,0,0,0,0
260144,1,1,1997,10,10,10,10,10,10,10,10,10,10
260145,0,1,1997,21,31,4,22,0,31,8,18,11,0
260145,0,2,1997,21,21,21,21,21,21,21,21,21,21
260145,1,1,1997,0,0,0,0,0,0,0,0,0,0
260146,1,1,1997,23,23,23,23,23,23,23,23,23,23
260147,1,1,1997,0,0,0,0,0,0,0,0,0,0
260147,2,1,1997,0,0,0,0,0,0,0,0,0,0
260148,1,1,1997,16,15,21,17,13,7,30,8,12,15
260148,2,1,1997,12,12,12,12,12,12,12,12,12,12
260149,1,1,1997,0,0,0,0,0,0,0,0,0,0
260150,1,1,1997,0,0,0,0,0,0,0,0,0,0
260150,2,1,1997,0,0,0,0,0,0,9,0,0,0
260151,0,1,1997,0,0,0,0,0,0,0,0,0,0
260151,1,1,1997,0,0,0,0,0,4,0,8,0,0
260152,1,1,1997,10,17,21,21,27,16,22,16,23,16
260153,1,1,1997,0,0,0,0,0,0,0,0,0,0
260153,2,1,1997,0,0,0,0,0,0,0,0,0,0
260154,1,1,1997,6,6,6,6,6,6,6,6,6,6
260155,1,1,1997,0,0,0,0,0,0,0,0,0,0
260155,2,1,1997,0,0,0,0,0,0,0,0,0,0
260156,1,1,1997,0,0,0,0,0,0,0,0,0,0
260156,2,1,1997,0,0,0,0,0,0,0,0,0,0
260157,0,1,1997,0,0,0,0,0,0,0,0,0,0
260157,1,1,1997,0,0,0,0,0,0,0,0,0,0
260158,1,1,1997,9,9,9,9,9,9,9,9,9,9
260158,2,1,1997,14,14,14,14,14,14,14,14,14,14
260159,1,1,1997,0,0,0,0,0,0,0,0,0,0
260159,2,1,1997,0,0,0,0,0,0,0,0,0,0
260160,1,1,1997,0,0,0,0,0,4,0,0,0,0
260160,2,1,1997,0,0,0,0,0,0,0,0,0,0
260161,1,1,1997,12,12,12,12,12,12,12,12,12,12
260162,1,1,1997,0,0,0,0,0,0,0,0,0,0
260162,2,1,1997,0,0,0,0,0,0,0,0,0,0
260163,0,1,1997,0,0,0,0,0,0,0,0,0,0
260163,1,1,1997,0,0,0,0,0,0,0,0,0,0
260164,1,1,1997,0,0,0,0,0,0,0,0,0,0
260164,2,1,1997,0,0,0,0,0,0,0,0,0,0
260165,1,1,1997,0,0,0,0,0,0,0,0,0,0
260165,2,1,1997,0,0,0,0,0,0,0,0,0,0
260166,1,1,1997,11,11,11,11,11,11,11,11,11,11
260167,1,1,1997,0,15,0,0,0,0,0,0,0,0
260167,2,1,1997,17,0,0,0,0,0,0,0,0,0
260168,1,1,1997,21,21,21,21,21,21,21,21,21,21
260169,1,1,1997,0,0,0,0,0,0,0,28,16,0
260169,2,1,1997,0,0,0,0,0,0,0,0,0,0
260170,1,1,1997,0,0,0,0,0,0,0,0,0,0
260171,1,1,1997,6,6,6,6,6,6,6,6,6,6
260172,1,1,1997,0,0,0,0,0,0,0,0,0,0
260172,2,1,1997,0,0,0,0,0,0,0,0,0,0
260173,1,1,1997,26,0,0,13,0,0,0,0,0,10
260174,1,1,1997,0,0,0,0,0,0,0,0,0,0
260174,2,1,1997,0,0,0,0,0,0,0,0,0,0
260175,1,1,1997,11,19,5,21,9,13,12,29,15,14
260175,2,1,1997,0,0,0,0,0,0,0,0,0,0
260176,1,1,1997,0,0,0,0,0,0,0,0,0,0
260176,2,1,1997,0,0,0,0,0,0,0,0,0,0
260176,3,1,1997,0,0,0,0,0,0,0,0,0,0
260177,1,1,1997,0,0,0,0,0,0,0,0,0,0
260177,2,1,1997,10,0,0,0,0,0,17,22,0,0
260178,1,1,1997,0,0,0,0,0,0,0,0,0,0
260179,1,1,1997,0,0,0,0,0,0,0,0,0,0
260179,2,1,1997,0,0,0,0,0,0,0,0,0,0
260180,1,1,1997,0,0,0,0,0,0,0,0,0,0
260181,1,1,1997,12,12,12,12,12,12,12,12,12,12
260182,1,1,1997,12,12,12,12,12,12,12,12,12,12
260182,2,1,1997,0,0,0,0,0,0,0,0,0,0
260183,1,1,1997,1,1,1,1,1,1,1,1,1,1
260184,1,1,1997,0,0,0,0,0,0,0,0,0,0
260184,2,1,1997,0,0,0,0,0,0,0,0,0,0
260185,1,1,1997,10,10,10,10,10,10,10,10,10,10
260186,0,1,1997,0,0,0,0,0,0,0,0,0,0
260186,1,1,1997,0,0,0,0,0,0,0,0,0,0
260187,1,1,1997,0,0,0,0,0,0,0,0,0,0