ST_CASE,VEH_NO,PER_NO,YEAR,P1,P2,P3,P4,P5,P6,P7,P8,P9,P10
260966,1,1,1997,13,0,0,0,0,0,0,0,0,0
260967,1,1,1997,0,0,0,0,0,0,0,0,0,0
260967,2,1,1997,0,0,0,0,0,0,0,0,0,0
260968,1,1,1997,19,0,13,15,19,0,19,14,25,11
260969,1,1,1997,0,0,0,0,0,0,0,0,0,0
260969,2,1,1997,0,0,0,0,0,0,0,0,0,0
260970,1,1,1997,22,22,22,22,22,22,22,22,22,22
260971,1,1,1997,0,0,0,0,0,0,0,0,0,0
260971,2,1,1997,0,0,0,0,0,0,0,0,0,0
260972,1,1,1997,0,0,0,0,0,0,0,0,0,0
260972,2,1,1997,0,0,0,0,0,0,0,0,0,0
260973,1,1,1997,0,0,0,0,0,0,0,0,0,0
260973,2,1,1997,0,0,0,0,0,0,0,0,0,0
260974,1,1,1997,1,1,1,1,1,1,1,1,1,1
260974,2,1,1997,0,0,0,0,0,0,0,0,0,0
260975,1,1,1997,0,0,0,0,0,0,0,0,0,0
260975,2,1,1997,0,0,0,0,0,0,0,0,0,0
260976,1,1,1997,13,13,13,13,13,13,13,13,13,13
260976,2,1,1997,0,0,0,0,0,3,0,0,0,0
260977,1,1,1997,0,0,0,0,0,0,0,0,0,0
260977,2,1,1997,0,0,0,0,0,0,0,0,0,0
260978,1,1,1997,18,20,22,22,9,38,18,11,13,12
260979,1,1,1997,0,12,0,0,10,0,0,0,0,0
260980,1,1,1997,26,26,26,26,26,26,26,26,26,26
260981,1,1,1997,0,0,0,0,0,0,0,0,0,0
260981,2,1,1997,0,0,0,0,0,0,0,0,0,0
260982,0,1,1997,11,11,11,11,11,11,11,11,11,11
260982,1,1,1997,0,8,0,0,22,0,29,0,26,26
260983,1,1,1997,0,0,0,0,0,0,0,0,14,0
260983,2,1,1997,0,0,0,0,23,0,0,0,0,0
260984,1,1,1997,0,0,0,0,0,0,0,0,0,0
260984,2,1,1997,0,0,0,0,0,0,16,0,0,0
260985,1,1,1997,0,0,0,0,0,0,0,0,0,0
260985,2,1,1997,0,0,0,0,0,0,0,0,0,0
260986,1,1,1997,11,11,11,11,11,11,11,11,11,11
260987,1,1,1997,0,0,0,24,0,0,0,0,0,0
260988,1,1,1997,0,0,0,0,0,0,0,21,0,0
260989,0,1,1997,18,18,18,18,18,18,18,18,18,18
260989,1,1,1997,0,2,0,9,0,0,0,7,0,0
260990,1,1,1997,31,31,31,31,31,31,31,31,31,31
260991,1,1,1997,28,26,0,23,0,0,11,20,12,0
260991,2,1,1997,16,0,0,0,0,0,0,0,0,0
260992,1,1,1997,0,0,0,0,0,0,0,0,0,0
260992,2,1,1997,0,0,0,0,0,0,0,0,0,0
260993,1,1,1997,35,35,35,35,35,35,35,35,35,35
260994,1,1,1997,0,0,0,0,0,0,0,0,0,0
260995,1,1,1997,0,0,0,0,0,0,0,0,0,0
260995,2,1,1997,0,0,0,0,0,0,0,0,0,0
260996,1,1,1997,0,0,0,0,0,0,0,0,0,0
260996,2,1,1997,0,0,0,0,0,0,0,0,0,0
260997,1,1,1997,0,0,0,0,0,0,0,0,0,0
260997,2,1,1997,0,5,17,21,0,0,0,14,0,16
260998,0,1,1997,0,0,0,0,0,0,0,0,0,0
260998,1,1,1997,0,0,0,0,0,0,0,0,0,0
260999,1,1,1997,0,0,0,0,0,0,0,0,0,0
261000,1,1,1997,0,0,0,0,0,0,0,0,0,0
261001,1,1,1997,0,0,0,0,0,0,0,0,0,0
261001,2,1,1997,0,0,9,0,0,0,0,0,0,0
261002,1,1,1997,7,7,7,7,7,7,7,7,7,7
261003,0,1,1997,24,24,24,24,24,24,24,24,24,24
261003,1,1,1997,0,0,0,0,0,0,0,0,0,0
261004,1,1,1997,0,0,0,0,0,0,0,0,0,0
261005,1,1,1997,0,0,11,0,0,0,0,0,0,0
261005,2,1,1997,0,0,0,0,0,0,0,0,0,0
261006,1,1,1997,0,0,0,0,0,0,0,0,0,0
261006,2,1,1997,0,0,0,0,0,0,0,0,0,0
261007,1,1,1997,0,0,0,0,0,0,0,0,0,0
261007,2,1,1997,16,16,16,16,16,16,16,16,16,16
261008,1,1,1997,0,0,0,0,0,0,0,0,0,0
261008,2,1,1997,0,0,0,0,0,0,0,0,0,0
261008,3,1,1997,0,0,0,0,0,0,0,0,0,0
261009,1,1,1997,0,0,0,0,0,0,0,0,0,11
261010,1,1,1997,22,22,22,22,22,22,22,22,22,22
261010,2,1,1997,0,0,0,0,0,0,0,0,0,0
261011,1,1,1997,0,0,0,0,0,0,0,0,0,0
261012,1,1,1997,8,5,0,9,0,19,32,8,18,14
261013,0,1,1997,12,12,12,12,12,12,12,12,12,12
261013,1,1,1997,0,0,0,0,0,0,0,0,0,0
261014,1,1,1997,0,5,0,15,21,0,0,0,11,0
261015,1,1,1997,0,0,0,0,0,0,0,0,0,0
261016,1,1,1997,0,0,0,0,0,0,0,0,0,0
261016,2,1,1997,22,0,0,0,0,0,0,0,0,0
261018,1,1,1997,0,0,0,0,0,0,0,0,0,15
261018,2,1,1997,0,0,0,0,0,0,0,0,0,0
261019,1,1,1997,0,0,0,0,0,0,0,0,0,0
261019,2,1,1997,0,0,0,0,0,0,0,0,0,0
261020,1,1,1997,0,0,0,0,0,0,0,0,0,0
261021,1,1,1997,0,0,0,0,0,0,0,0,0,0
261022,1,1,1997,0,0,0,0,0,0,0,0,0,0
261022,2,1,1997,0,0,0,0,0,0,0,0,0,0
261023,1,1,1997,23,20,8,12,14,26,18,20,0,14
261024,1,1,1997,0,0,0,0,0,0,0,0,0,0
261024,2,1,1997,0,0,0,0,0,0,0,0,0,0
261025,1,1,1997,0,0,0,0,0,0,0,0,0,0
261026,1,1,1997,0,0,0,0,0,0,0,0,0,0
261026,2,1,1997,0,0,0,0,0,0,0,0,0,0
261027,1,1,1997,19,19,19,19,19,19,19,19,19,19
261027,2,1,1997,0,0,0,0,0,0,0,0,0,0
261028,1,1,1997,0,0,0,0,0,0,0,0,0,0
261028,2,1,1997,0,0,0,0,0,0,0,0,0,0
261029,0,1,1997,0,0,0,0,0,0,0,0,0,0
261029,0,2,1997,0,0,0,0,0,0,0,0,0,0
261029,1,1,1997,0,0,0,0,0,0,0,0,0,0
261030,1,1,1997,30,30,30,30,30,30,30,30,30,30
261030,2,1,1997,10,10,10,10,10,10,10,10,10,10
261031,1,1,1997,0,0,0,0,0,0,0,0,0,0
261031,2,1,1997,0,0,0,0,0,0,0,0,0,0
261033,1,1,1997,0,0,0,0,0,0,0,0,0,0
261033,2,1,1997,0,0,0,0,0,0,0,0,0,0
261034,1,1,1997,0,0,0,0,0,0,0,0,0,0
261034,2,1,1997,0,0,0,0,0,0,0,0,0,0
261035,1,1,1997,19,19,19,19,19,19,19,19,19,19
261036,1,1,1997,20,20,20,20,20,20,20,20,20,20
261036,2,1,1997,0,0,0,0,0,0,0,4,0,0
261037,1,1,1997,17,17,17,17,17,17,17,17,17,17
261038,1,1,1997,0,0,0,0,28,0,0,0,0,0
261038,2,1,1997,0,25,11,13,17,0,14,0,0,18
261038,3,1,1997,0,0,0,0,0,0,0,6,0,0
261039,1,1,1997,0,0,25,0,0,0,0,0,0,0
261039,2,1,1997,0,0,0,0,0,0,0,0,0,0
261040,1,1,1997,0,0,0,0,19,0,0,0,0,0
261040,2,1,1997,0,23,22,0,0,0,26,0,16,0
261041,1,1,1997,0,0,6,0,16,0,9,0,4,2
261041,2,1,1997,0,0,0,0,0,0,0,0,0,0
261043,1,1,1997,14,0,0,0,0,0,0,0,0,27
261043,2,1,1997,0,0,0,0,0,0,0,0,0,0
261044,0,1,1997,0,0,0,0,0,0,34,0,0,0
261044,1,1,1997,0,23,0,12,0,0,0,13,0,0
261045,1,1,1997,22,0,14,0,0,21,9,8,0,17
261046,1,1,1997,0,0,4,0,0,0,0,0,0,0
261046,2,1,1997,0,0,0,0,0,0,0,0,0,0
261046,3,1,1997,11,0,0,0,0,0,18,10,43,5
261047,1,1,1997,0,0,0,0,0,0,0,0,0,0
261047,2,1,1997,0,0,0,0,0,0,0,0,0,0
261048,1,1,1997,18,18,0,0,0,0,0,0,6,0
261049,1,1,1997,0,0,0,0,0,0,0,0,0,0
261050,1,1,1997,16,16,16,16,16,16,16,16,16,16
261050,2,1,1997,0,0,0,0,0,0,0,0,0,0
261051,1,1,1997,0,0,0,0,0,0,0,0,0,0
261052,0,1,1997,17,17,17,17,17,17,17,17,17,17
261052,1,1,1997,0,0,0,0,0,0,0,0,0,0
261053,1,1,1997,19,19,19,19,19,19,19,19,19,19
261054,1,1,1997,0,0,0,0,0,0,0,0,0,0
261054,2,1,1997,0,0,0,0,0,0,0,0,0,0
261055,1,1,1997,0,0,0,0,0,0,0,0,0,0
261055,2,1,1997,0,0,0,0,0,0,0,0,0,0
261056,1,1,1997,15,15,15,15,15,15,15,15,15,15
261057,1,1,1997,22,22,22,22,22,22,22,22,22,22
261058,1,1,1997,31,31,31,31,31,31,31,31,31,31
261059,1,1,1997,32,5,22,8,12,7,5,3,16,8
261059,2,1,1997,20,18,30,36,18,15,9,26,28,21
261060,1,1,1997,17,17,17,17,17,17,17,17,17,17
261060,2,1,1997,0,0,0,0,0,0,0,0,0,0
261061,1,1,1997,0,0,0,0,0,0,0,25,0,0
261062,1,1,1997,0,0,0,0,0,0,0,0,0,0
261062,2,1,1997,0,0,0,0,0,0,0,0,0,0
261063,1,1,1997,0,0,0,0,0,0,0,0,0,0
261063,2,1,1997,0,0,0,0,0,0,0,0,0,0
261064,1,1,1997,0,0,0,0,0,0,0,0,0,0
261064,2,1,1997,0,0,0,0,0,0,0,0,2,0
261065,0,1,1997,14,14,14,14,14,14,14,14,14,14
261065,1,1,1997,0,0,0,19,0,30,6,9,14,21
261066,1,1,1997,0,0,0,0,0,0,0,0,0,0
261067,1,1,1997,0,0,0,18,0,0,0,0,0,0
261068,1,1,1997,0,0,0,0,0,0,0,0,0,0
261069,1,1,1997,0,0,4,0,0,0,0,0,0,0
261069,2,1,1997,0,0,0,0,0,0,0,0,0,0
261070,1,1,1997,0,0,0,0,0,0,0,0,0,0
261070,2,1,1997,0,0,0,0,0,0,0,0,0,0
261071,1,1,1997,0,0,0,0,0,0,0,0,0,0
261071,2,1,1997,0,0,0,0,0,0,0,0,0,0
261072,1,1,1997,0,0,0,0,0,0,0,0,0,0
261072,2,1,1997,0,0,0,0,0,0,0,0,0,0
261073,0,1,1997,0,0,0,0,0,0,0,0,0,0
261073,1,1,1997,0,0,0,0,0,0,0,0,0,0
261074,1,1,1997,0,0,0,0,0,0,0,0,0,0
261074,2,1,1997,0,0,0,0,0,0,0,0,0,0
261074,3,1,1997,8,0,0,0,0,0,0,0,0,0
261075,0,1,1997,0,0,0,0,0,9,0,0,0,0
261075,1,1,1997,0,0,0,0,0,0,0,0,0,0
261075,2,1,1997,0,0,0,0,0,0,0,0,0,0
261075,3,1,1997,0,0,0,0,0,0,0,0,0,0
261076,1,1,1997,0,0,0,0,0,0,0,0,0,0
261076,2,1,1997,4,4,4,4,4,4,4,4,4,4
261077,1,1,1997,0,0,0,0,0,0,0,8,0,0
261078,1,1,1997,0,0,0,0,0,0,0,0,0,0
261078,2,1,1997,0,0,0,0,0,0,0,0,0,0
261079,1,1,1997,0,0,0,0,0,0,0,0,0,0
261079,2,1,1997,0,0,0,0,0,0,0,0,0,0
261080,0,1,1997,0,0,0,0,0,0,0,0,0,32
261080,1,1,1997,0,0,0,0,0,0,0,0,0,0
261081,1,1,1997,0,0,0,0,0,0,0,0,0,0
261081,2,1,1997,28,28,28,28,28,28,28,28,28,28
261082,1,1,1997,0,0,0,0,0,0,0,0,0,0
261082,2,1,1997,13,13,13,13,13,13,13,13,13,13
261083,1,1,1997,0,0,0,0,0,0,0,0,0,0
261084,1,1,1997,0,0,0,0,0,0,0,0,0,0
261084,2,1,1997,0,0,19,0,0,0,0,0,0,0
261085,1,1,1997,0,0,0,0,0,0,0,0,0,0
261086,1,1,1997,0,0,0,0,0,0,0,0,0,0
261087,1,1,1997,0,14,0,15,13,0,12,20,0,15
261087,2,1,1997,0,0,0,0,0,0,0,0,0,0
261088,1,1,1997,0,0,0,0,0,0,0,0,0,0
261089,1,1,1997,16,16,16,16,16,16,16,16,16,16
261090,0,1,1997,0,0,21,0,0,0,19,0,0,40
261090,1,1,1997,0,0,0,0,0,0,0,0,0,0
261091,1,1,1997,0,0,0,0,0,0,0,0,10,0
261091,2,1,1997,0,0,0,0,0,0,0,0,0,0
261092,1,1,1997,0,0,0,0,0,0,0,0,0,0
261092,2,1,1997,0,0,0,0,0,0,0,0,0,0
261093,1,1,1997,19,19,19,19,19,19,19,19,19,19
261093,2,1,1997,0,0,0,0,0,0,0,0,0,0
261094,1,1,1997,0,0,0,0,0,0,0,0,0,0
261094,2,1,1997,0,0,0,0,0,0,0,0,0,0
261095,1,1,1997,0,0,0,0,0,0,0,0,0,0
261095,2,1,1997,0,0,0,2,0,0,0,0,0,0
261096,1,1,1997,10,7,10,13,22,27,27,11,8,16
261097,0,1,1997,0,9,12,0,0,0,0,0,0,0
261097,1,1,1997,0,0,0,0,0,0,0,0,0,0
261098,1,1,1997,0,0,0,17,0,0,0,0,0,0
261098,2,1,1997,0,0,0,0,0,0,0,0,0,0
261099,1,1,1997,0,0,0,0,0,0,0,0,0,0
261099,2,1,1997,0,0,0,0,0,0,0,0,0,0
261100,1,1,1997,0,0,0,0,0,0,0,0,0,0
261100,2,1,1997,0,0,0,0,0,0,0,0,0,0
261101,0,1,1997,0,0,0,0,0,0,0,0,0,0
261101,1,1,1997,0,0,0,0,0,0,0,0,0,0
261102,0,1,1997,0,0,0,0,0,0,0,0,0,0
261102,1,1,1997,0,0,0,0,0,0,0,0,0,0
261103,0,1,1997,29,29,29,29,29,29,29,29,29,29
261103,1,1,1997,11,0,0,0,0,5,0,0,0,0
261104,1,1,1997,0,0,0,0,0,0,0,0,0,0
261105,1,1,1997,0,21,0,18,12,0,0,0,0,0
261106,1,1,1997,23,23,23,23,23,23,23,23,23,23
261107,1,1,1997,0,13,0,0,0,0,0,26,0,0
261107,2,1,1997,0,0,0,0,0,0,0,0,0,0
261108,1,1,1997,0,0,0,0,0,0,0,0,0,0
261109,1,1,1997,21,0,34,0,22,24,24,25,0,0
261110,1,1,1997,0,0,0,0,0,0,0,0,0,0
261111,1,1,1997,5,5,5,5,5,5,5,5,5,5
261112,0,1,1997,0,0,0,0,0,0,0,0,0,0
261112,1,1,1997,18,18,18,18,18,18,18,18,18,18
261113,1,1,1997,0,0,0,0,0,0,0,0,0,0
261114,1,1,1997,0,0,0,0,0,0,0,0,0,0
261115,1,1,1997,0,0,0,0,0,0,0,0,0,0
261115,2,1,1997,0,0,0,0,0,0,0,0,0,0
261116,1,1,1997,15,15,15,15,15,15,15,15,15,15
261117,1,1,1997,25,25,25,25,25,25,25,25,25,25
261118,1,1,1997,15,15,15,15,15,15,15,15,15,15
261119,1,1,1997,0,0,0,0,0,0,0,0,0,0
261119,2,1,1997,3,3,3,3,3,3,3,3,3,3
261120,0,1,1997,0,0,0,0,0,29,0,0,0,0
261120,1,1,1997,0,6,0,0,0,0,0,0,0,0
261121,1,1,1997,0,0,0,0,0,0,0,0,0,0
261121,2,1,1997,0,0,0,0,0,0,0,0,0,0
261121,3,1,1997,0,0,0,0,0,0,0,0,0,0
261122,1,1,1997,0,0,0,0,0,0,0,0,0,0
261122,2,1,1997,0,0,0,0,0,0,0,0,0,0
261123,1,1,1997,1,1,1,1,1,1,1,1,1,1
261124,1,1,1997,0,0,0,0,0,0,0,0,0,0
261124,2,1,1997,0,0,0,0,0,0,0,0,0,0
261125,0,1,1997,0,0,0,0,0,0,0,0,0,0
261125,1,1,1997,0,0,0,0,0,0,0,0,0,0
261126,1,1,1997,15,15,15,15,15,15,15,15,15,15
261127,1,1,1997,0,0,0,0,0,0,0,0,0,0
261127,2,1,1997,0,0,0,0,0,0,0,0,0,0
261128,1,1,1997,0,0,26,0,0,0,0,0,0,0
261128,2,1,1997,0,0,0,0,0,0,0,0,0,0
261129,1,1,1997,0,0,0,0,0,0,0,0,0,0
261130,0,1,1997,12,12,12,12,12,12,12,12,12,12
261130,1,1,1997,0,0,0,0,0,0,0,0,0,0
261131,1,1,1997,25,25,25,25,25,25,25,25,25,25
261131,2,1,1997,0,20,0,0,0,0,0,0,0,0
261132,1,1,1997,0,0,0,0,0,0,0,0,0,0
261133,1,1,1997,29,29,29,29,29,29,29,29,29,29
261133,2,1,1997,0,0,0,14,0,0,0,0,4,0
261134,1,1,1997,0,0,0,0,0,0,0,0,0,0
261134,2,1,1997,0,0,0,0,0,0,0,0,0,0
261135,1,1,1997,11,11,11,11,11,11,11,11,11,11
261136,0,1,1997,17,17,17,17,17,17,17,17,17,17
261136,1,1,1997,10,10,10,10,10,10,10,10,10,10
261137,1,1,1997,0,0,0,0,0,0,0,0,0,0
261137,2,1,1997,0,0,0,0,0,0,0,0,0,0
261138,1,1,1997,9,19,13,27,29,25,20,19,7,10
261139,1,1,1997,0,0,0,0,0,0,0,0,0,0
261139,2,1,1997,0,0,0,0,0,0,0,0,0,0
261140,1,1,1997,0,0,0,0,0,0,0,0,0,0
261140,2,1,1997,0,0,0,0,0,0,0,0,0,0
261141,1,1,1997,7,7,7,7,7,7,7,7,7,7
261142,1,1,1997,12,12,12,12,12,12,12,12,12,12
261142,2,1,1997,0,0,0,0,0,0,0,0,0,0
261143,1,1,1997,0,0,0,0,0,0,0,0,0,0
261144,1,1,1997,0,0,0,0,0,0,0,0,0,0
261145,1,1,1997,0,0,0,0,0,0,0,0,0,0
261145,2,1,1997,0,0,0,0,0,0,0,0,0,0
261146,1,1,1997,8,0,0,0,0,0,0,0,0,0
261146,2,1,1997,0,10,0,0,0,0,0,0,0,0
261147,0,1,1997,0,0,0,0,0,0,0,0,0,0
261147,1,1,1997,0,0,0,0,0,0,0,0,0,0
261148,1,1,1997,0,0,0,0,0,0,0,0,0,0
261148,2,1,1997,0,0,0,0,0,0,0,0,0,0
261149,1,1,1997,0,0,0,0,0,0,0,0,0,0
261149,2,1,1997,0,0,0,0,0,0,0,0,0,0
261150,0,1,1997,23,23,23,23,23,23,23,23,23,23
261150,1,1,1997,0,0,0,0,0,0,0,0,0,0
261151,1,1,1997,0,0,0,0,0,0,0,0,0,0
261151,2,1,1997,0,0,0,0,0,0,0,0,0,0
261152,0,1,1997,15,15,15,15,15,15,15,15,15,15
261152,1,1,1997,0,0,0,0,0,0,0,0,0,0
261153,1,1,1997,0,0,0,0,0,0,0,0,0,0
261153,2,1,1997,0,0,0,0,0,0,0,0,0,0
261154,1,1,1997,0,0,0,0,0,0,0,0,0,0
261154,2,1,1997,0,0,0,0,0,0,0,0,0,0
261155,1,1,1997,16,16,16,16,16,16,16,16,16,16
261156,1,1,1997,0,0,0,0,0,0,0,0,0,0
261156,2,1,1997,0,0,0,0,0,0,0,0,0,0
261157,1,1,1997,0,0,0,0,0,0,0,0,0,0
261157,2,1,1997,0,0,0,0,0,0,0,0,0,0
261158,1,1,1997,0,0,0,0,0,0,0,0,0,0
261158,2,1,1997,0,0,0,0,0,0,0,0,0,20
261158,3,1,1997,0,0,0,0,0,0,0,0,0,0
261159,1,1,1997,15,15,15,15,15,15,15,15,15,15
261160,0,1,1997,23,23,23,23,23,23,23,23,23,23
261160,1,1,1997,0,0,0,0,0,0,0,0,0,0
261161,1,1,1997,0,0,0,0,0,0,0,0,0,0
261161,2,1,1997,0,0,0,0,0,0,0,0,0,0
261162,1,1,1997,16,16,16,16,16,16,16,16,16,16
261163,0,1,1997,0,0,0,0,0,0,0,0,0,0
261163,1,1,1997,0,0,0,0,0,0,0,0,0,0
261164,1,1,1997,0,0,0,0,0,0,0,0,0,16
261164,2,1,1997,0,5,14,0,0,0,10,22,0,0
261164,3,1,1997,0,0,0,0,0,0,0,0,5,0
261165,1,1,1997,0,0,0,0,0,0,0,0,0,0
261165,2,1,1997,0,0,0,0,0,0,0,0,0,0
261166,1,1,1997,0,0,0,0,0,0,0,0,0,0
261166,2,1,1997,0,0,0,0,0,0,0,0,0,0
261167,1,1,1997,0,0,0,0,0,0,0,0,0,0
261168,1,1,1997,13,24,21,26,10,11,20,21,22,34
261168,2,1,1997,0,0,0,0,0,0,0,0,0,0
261169,0,1,1997,0,0,0,0,0,0,0,0,0,0
261169,1,1,1997,0,0,0,0,0,0,0,0,0,0
261170,0,1,1997,0,0,0,0,0,0,0,0,0,0
261170,1,1,1997,0,0,0,0,0,0,0,0,0,0
261170,2,1,1997,0,0,0,0,0,0,0,0,0,0
261171,0,1,1997,0,0,0,0,0,0,0,0,0,0
261171,1,1,1997,0,0,0,0,0,0,0,0,0,0
261172,0,1,1997,26,26,26,26,26,26,26,26,26,26
261172,1,1,1997,0,0,0,0,0,0,0,0,0,0
261173,1,1,1997,13,13,13,13,13,13,13,13,13,13
261173,2,1,1997,0,0,0,0,0,0,0,0,0,0
261174,1,1,1997,0,0,0,0,0,0,0,0,0,0
261174,2,1,1997,0,0,5,0,0,0,0,0,0,0
261175,1,1,1997,0,0,0,0,0,0,0,0,0,0
261176,1,1,1997,0,0,0,0,0,0,0,0,0,0
261176,2,1,1997,20,20,20,20,20,20,20,20,20,20
261177,1,1,1997,16,16,16,16,16,16,16,16,16,16
261178,1,1,1997,0,0,0,0,0,0,0,0,0,0
261178,2,1,1997,0,0,0,0,0,0,0,0,0,0
261179,0,1,1997,0,0,0,0,0,0,0,0,0,0
261179,1,1,1997,0,0,0,0,0,0,0,0,0,0
261180,1,1,1997,0,0,0,0,0,0,0,0,0,0
261181,0,1,1997,0,0,0,0,0,0,0,0,0,0
261181,1,1,1997,0,0,0,0,0,0,0,0,0,0
261182,1,1,1997,0,0,0,0,0,0,0,0,0,0
261182,2,1,1997,0,0,0,0,0,0,0,0,0,0
261183,1,1,1997,0,0,0,0,0,0,0,0,0,0
261183,2,1,1997,0,0,0,0,0,0,0,0,0,0
261184,1,1,1997,0,0,0,0,0,0,0,0,0,0
261184,2,1,1997,0,0,0,0,0,0,0,0,0,0
261185,0,1,1997,0,0,0,0,0,0,0,0,0,0
261185,1,1,1997,0,0,0,0,0,0,0,0,0,0
261186,1,1,1997,0,0,0,0,0,0,0,0,0,0
261186,2,1,1997,0,0,0,0,0,0,0,0,0,0
261187,0,1,1997,0,0,0,11,0,0,0,0,0,0
261187,1,1,1997,0,0,0,0,0,0,0,0,0,0
261188,1,1,1997,0,0,0,0,0,0,0,0,0,0
261188,2,1,1997,0,0,0,0,0,0,0,0,0,0
261189,1,1,1997,30,30,30,30,30,30,30,30,30,30
261190,0,1,1997,0,0,0,0,0,0,0,0,0,0
261190,1,1,1997,0,0,0,0,0,0,0,0,0,0
261191,1,1,1997,0,0,0,0,0,0,0,0,0,0
261191,2,1,1997,0,0,0,0,0,0,0,0,0,0
261192,1,1,1997,0,0,0,0,0,0,0,0,0,0
261192,2,1,1997,0,0,0,0,0,0,0,0,0,0
261192,3,1,1997,0,0,0,0,0,0,0,0,0,0
261193,1,1,1997,26,26,26,26,26,26,26,26,26,26
261194,1,1,1997,0,0,0,0,0,0,0,0,0,0
261195,0,1,1997,0,0,0,0,31,27,0,0,17,33
261195,0,2,1997,23,0,0,0,16,0,0,0,0,0
261195,1,1,1997,0,0,0,0,0,0,0,0,0,0
261196,1,1,1997,27,27,27,27,27,27,27,27,27,27
261196,2,1,1997,0,0,0,0,0,0,0,0,0,0
261197,1,1,1997,0,0,0,0,0,0,0,0,0,0
261197,2,1,1997,0,0,0,0,0,0,0,0,0,0
261198,0,1,1997,26,26,26,26,26,26,26,26,26,26
261198,1,1,1997,0,0,0,0,0,0,0,0,0,0
261199,1,1,1997,0,0,0,0,0,0,0,0,0,0
261199,2,1,1997,0,0,0,0,0,0,0,0,0,0
261200,1,1,1997,0,0,0,0,0,0,0,0,0,0
261200,2,1,1997,19,13,15,27,6,14,11,20,26,9
261201,1,1,1997,0,0,0,0,0,0,0,0,0,0
261201,2,1,1997,0,0,0,0,0,0,0,0,0,0
261201,3,1,1997,0,0,0,0,0,0,0,0,0,0
261202,1,1,1997,0,0,0,0,0,0,0,0,0,0
261203,1,1,1997,0,0,0,0,0,0,0,0,0,0
261203,2,1,1997,0,0,0,0,0,0,0,0,0,0
261203,3,1,1997,0,0,0,0,0,0,0,0,0,0
261204,1,1,1997,0,0,0,0,0,0,0,0,0,0
261205,0,1,1997,12,0,0,0,0,0,21,0,0,0
261205,1,1,1997,0,0,0,0,0,0,0,0,0,0
261206,0,1,1997,13,13,13,13,13,13,13,13,13,13
261206,1,1,1997,19,19,19,19,19,19,19,19,19,19
261207,1,1,1997,2,2,2,2,2,2,2,2,2,2
261207,2,1,1997,0,0,0,0,0,0,0,0,0,0
261208,1,1,1997,0,0,0,0,0,0,0,0,0,0
261209,1,1,1997,0,0,0,0,0,0,0,0,0,0
261209,2,1,1997,12,12,12,12,12,12,12,12,12,12
261210,1,1,1997,11,11,11,11,11,11,11,11,11,11
261211,0,1,1997,0,0,0,0,0,0,0,0,0,0
261211,1,1,1997,0,0,19,0,0,0,0,0,0,0
261212,1,1,1997,0,0,0,0,0,0,0,0,0,0
261213,1,1,1997,1,1,1,1,1,1,1,1,1,1
261213,2,1,1997,0,0,0,0,0,0,0,0,0,0
261214,1,1,1997,0,0,0,0,0,0,0,0,0,0
261214,2,1,1997,0,0,0,0,0,0,0,0,0,0
261215,1,1,1997,0,0,0,0,0,0,0,0,0,0
261215,2,1,1997,0,0,0,0,0,0,0,0,0,0
261216,1,1,1997,0,0,0,0,0,0,0,0,0,0
261216,2,1,1997,0,0,0,0,0,0,0,0,0,0
261217,0,1,1997,16,16,16,16,16,16,16,16,16,16
261217,1,1,1997,0,0,0,0,0,17,0,0,0,0
261218,1,1,1997,22,22,22,22,22,22,22,22,22,22
261219,1,1,1997,0,0,0,0,0,0,0,0,0,0
261219,2,1,1997,0,0,0,0,0,0,0,0,0,0
261220,1,1,1997,29,29,29,29,29,29,29,29,29,29
261221,1,1,1997,0,0,0,0,0,0,0,0,0,0
261222,1,1,1997,0,0,0,0,0,0,0,0,0,0
261222,2,1,1997,0,0,0,0,0,0,0,0,0,0
261223,1,1,1997,0,0,0,0,0,0,0,0,0,0
261224,1,1,1997,0,0,0,0,0,0,0,0,0,0
261224,2,1,1997,0,0,0,0,0,0,0,0,0,0
261225,1,1,1997,0,0,0,0,0,0,0,0,0,0
261225,2,1,1997,0,0,0,0,0,0,0,0,0,0
261226,1,1,1997,21,35,28,16,15,24,0,8,0,13
261226,2,1,1997,0,0,0,0,0,0,0,0,0,0
261227,1,1,1997,3,3,3,3,3,3,3,3,3,3
261228,0,1,1997,28,16,15,19,24,16,28,13,19,33
261228,1,1,1997,0,0,0,0,0,0,0,0,0,0
261229,1,1,1997,0,0,0,0,0,0,0,0,0,0
261229,2,1,1997,6,0,0,0,0,15,0,0,0,0
261230,1,1,1997,0,0,0,0,0,0,0,0,0,0
261231,1,1,1997,0,0,0,0,9,23,0,0,0,0
261231,2,1,1997,0,0,0,0,0,0,0,0,0,0
261232,1,1,1997,0,0,0,0,0,0,12,8,0,5
261232,2,1,1997,0,0,0,0,0,0,0,0,0,0
261233,0,1,1997,0,0,0,0,16,0,0,31,9,0
261233,1,1,1997,0,0,0,0,0,0,0,0,0,0
261234,1,1,1997,0,0,0,0,0,0,0,0,0,0