ST_CASE,VEH_NO,PER_NO,YEAR,P1,P2,P3,P4,P5,P6,P7,P8,P9,P10
261234,2,1,1997,0,0,0,0,0,0,0,0,0,0
261234,3,1,1997,0,0,0,0,0,0,0,0,0,0
261234,4,1,1997,0,0,0,0,0,0,0,0,0,0
261235,1,1,1997,0,0,0,0,0,0,0,0,0,0
261235,2,1,1997,0,0,0,0,0,0,0,0,0,0
261236,1,1,1997,0,0,19,0,27,3,8,0,0,0
261236,2,1,1997,9,0,0,0,0,0,0,0,0,0
261237,0,1,1997,0,0,0,0,0,0,0,0,0,0
261237,1,1,1997,16,13,17,6,20,11,10,15,16,18
261238,1,1,1997,18,18,18,18,18,18,18,18,18,18
261238,2,1,1997,0,0,0,0,0,0,0,0,0,0
261239,1,1,1997,13,35,31,23,20,28,21,31,19,9
261240,1,1,1997,26,26,26,26,26,26,26,26,26,26
261240,2,1,1997,0,0,0,39,0,0,0,0,11,10
261241,0,1,1997,16,10,24,17,7,20,17,0,12,4
261241,1,1,1997,0,0,0,0,32,17,0,0,0,0
261242,1,1,1997,0,0,0,0,0,0,0,0,0,0
261242,2,1,1997,0,0,0,0,0,0,0,0,0,0
261243,1,1,1997,0,0,0,0,0,0,0,0,0,0
261244,1,1,1997,0,0,0,0,0,0,0,0,0,0
261244,2,1,1997,0,0,0,0,0,0,0,0,0,0
261245,1,1,1997,0,0,0,0,0,15,0,0,0,0
261245,2,1,1997,0,0,0,0,0,0,0,0,0,0
261245,3,1,1997,0,0,0,0,0,0,0,0,0,0
261245,4,1,1997,0,0,0,0,0,0,0,0,0,0
261246,1,1,1997,0,0,0,0,0,10,0,0,0,0
261246,2,1,1997,0,0,0,0,0,0,36,0,0,0
261247,0,1,1997,24,24,24,24,24,24,24,24,24,24
261247,1,1,1997,0,0,0,0,0,0,0,0,0,24
261248,1,1,1997,0,0,0,0,0,0,0,0,0,0
261248,2,1,1997,0,0,0,0,0,0,0,0,0,0
261248,3,1,1997,0,13,0,0,0,0,0,0,0,0
261249,1,1,1997,0,0,0,0,0,0,0,0,0,0
261249,2,1,1997,0,0,0,0,0,0,0,13,0,0
261250,1,1,1997,0,0,0,0,0,0,0,0,0,0
261250,2,1,1997,0,0,0,0,0,0,0,0,0,0
261250,3,1,1997,0,0,0,0,0,0,0,0,0,0
261251,0,1,1997,29,29,29,29,29,29,29,29,29,29
261251,1,1,1997,16,21,0,0,0,0,14,20,0,0
261252,1,1,1997,0,0,0,0,0,0,0,0,0,0
261252,2,1,1997,0,0,0,0,0,0,0,0,0,0
261253,1,1,1997,26,0,11,0,3,0,7,11,0,10
261253,2,1,1997,0,0,0,0,0,0,0,0,0,0
261254,1,1,1997,0,0,0,0,0,0,0,0,0,0
261254,2,1,1997,0,0,0,0,0,0,0,0,0,35
261254,3,1,1997,0,0,0,0,0,0,0,0,0,0
261254,4,1,1997,0,0,0,0,0,0,0,0,0,0
261255,1,1,1997,4,4,4,4,4,4,4,4,4,4
261256,1,1,1997,0,0,0,0,0,0,0,0,0,0
261257,1,1,1997,15,15,15,15,15,15,15,15,15,15
261258,0,1,1997,0,0,0,0,0,0,0,0,0,0
261258,1,1,1997,0,0,0,0,0,0,0,0,0,0
261259,1,1,1997,0,0,0,0,0,0,0,0,0,0
261259,2,1,1997,0,0,0,0,0,0,0,0,0,0
261260,0,1,1997,0,0,0,0,0,0,0,0,0,0
261260,1,1,1997,0,0,0,0,0,0,0,0,0,0
261261,1,1,1997,0,0,0,0,0,0,0,0,0,0
261261,2,1,1997,0,0,0,0,0,0,0,0,0,0
261263,1,1,1997,0,0,0,0,0,0,0,0,0,0
261263,2,1,1997,0,0,0,0,0,0,0,0,0,0
261264,0,1,1997,0,0,0,0,0,0,0,0,0,0
261264,1,1,1997,0,0,0,0,0,0,0,0,0,0
261264,2,1,1997,0,12,0,0,0,0,4,0,0,0
261265,0,1,1997,0,0,0,0,0,0,0,0,0,0
261265,1,1,1997,0,0,0,0,0,0,0,0,0,0
261266,1,1,1997,0,0,0,0,0,0,0,0,0,0
261266,2,1,1997,0,0,0,0,0,0,0,0,0,0
261267,1,1,1997,0,0,0,0,0,0,0,0,0,0
261267,2,1,1997,0,0,0,0,0,0,0,0,0,0
261268,0,1,1997,0,0,0,0,0,0,0,0,0,0
261268,1,1,1997,0,0,0,0,0,0,0,0,0,0
261269,0,1,1997,18,0,0,0,0,0,0,0,0,0
261269,1,1,1997,0,0,10,23,0,24,5,0,13,0
261270,1,1,1997,0,0,0,0,0,0,0,0,0,0
261270,2,1,1997,0,0,0,0,0,0,0,0,0,0
261271,0,1,1997,0,0,0,0,36,0,11,13,0,0
261272,1,1,1997,0,0,0,0,0,0,0,0,0,0
261272,2,1,1997,0,0,0,0,0,0,0,0,0,0
261273,2,1,1997,0,0,0,0,0,0,0,0,0,0
261274,1,1,1997,2,2,2,2,2,2,2,2,2,2
261274,2,1,1997,0,0,0,0,0,0,0,0,0,0
261275,1,1,1997,0,17,0,0,0,0,0,11,0,0
261275,2,1,1997,0,0,0,0,0,0,0,0,0,0
261276,1,1,1997,13,13,13,13,13,13,13,13,13,13
261276,2,1,1997,0,0,0,0,0,0,0,0,0,0
261277,0,1,1997,20,20,20,20,20,20,20,20,20,20
261277,1,1,1997,0,0,0,12,0,0,0,0,0,0
261278,1,1,1997,0,0,0,0,0,0,0,0,0,0
261278,2,1,1997,0,0,0,0,0,0,0,0,0,0
261279,1,1,1997,22,22,22,22,22,22,22,22,22,22
261279,2,1,1997,0,0,0,0,4,0,0,0,0,0
261280,1,1,1997,0,0,0,0,0,0,0,0,0,0
261281,1,1,1997,0,0,0,0,0,0,0,0,0,0
261282,1,1,1997,16,0,0,0,0,0,0,0,0,0
261282,2,1,1997,6,6,6,6,6,6,6,6,6,6
261283,1,1,1997,0,0,8,0,0,0,6,0,12,0
261283,2,1,1997,0,0,0,0,0,0,0,0,0,0
261283,3,1,1997,0,0,0,0,0,0,0,0,0,0
261284,1,1,1997,0,0,0,0,0,0,11,0,0,0
261284,2,1,1997,0,0,0,0,0,0,0,0,0,0
261285,1,1,1997,0,0,0,0,0,0,0,0,0,0
261286,1,1,1997,8,8,8,8,8,8,8,8,8,8
261287,1,1,1997,5,5,5,5,5,5,5,5,5,5
261287,2,1,1997,0,0,0,0,0,0,0,0,0,0
261288,1,1,1997,19,19,19,19,19,19,19,19,19,19
261289,1,1,1997,22,19,19,13,8,28,14,20,18,6
261290,1,1,1997,0,0,0,0,0,0,0,0,0,0
261291,1,1,1997,0,0,0,0,0,0,0,0,0,0
261291,2,1,1997,0,0,0,0,0,0,0,0,0,0
261292,1,1,1997,0,0,0,0,0,0,0,0,0,0
261292,2,1,1997,0,0,0,0,0,0,0,0,0,0
261292,3,1,1997,0,0,0,0,0,0,0,0,0,0
261293,1,1,1997,0,0,0,0,0,0,0,0,0,0
261293,2,1,1997,0,0,0,0,0,0,0,0,0,0
261294,0,1,1997,0,0,0,0,0,0,0,0,0,0
261294,1,1,1997,23,6,0,13,15,18,18,7,19,22
261295,1,1,1997,0,0,0,0,0,0,0,0,0,0
261295,2,1,1997,0,0,0,0,0,0,0,0,0,0
261295,3,1,1997,0,0,0,0,0,0,0,0,0,0
261296,1,1,1997,8,12,2,14,37,14,12,15,31,27
270001,0,1,1997,0,0,0,0,0,0,0,0,0,0
270001,1,1,1997,0,0,0,0,0,0,0,0,0,0
270001,2,1,1997,0,0,0,0,0,0,0,0,0,0
270002,1,1,1997,2,2,2,2,2,2,2,2,2,2
270002,2,1,1997,0,0,0,0,0,0,0,0,0,0
270003,1,1,1997,0,0,0,0,0,0,0,0,0,0
270003,2,1,1997,0,0,0,0,0,0,0,0,0,0
270004,0,1,1997,0,0,0,0,0,0,0,0,0,0
270004,1,1,1997,0,0,0,0,0,0,0,0,0,0
270005,1,1,1997,0,0,0,0,0,0,0,0,0,0
270005,2,1,1997,0,0,0,0,0,0,0,0,0,0
270005,3,1,1997,0,0,0,0,0,0,0,6,0,0
270006,1,1,1997,21,21,21,21,21,21,21,21,21,21
270007,1,1,1997,0,0,0,0,0,0,0,0,0,0
270007,2,1,1997,0,0,0,0,0,0,0,0,0,0
270008,1,1,1997,26,26,26,26,26,26,26,26,26,26
270008,2,1,1997,0,0,0,0,0,0,0,0,0,0
270009,1,1,1997,0,0,0,0,0,0,0,0,0,0
270009,2,1,1997,0,0,0,0,0,0,0,0,0,0
270009,3,1,1997,0,0,0,0,0,12,0,0,25,0
270010,1,1,1997,25,25,25,25,25,25,25,25,25,25
270011,1,1,1997,0,0,0,0,0,0,0,0,0,0
270011,2,1,1997,0,0,0,0,0,0,0,0,0,0
270012,2,1,1997,0,0,0,0,0,0,0,0,0,0
270012,3,1,1997,0,0,0,0,0,0,0,0,0,0
270013,1,1,1997,0,0,0,0,0,0,0,0,0,0
270013,2,1,1997,0,0,0,0,0,0,0,0,0,0
270014,1,1,1997,0,0,0,0,0,0,0,0,0,0
270014,2,1,1997,0,0,0,0,0,0,0,0,0,0
270015,0,1,1997,0,0,0,0,0,0,0,0,0,0
270015,1,1,1997,0,0,0,0,0,0,0,0,0,0
270016,1,1,1997,15,15,15,15,15,15,15,15,15,15
270017,1,1,1997,0,0,0,0,0,0,0,0,0,0
270017,2,1,1997,0,0,0,0,0,0,0,0,0,0
270018,1,1,1997,0,0,0,0,0,0,0,0,0,0
270018,2,1,1997,0,0,0,0,0,0,0,0,0,0
270019,0,1,1997,0,0,0,0,0,0,0,0,0,0
270019,1,1,1997,0,0,0,0,0,0,0,0,0,0
270020,1,1,1997,0,0,0,0,0,0,0,0,0,0
270020,2,1,1997,0,0,0,0,0,0,0,0,0,0
270021,1,1,1997,0,0,0,0,0,0,0,0,0,0
270021,2,1,1997,0,0,0,0,0,0,0,8,0,0
270022,1,1,1997,0,0,0,0,0,0,0,0,0,0
270022,2,1,1997,0,0,0,0,0,0,0,0,0,0
270022,3,1,1997,0,0,0,0,0,0,0,0,0,0
270023,1,1,1997,0,0,0,0,0,0,0,0,0,0
270023,2,1,1997,0,0,0,0,0,0,0,0,0,0
270023,3,1,1997,0,0,0,0,0,0,0,0,0,0
270024,1,1,1997,0,0,0,0,0,0,0,0,0,0
270024,2,1,1997,0,9,0,0,0,7,0,0,0,0
270025,1,1,1997,0,0,0,0,0,0,0,0,0,0
270025,2,1,1997,0,0,0,0,0,0,0,0,0,0
270025,3,1,1997,0,0,0,0,0,0,0,0,0,0
270026,1,1,1997,0,0,0,0,0,0,0,0,0,0
270027,1,1,1997,0,0,0,0,0,0,0,0,0,0
270028,1,1,1997,14,14,14,14,14,14,14,14,14,14
270029,1,1,1997,0,0,0,0,0,0,0,0,0,0
270030,1,1,1997,0,0,0,0,0,0,0,0,0,0
270030,2,1,1997,14,14,14,14,14,14,14,14,14,14
270031,1,1,1997,1,1,1,1,1,1,1,1,1,1
270032,1,1,1997,0,25,0,0,0,0,0,10,0,3
270033,1,1,1997,0,0,0,0,0,0,0,0,0,0
270033,2,1,1997,0,0,0,0,0,0,0,0,0,0
270034,1,1,1997,0,0,0,0,0,0,0,0,0,0
270034,2,1,1997,0,0,0,0,0,0,0,0,0,0
270035,1,1,1997,0,0,0,0,0,0,0,0,0,0
270035,2,1,1997,0,0,0,0,0,0,0,0,0,0
270036,1,1,1997,23,23,23,23,23,23,23,23,23,23
270037,1,1,1997,0,0,0,0,0,0,0,0,0,0
270037,2,1,1997,0,0,0,0,0,0,0,0,0,0
270038,1,1,1997,19,19,19,19,19,19,19,19,19,19
270039,1,1,1997,0,0,0,0,0,0,0,0,0,0
270039,2,1,1997,0,0,0,0,0,0,0,0,0,0
270040,1,1,1997,0,0,0,0,0,0,0,0,0,0
270040,2,1,1997,0,0,0,0,0,0,0,0,0,0
270041,1,1,1997,0,0,0,0,0,0,0,0,0,0
270041,2,1,1997,0,0,0,0,0,0,0,0,0,0
270042,1,1,1997,22,22,22,22,22,22,22,22,22,22
270043,1,1,1997,0,0,0,0,0,0,0,0,0,0
270043,2,1,1997,0,0,0,0,0,0,0,0,0,0
270044,1,1,1997,0,0,0,0,0,0,0,0,0,0
270044,2,1,1997,0,0,0,0,0,0,0,0,0,0
270045,1,1,1997,0,0,0,0,0,0,0,0,0,0
270045,2,1,1997,0,0,0,0,0,0,0,0,0,0
270046,0,1,1997,19,19,19,19,19,19,19,19,19,19
270046,1,1,1997,0,0,0,0,0,0,0,0,24,0
270047,1,1,1997,0,0,0,10,0,0,0,0,0,0
270047,2,1,1997,0,0,0,0,0,0,0,0,0,0
270048,1,1,1997,0,0,0,0,0,0,0,0,0,0
270048,2,1,1997,0,0,0,0,0,0,0,0,0,0
270049,1,1,1997,0,0,0,0,0,0,0,0,0,0
270049,2,1,1997,0,0,0,0,0,0,0,0,0,0
270050,1,1,1997,0,0,0,0,0,0,0,0,0,0
270050,2,1,1997,0,0,0,0,0,0,0,0,0,0
270051,1,1,1997,20,20,20,20,20,20,20,20,20,20
270052,1,1,1997,0,0,0,0,0,0,0,0,0,0
270052,2,1,1997,0,0,0,0,0,0,0,0,0,0
270053,1,1,1997,0,0,0,0,0,0,0,0,0,0
270054,1,1,1997,12,12,12,12,12,12,12,12,12,12
270054,2,1,1997,0,0,0,0,0,0,0,0,0,0
270055,1,1,1997,16,16,16,16,16,16,16,16,16,16
270056,1,1,1997,0,0,0,0,0,0,0,0,0,0
270056,2,1,1997,0,0,0,0,0,0,0,0,0,0
270057,1,1,1997,0,0,0,0,0,0,0,0,0,0
270058,1,1,1997,17,17,17,17,17,17,17,17,17,17
270059,1,1,1997,0,0,0,0,0,0,0,0,0,0
270059,2,1,1997,11,11,11,11,11,11,11,11,11,11
270060,1,1,1997,0,0,0,0,0,0,0,0,0,0
270060,2,1,1997,0,0,0,0,0,0,0,0,0,0
270061,1,1,1997,0,0,0,0,0,0,0,0,0,0
270061,2,1,1997,0,0,0,0,0,0,0,0,8,0
270062,1,1,1997,0,0,0,0,0,0,0,0,0,0
270062,2,1,1997,0,0,0,0,0,0,0,0,0,0
270063,1,1,1997,0,0,0,0,0,0,0,0,0,0
270063,2,1,1997,0,0,0,0,0,0,0,0,0,0
270064,1,1,1997,0,0,0,0,0,0,0,0,0,0
270064,2,1,1997,0,0,0,0,0,0,0,0,0,0
270064,3,1,1997,0,0,0,0,0,0,0,0,0,0
270065,1,1,1997,0,18,0,0,0,0,0,0,0,0
270065,2,1,1997,0,0,0,0,0,0,0,0,0,0
270066,0,1,1997,0,0,0,0,0,0,0,0,0,0
270066,1,1,1997,0,0,2,0,0,0,0,0,0,0
270067,1,1,1997,0,0,0,0,0,0,0,0,0,0
270068,1,1,1997,2,2,2,2,2,2,2,2,2,2
270068,2,1,1997,0,0,0,0,0,0,0,0,0,0
270068,3,1,1997,0,0,0,0,0,0,0,0,0,0
270068,4,1,1997,0,0,0,0,0,0,0,0,0,0
270069,0,1,1997,0,0,0,0,0,0,0,0,0,0
270069,1,1,1997,0,0,0,0,0,0,0,0,0,0
270070,1,1,1997,30,30,30,30,30,30,30,30,30,30
270071,1,1,1997,20,20,20,20,20,20,20,20,20,20
270072,1,1,1997,0,0,0,0,0,0,0,0,0,0
270072,2,1,1997,0,0,0,0,0,0,0,0,0,0
270072,3,1,1997,0,0,0,0,0,0,0,0,0,0
270073,1,1,1997,18,18,18,18,18,18,18,18,18,18
270074,1,1,1997,0,0,0,0,0,0,0,0,0,0
270075,1,1,1997,0,0,0,0,0,0,0,0,0,0
270075,2,1,1997,0,0,0,0,0,0,0,0,0,0
270075,3,1,1997,0,0,0,0,0,0,0,0,0,0
270075,4,1,1997,0,0,0,0,0,0,0,0,0,0
270076,1,1,1997,0,0,0,0,0,0,0,0,0,0
270076,2,1,1997,0,0,0,0,0,0,0,0,0,0
270077,1,1,1997,0,0,0,0,0,0,0,0,0,0
270077,2,1,1997,0,0,0,0,0,0,0,0,0,0
270078,1,1,1997,0,0,0,0,0,0,0,0,0,0
270079,1,1,1997,0,0,0,0,0,0,0,0,0,0
270079,2,1,1997,0,0,0,0,0,0,0,0,0,0
270080,1,1,1997,0,0,0,0,0,0,0,0,0,0
270080,2,1,1997,0,0,0,0,0,0,0,0,0,0
270081,1,1,1997,12,12,12,12,12,12,12,12,12,12
270082,1,1,1997,0,0,0,0,0,0,0,0,0,0
270082,2,1,1997,0,0,0,0,0,0,0,0,0,0
270083,1,1,1997,0,0,0,0,0,0,0,0,0,0
270083,2,1,1997,0,0,0,0,0,0,0,0,0,0
270084,1,1,1997,9,9,9,9,9,9,9,9,9,9
270085,1,1,1997,0,0,0,0,0,0,0,0,0,0
270085,2,1,1997,0,0,0,0,0,0,0,0,0,0
270086,1,1,1997,0,0,0,0,0,0,0,0,0,21
270087,1,1,1997,0,0,0,0,0,0,0,0,0,0
270088,1,1,1997,0,0,0,0,0,0,0,4,0,0
270088,2,1,1997,0,0,0,0,0,0,0,0,0,0
270088,3,1,1997,0,0,0,0,0,0,0,0,0,0
270088,4,1,1997,0,0,24,0,19,0,0,0,0,0
270088,5,1,1997,0,0,0,0,0,0,0,23,0,0
270088,6,1,1997,0,0,0,0,0,0,0,0,0,0
270088,7,1,1997,0,0,0,0,0,0,0,0,0,0
270088,8,1,1997,0,0,0,0,0,0,0,0,0,0
270089,0,1,1997,0,0,0,0,0,0,0,0,0,0
270089,0,2,1997,0,0,0,0,0,0,0,0,0,0
270089,1,1,1997,0,0,0,0,0,0,0,0,0,0
270090,1,1,1997,0,0,0,0,0,0,0,0,0,0
270091,1,1,1997,0,0,0,0,0,0,6,0,0,0
270091,2,1,1997,0,0,0,0,0,0,0,0,0,0
270092,1,1,1997,0,0,0,0,0,0,0,0,0,0
270092,2,1,1997,0,0,0,0,0,0,0,0,0,0
270093,1,1,1997,0,0,0,0,0,0,0,0,0,0
270093,2,1,1997,0,0,0,0,0,0,0,0,0,0
270094,0,1,1997,0,0,0,0,0,0,0,0,0,0
270094,1,1,1997,0,0,0,0,0,0,0,0,0,0
270095,1,1,1997,0,0,0,0,0,0,0,0,0,0
270095,2,1,1997,0,0,0,0,0,0,0,0,0,0
270096,1,1,1997,0,0,0,0,0,0,0,0,0,17
270096,2,1,1997,0,0,0,0,0,0,0,0,0,0
270097,1,1,1997,10,10,10,10,10,10,10,10,10,10
270098,1,1,1997,0,0,0,0,0,0,0,0,0,0
270099,1,1,1997,0,0,0,0,0,0,0,0,0,0
270099,2,1,1997,0,0,0,0,0,0,0,0,0,0
270100,1,1,1997,0,0,0,0,0,0,0,0,0,0
270100,2,1,1997,0,0,0,0,0,0,0,0,0,0
270101,1,1,1997,0,0,0,0,0,0,0,0,0,0
270101,2,1,1997,0,0,0,0,0,0,0,0,0,0
270102,1,1,1997,4,4,4,4,4,4,4,4,4,4
270103,1,1,1997,19,19,19,19,19,19,19,19,19,19
270104,1,1,1997,0,0,0,0,0,0,0,0,0,0
270104,2,1,1997,0,0,0,0,0,0,0,0,0,0
270105,1,1,1997,10,10,10,10,10,10,10,10,10,10
270106,1,1,1997,0,0,0,0,0,0,0,0,0,0
270106,2,1,1997,0,0,0,0,0,0,0,0,0,0
270107,1,1,1997,0,0,0,0,0,0,0,0,0,0
270107,2,1,1997,0,0,0,0,0,0,0,0,0,0
270108,1,1,1997,0,0,0,0,0,0,0,0,0,0
270108,2,1,1997,0,0,0,0,0,0,0,0,0,0
270109,1,1,1997,17,17,17,17,17,17,17,17,17,17
270109,2,1,1997,0,0,0,0,0,0,0,0,0,0
270110,0,1,1997,0,0,0,0,0,0,0,0,0,0
270110,1,1,1997,0,0,0,0,0,0,0,0,28,0
270111,1,1,1997,0,0,0,0,0,0,0,0,0,0
270111,2,1,1997,0,0,0,0,0,0,0,0,0,0
270112,1,1,1997,0,0,18,0,0,0,0,0,0,0
270113,1,1,1997,20,20,20,20,20,20,20,20,20,20
270114,1,1,1997,20,8,0,0,0,3,10,15,0,0
270115,1,1,1997,18,18,18,18,18,18,18,18,18,18
270116,1,1,1997,0,0,0,0,0,0,0,0,0,0
270116,2,1,1997,0,0,0,0,0,0,0,0,0,0
270117,1,1,1997,14,14,14,14,14,14,14,14,14,14
270118,1,1,1997,0,0,0,0,30,0,0,0,0,10
270118,2,1,1997,0,0,0,0,0,0,0,0,0,0
270119,1,1,1997,0,0,0,0,0,0,0,0,0,0
270119,2,1,1997,17,17,17,17,17,17,17,17,17,17
270120,1,1,1997,0,0,0,0,0,0,0,0,0,0
270121,1,1,1997,0,0,0,0,0,0,0,0,0,0
270121,2,1,1997,0,0,0,0,0,0,0,0,0,0
270122,1,1,1997,28,28,28,28,28,28,28,28,28,28
270123,1,1,1997,28,28,28,28,28,28,28,28,28,28
270124,1,1,1997,0,0,0,0,0,0,0,0,0,0
270124,2,1,1997,0,0,0,0,0,0,0,0,0,0
270125,1,1,1997,26,26,26,26,26,26,26,26,26,26
270125,2,1,1997,0,0,0,0,0,0,19,7,0,0
270126,1,1,1997,22,22,22,22,22,22,22,22,22,22
270126,2,1,1997,6,0,0,0,0,0,0,0,0,0
270127,1,1,1997,23,23,23,23,23,23,23,23,23,23
270128,1,1,1997,0,0,0,0,0,0,0,0,0,0
270128,2,1,1997,0,0,0,0,0,0,0,0,0,0
270129,1,1,1997,27,27,27,27,27,27,27,27,27,27
270130,1,1,1997,0,0,0,0,0,0,0,0,0,0
270131,1,1,1997,15,15,15,15,15,15,15,15,15,15
270132,1,1,1997,0,23,0,0,8,0,0,0,0,0
270133,1,1,1997,0,0,0,0,0,0,0,0,0,0
270133,2,1,1997,0,0,0,0,0,0,0,0,0,0
270134,1,1,1997,0,0,0,0,0,0,0,0,0,0
270135,1,1,1997,18,18,18,18,18,18,18,18,18,18
270136,1,1,1997,0,0,0,0,0,0,0,0,0,0
270136,2,1,1997,0,0,0,0,0,0,0,0,0,0
270137,1,1,1997,16,16,16,16,16,16,16,16,16,16
270138,1,1,1997,0,0,0,0,0,0,0,0,0,0
270138,2,1,1997,0,0,0,0,0,0,0,0,0,0
270139,1,1,1997,22,22,22,22,22,22,22,22,22,22
270139,2,1,1997,0,0,0,0,0,0,0,0,0,0
270140,1,1,1997,0,0,0,0,0,0,0,0,0,0
270140,2,1,1997,0,0,0,0,0,0,0,0,0,0
270141,0,1,1997,2,2,2,2,2,2,2,2,2,2
270141,1,1,1997,1,1,1,1,1,1,1,1,1,1
270142,1,1,1997,34,34,34,34,34,34,34,34,34,34
270143,1,1,1997,29,29,29,29,29,29,29,29,29,29
270144,1,1,1997,0,0,0,0,0,0,0,0,0,0
270144,2,1,1997,0,0,0,0,0,0,0,0,0,0
270145,1,1,1997,0,0,0,0,0,0,0,0,0,0
270145,2,1,1997,2,2,2,2,2,2,2,2,2,2
270146,0,1,1997,0,0,0,0,0,0,0,0,0,0
270146,1,1,1997,0,0,0,0,8,0,0,0,0,0
270147,1,1,1997,0,0,0,0,0,0,0,0,0,0
270148,1,1,1997,23,23,23,23,23,23,23,23,23,23
270149,1,1,1997,0,0,0,0,0,0,0,0,0,0
270150,1,1,1997,3,3,3,3,3,3,3,3,3,3
270150,2,1,1997,16,16,16,16,16,16,16,16,16,16
270151,1,1,1997,3,3,3,3,3,3,3,3,3,3
270152,1,1,1997,19,19,19,19,19,19,19,19,19,19
270152,2,1,1997,9,0,0,0,0,0,0,0,0,0
270153,1,1,1997,0,0,0,0,0,0,0,0,0,0
270153,2,1,1997,0,0,0,0,0,0,0,0,0,0
270154,1,1,1997,22,22,22,22,22,22,22,22,22,22
270155,0,1,1997,0,0,0,0,0,0,0,0,0,0
270155,1,1,1997,0,0,0,0,0,0,0,0,0,0
270156,1,1,1997,0,0,0,13,21,0,14,0,0,25
270157,1,1,1997,0,0,0,0,0,0,0,0,0,0
270157,2,1,1997,0,0,0,0,0,0,0,0,0,0
270157,3,1,1997,0,0,0,0,0,0,0,0,0,0
270158,1,1,1997,4,4,4,4,4,4,4,4,4,4
270158,2,1,1997,0,0,0,0,0,0,0,0,0,0
270159,1,1,1997,16,16,16,16,16,16,16,16,16,16
270160,1,1,1997,0,0,0,0,0,0,0,0,0,0
270161,1,1,1997,24,24,24,24,24,24,24,24,24,24
270162,1,1,1997,6,6,6,6,6,6,6,6,6,6
270162,2,1,1997,0,0,0,0,0,0,0,0,0,0
270163,1,1,1997,15,15,15,15,15,15,15,15,15,15
270164,1,1,1997,0,0,0,0,0,0,0,0,0,0
270164,2,1,1997,0,0,0,0,0,0,0,0,0,0
270165,1,1,1997,25,25,25,25,25,25,25,25,25,25
270166,1,1,1997,15,15,15,15,15,15,15,15,15,15
270167,1,1,1997,0,0,0,0,8,0,0,0,0,0
270168,1,1,1997,0,0,0,0,0,0,0,0,0,0
270168,2,1,1997,0,0,0,0,0,0,0,0,0,0
270168,3,1,1997,0,0,0,0,0,0,0,0,0,0
270169,1,1,1997,0,0,0,0,0,0,0,0,0,0
270169,2,1,1997,0,0,0,0,0,0,0,0,0,0
270170,1,1,1997,22,22,22,22,22,22,22,22,22,22
270171,1,1,1997,0,0,0,0,0,0,0,0,0,0
270171,2,1,1997,0,0,0,0,0,0,0,0,0,0
270172,1,1,1997,0,0,0,0,0,0,0,0,0,0
270172,2,1,1997,21,21,21,21,21,21,21,21,21,21
270173,1,1,1997,0,0,0,0,0,0,0,0,0,0
270174,1,1,1997,34,34,34,34,34,34,34,34,34,34
270175,1,1,1997,0,0,0,0,0,0,0,0,0,5
270175,2,1,1997,0,0,0,0,0,0,0,0,0,0
270176,1,1,1997,0,0,0,0,0,0,0,0,14,0
270176,2,1,1997,0,0,0,0,0,0,0,0,0,0
270177,1,1,1997,0,0,0,0,0,0,0,0,0,0
270177,2,1,1997,0,0,0,6,0,0,0,0,0,0
270178,0,1,1997,3,3,3,3,3,3,3,3,3,3
270178,1,1,1997,0,0,0,0,0,0,0,0,0,0
270179,1,1,1997,0,0,0,0,0,0,0,0,0,0
270180,1,1,1997,0,0,0,0,5,0,0,0,0,0
270180,2,1,1997,0,0,0,0,0,0,0,0,0,0
270181,1,1,1997,0,0,0,0,0,0,0,0,0,0
270181,2,1,1997,0,0,0,0,0,0,0,0,0,0
270182,1,1,1997,0,0,0,0,0,0,0,0,0,0
270182,2,1,1997,0,0,0,0,0,0,0,0,0,0
270183,1,1,1997,0,0,0,0,0,0,0,0,0,0
270183,2,1,1997,0,0,0,0,0,0,0,0,0,0
270183,3,1,1997,0,0,0,0,0,0,0,0,0,0
270184,0,1,1997,0,0,0,0,0,0,0,0,0,0
270184,1,1,1997,0,0,0,0,0,0,0,0,0,0
270185,1,1,1997,9,9,9,9,9,9,9,9,9,9
270186,1,1,1997,19,19,19,19,19,19,19,19,19,19
270187,1,1,1997,0,0,0,0,0,0,0,0,0,0
270188,1,1,1997,23,7,10,10,8,11,25,15,11,10
270189,1,1,1997,0,0,0,0,0,0,0,0,0,0
270189,2,1,1997,0,0,0,0,0,0,0,0,0,0
270190,0,1,1997,0,0,0,0,0,0,0,0,0,0
270190,1,1,1997,0,0,0,0,0,0,0,0,0,0
270191,1,1,1997,0,0,0,0,0,0,0,0,0,0
270192,1,1,1997,27,27,27,27,27,27,27,27,27,27
270193,1,1,1997,19,19,19,19,19,19,19,19,19,19
270194,1,1,1997,0,0,0,0,0,0,0,0,0,0
270194,2,1,1997,0,0,0,0,0,0,0,0,0,0
270195,1,1,1997,0,0,0,0,0,0,0,0,0,0
270195,2,1,1997,0,0,0,0,0,0,0,0,0,0
270196,1,1,1997,0,0,0,0,0,0,0,0,0,0
270196,2,1,1997,0,0,0,0,0,0,0,0,0,0
270197,1,1,1997,14,14,14,14,14,14,14,14,14,14
270197,2,1,1997,0,0,0,0,0,0,0,0,4,0