ST_CASE,VEH_NO,PER_NO,YEAR,P1,P2,P3,P4,P5,P6,P7,P8,P9,P10
270198,1,1,1997,11,24,13,28,11,19,13,11,11,13
270199,1,1,1997,24,24,24,24,24,24,24,24,24,24
270200,1,1,1997,0,0,0,0,0,0,0,0,0,0
270200,2,1,1997,0,0,0,0,0,0,0,0,0,0
270201,1,1,1997,19,19,19,19,19,19,19,19,19,19
270202,1,1,1997,0,0,0,0,0,0,0,0,0,0
270202,2,1,1997,0,0,0,0,0,0,0,0,0,0
270203,1,1,1997,28,28,28,28,28,28,28,28,28,28
270204,1,1,1997,12,12,12,12,12,12,12,12,12,12
270205,1,1,1997,0,0,0,0,0,0,0,0,0,0
270206,1,1,1997,19,19,19,19,19,19,19,19,19,19
270208,1,1,1997,0,0,0,0,0,0,0,0,0,0
270208,2,1,1997,0,0,0,0,0,0,0,0,0,0
270209,1,1,1997,0,0,0,0,0,0,0,0,0,0
270209,2,1,1997,0,0,0,0,0,0,0,0,0,0
270210,1,1,1997,15,26,0,24,0,0,0,0,0,0
270211,1,1,1997,0,0,0,0,0,0,0,0,0,0
270212,1,1,1997,0,0,0,0,0,0,0,0,0,0
270212,2,1,1997,0,0,0,0,0,0,0,0,0,0
270213,1,1,1997,19,19,19,19,19,19,19,19,19,19
270214,1,1,1997,23,23,23,23,23,23,23,23,23,23
270215,1,1,1997,0,0,0,0,0,0,0,0,0,0
270215,2,1,1997,0,0,0,0,0,0,0,0,0,0
270216,1,1,1997,0,0,0,0,0,0,0,0,0,0
270216,2,1,1997,13,12,11,0,10,12,9,15,19,0
270217,1,1,1997,13,13,13,13,13,13,13,13,13,13
270218,1,1,1997,0,0,0,0,0,0,0,0,0,0
270218,2,1,1997,0,0,0,0,0,0,0,0,0,0
270219,1,1,1997,0,0,0,0,0,0,0,0,0,0
270219,2,1,1997,0,0,0,0,0,0,0,0,0,0
270220,1,1,1997,21,21,21,21,21,21,21,21,21,21
270220,2,1,1997,0,0,0,0,0,0,0,0,0,0
270221,1,1,1997,0,0,0,0,0,0,0,0,0,0
270221,2,1,1997,11,11,11,11,11,11,11,11,11,11
270222,1,1,1997,9,9,9,9,9,9,9,9,9,9
270223,1,1,1997,0,0,0,0,0,0,0,0,0,0
270223,2,1,1997,0,0,0,0,0,0,0,0,0,0
270224,1,1,1997,10,10,10,10,10,10,10,10,10,10
270225,1,1,1997,0,0,0,0,0,0,0,0,0,0
270225,2,1,1997,0,0,0,0,0,0,0,0,0,0
270226,1,1,1997,16,16,16,16,16,16,16,16,16,16
270227,0,1,1997,0,0,0,0,0,0,0,0,0,0
270227,1,1,1997,0,0,0,0,0,0,0,0,0,0
270228,1,1,1997,0,0,0,0,0,0,0,0,0,0
270228,2,1,1997,0,0,0,0,0,0,0,0,0,0
270229,0,1,1997,0,0,0,0,0,0,0,0,0,0
270229,1,1,1997,0,0,0,0,0,0,0,0,0,0
270230,1,1,1997,0,0,0,0,0,0,0,0,0,0
270230,2,1,1997,0,0,0,0,0,0,0,0,0,0
270230,3,1,1997,0,0,0,0,0,0,0,0,0,0
270231,1,1,1997,0,0,0,0,0,0,0,0,0,0
270231,2,1,1997,0,0,0,0,0,0,0,0,0,0
270232,1,1,1997,36,36,36,36,36,36,36,36,36,36
270232,2,1,1997,0,0,0,0,0,0,0,0,0,0
270233,1,1,1997,0,0,0,0,0,0,0,0,0,0
270233,2,1,1997,0,0,0,0,0,0,0,0,0,0
270234,1,1,1997,0,0,0,0,0,0,0,0,0,0
270234,2,1,1997,0,0,0,0,0,0,0,0,0,0
270234,3,1,1997,0,9,0,0,0,0,0,0,0,0
270235,1,1,1997,13,13,13,13,13,13,13,13,13,13
270236,1,1,1997,0,0,0,0,0,0,0,0,0,0
270237,0,1,1997,0,0,0,0,0,0,0,0,0,0
270237,0,2,1997,20,0,0,0,0,0,0,0,18,0
270237,1,1,1997,0,0,0,0,0,0,0,0,0,0
270238,1,1,1997,0,0,0,0,0,0,0,0,0,0
270239,1,1,1997,0,0,0,0,0,0,0,0,0,0
270240,1,1,1997,0,0,0,0,0,0,0,0,0,0
270240,2,1,1997,0,0,0,0,0,0,0,0,0,0
270241,1,1,1997,0,0,0,0,0,0,0,0,0,0
270241,2,1,1997,0,0,0,0,0,0,0,0,0,0
270241,3,1,1997,0,0,0,0,0,0,0,0,0,0
270241,4,1,1997,0,0,0,0,0,0,0,0,0,0
270242,0,1,1997,0,0,0,0,0,0,0,0,0,0
270242,1,1,1997,0,0,0,0,0,0,0,0,0,0
270243,1,1,1997,24,24,24,24,24,24,24,24,24,24
270244,1,1,1997,0,0,0,0,0,0,0,0,0,0
270244,2,1,1997,0,0,0,0,0,0,0,0,0,0
270245,1,1,1997,0,10,18,0,21,0,15,0,24,0
270245,2,1,1997,0,0,0,0,0,0,0,0,0,0
270246,1,1,1997,0,0,0,0,0,0,0,0,0,0
270247,1,1,1997,0,0,0,0,0,0,0,0,0,0
270247,2,1,1997,11,0,12,0,0,0,0,0,0,13
270247,3,1,1997,0,0,0,0,0,0,0,0,0,14
270248,1,1,1997,0,0,0,0,0,0,0,0,0,0
270248,2,1,1997,0,0,0,0,0,0,0,0,0,0
270249,1,1,1997,0,0,0,0,0,0,0,0,0,0
270249,2,1,1997,0,0,0,0,0,0,0,0,0,0
270250,0,1,1997,0,0,0,0,0,0,0,0,0,0
270250,1,1,1997,0,0,0,0,0,0,0,0,0,0
270251,0,1,1997,0,0,0,0,0,0,0,0,0,0
270251,1,1,1997,0,0,0,0,0,0,0,0,0,0
270252,1,1,1997,0,0,0,0,0,0,0,0,0,0
270252,2,1,1997,0,0,0,0,0,0,0,0,0,0
270253,0,1,1997,0,0,0,0,0,0,0,0,0,0
270253,1,1,1997,0,0,0,0,0,0,0,0,0,0
270254,1,1,1997,16,27,16,20,12,30,0,24,10,32
270255,1,1,1997,0,0,0,0,0,0,0,0,0,25
270255,2,1,1997,0,0,0,0,0,0,0,0,0,0
270256,0,1,1997,0,0,0,0,0,0,0,0,0,0
270256,1,1,1997,0,0,0,0,0,0,0,0,0,0
270257,1,1,1997,0,0,0,0,0,0,0,0,0,0
270257,2,1,1997,0,0,0,0,0,0,0,0,0,0
270258,1,1,1997,0,0,0,0,0,0,0,0,0,0
270258,2,1,1997,0,0,0,0,0,0,0,0,0,0
270259,1,1,1997,0,0,0,0,0,0,0,0,0,0
270259,2,1,1997,0,0,0,0,0,0,0,0,0,0
270260,1,1,1997,0,0,0,0,0,0,0,0,0,0
270260,2,1,1997,0,0,0,0,0,0,0,0,0,0
270261,1,1,1997,31,31,31,31,31,31,31,31,31,31
270262,1,1,1997,0,0,0,0,0,0,0,0,0,0
270263,1,1,1997,11,11,11,11,11,11,11,11,11,11
270263,2,1,1997,0,0,0,0,0,0,0,0,0,0
270264,1,1,1997,11,11,11,11,11,11,11,11,11,11
270265,0,1,1997,36,36,36,36,36,36,36,36,36,36
270265,1,1,1997,0,0,0,0,0,0,0,0,0,0
270266,1,1,1997,19,19,19,19,19,19,19,19,19,19
270267,1,1,1997,0,0,0,0,0,0,0,0,0,0
270267,2,1,1997,0,0,0,0,0,0,0,0,0,0
270268,1,1,1997,0,27,0,14,0,15,16,0,0,0
270268,2,1,1997,13,13,13,13,13,13,13,13,13,13
270269,1,1,1997,0,0,0,0,0,0,0,0,0,0
270269,2,1,1997,13,0,0,0,0,0,0,0,0,0
270269,3,1,1997,0,0,0,0,0,0,0,0,0,0
270270,1,1,1997,0,0,0,0,0,0,0,0,0,0
270270,2,1,1997,0,0,0,0,0,0,0,0,0,0
270271,1,1,1997,0,0,0,0,0,0,0,0,0,0
270271,2,1,1997,0,0,0,0,0,0,0,0,0,0
270271,3,1,1997,0,0,0,0,0,0,0,0,0,0
270272,1,1,1997,0,0,0,0,0,0,0,0,0,0
270272,2,1,1997,0,0,0,0,0,0,0,0,0,0
270273,1,1,1997,0,0,0,0,0,0,0,0,0,0
270273,2,1,1997,0,0,0,0,0,0,0,0,0,0
270273,3,1,1997,0,0,0,0,0,0,0,0,0,0
270274,1,1,1997,0,0,0,0,0,0,0,0,0,0
270275,1,1,1997,0,0,0,0,0,0,0,0,0,0
270276,1,1,1997,0,0,0,0,0,0,0,0,0,0
270276,2,1,1997,0,0,0,0,0,0,0,0,0,0
270277,1,1,1997,2,2,2,2,2,2,2,2,2,2
270277,2,1,1997,0,0,0,0,0,0,0,0,0,0
270278,1,1,1997,24,24,24,24,24,24,24,24,24,24
270278,2,1,1997,0,0,0,0,0,0,0,0,0,0
270279,1,1,1997,23,23,23,23,23,23,23,23,23,23
270280,1,1,1997,0,0,0,0,0,0,0,0,0,0
270281,1,1,1997,0,0,0,0,0,0,0,0,0,0
270282,0,1,1997,0,0,0,0,0,0,0,0,0,0
270282,1,1,1997,0,0,0,0,0,0,0,0,0,0
270283,1,1,1997,0,0,0,0,0,0,0,0,0,0
270283,2,1,1997,0,0,0,0,0,0,0,0,0,0
270284,1,1,1997,0,0,0,0,0,0,0,0,0,0
270284,2,1,1997,0,0,0,0,0,0,0,0,0,0
270285,1,1,1997,0,0,0,0,0,0,0,0,0,0
270285,2,1,1997,0,0,0,0,0,0,0,0,0,0
270286,1,1,1997,11,11,11,11,11,11,11,11,11,11
270287,1,1,1997,0,0,0,0,0,0,0,0,0,0
270287,2,1,1997,0,0,0,0,0,0,0,0,0,0
270288,1,1,1997,14,14,14,14,14,14,14,14,14,14
270289,1,1,1997,26,26,26,26,26,26,26,26,26,26
270290,1,1,1997,19,0,0,0,0,0,0,0,0,0
270290,2,1,1997,0,0,0,0,0,0,0,0,0,0
270291,1,1,1997,0,0,0,0,0,0,0,0,0,0
270291,2,1,1997,0,19,0,0,0,0,0,0,0,0
270292,1,1,1997,17,17,17,17,17,17,17,17,17,17
270293,1,1,1997,0,0,0,24,0,6,0,0,0,0
270294,1,1,1997,0,0,0,0,0,0,0,0,0,0
270294,2,1,1997,0,0,0,0,0,0,0,0,0,0
270295,1,1,1997,15,15,15,15,15,15,15,15,15,15
270296,1,1,1997,0,0,0,0,0,0,0,0,0,0
270296,2,1,1997,0,0,20,0,0,0,0,0,0,0
270297,0,1,1997,0,0,0,0,0,0,0,0,0,0
270297,1,1,1997,0,0,0,0,0,0,0,0,0,0
270298,1,1,1997,0,0,0,0,0,0,0,0,0,0
270298,2,1,1997,2,2,2,2,2,2,2,2,2,2
270299,1,1,1997,0,0,0,0,0,0,0,0,0,0
270300,0,1,1997,0,0,0,0,0,0,0,0,0,0
270300,1,1,1997,0,0,0,0,0,0,0,0,0,0
270301,1,1,1997,0,0,0,0,0,0,0,0,0,0
270301,2,1,1997,0,0,0,0,0,0,0,0,0,0
270302,1,1,1997,28,17,20,16,7,39,16,23,27,23
270303,1,1,1997,23,23,23,23,23,23,23,23,23,23
270304,1,1,1997,0,0,0,0,0,0,0,0,0,0
270304,2,1,1997,0,0,0,0,0,0,0,0,0,0
270305,1,1,1997,6,6,6,6,6,6,6,6,6,6
270306,1,1,1997,0,0,0,0,0,0,0,0,0,0
270307,1,1,1997,0,0,0,0,0,0,0,0,0,0
270307,2,1,1997,0,0,0,0,0,0,0,0,0,0
270308,1,1,1997,0,0,0,0,0,0,0,0,0,0
270309,0,1,1997,0,0,0,0,13,11,0,16,18,0
270309,0,2,1997,0,0,0,0,0,0,0,0,0,0
270309,0,3,1997,21,0,16,33,20,0,0,30,18,30
270309,0,4,1997,35,0,48,0,11,34,0,11,33,0
270309,0,5,1997,0,22,18,0,11,15,38,36,0,0
270309,1,1,1997,0,0,0,0,0,0,0,0,0,0
270309,2,1,1997,0,0,0,0,0,0,0,0,0,0
270310,1,1,1997,0,0,0,0,0,0,0,0,0,0
270311,0,1,1997,26,26,26,26,26,26,26,26,26,26
270311,1,1,1997,26,26,26,26,26,26,26,26,26,26
270312,1,1,1997,0,0,0,0,0,0,0,0,0,0
270312,2,1,1997,18,0,0,0,0,0,0,0,0,0
270313,1,1,1997,24,24,24,24,24,24,24,24,24,24
270314,1,1,1997,0,0,0,0,0,0,0,0,0,0
270314,2,1,1997,0,0,0,0,0,0,0,0,0,0
270315,0,1,1997,0,0,0,0,0,0,0,0,0,0
270315,1,1,1997,0,0,0,0,0,0,0,0,0,0
270316,1,1,1997,0,0,0,0,0,0,0,0,0,0
270316,2,1,1997,0,0,0,0,0,0,0,0,0,0
270317,1,1,1997,0,0,0,0,0,0,0,0,0,0
270317,2,1,1997,0,0,0,0,0,0,0,0,0,0
270318,0,1,1997,0,0,0,0,0,0,0,0,0,0
270318,0,2,1997,0,0,0,0,0,0,0,0,0,0
270318,1,1,1997,0,0,0,0,0,0,0,0,0,0
270319,1,1,1997,17,17,17,17,17,17,17,17,17,17
270320,1,1,1997,0,0,17,28,0,0,0,0,0,0
270321,0,1,1997,23,23,23,23,23,23,23,23,23,23
270321,1,1,1997,0,39,0,0,11,0,0,4,0,0
270322,1,1,1997,0,0,0,0,0,0,0,0,0,0
270323,1,1,1997,30,30,30,30,30,30,30,30,30,30
270324,1,1,1997,0,0,0,0,0,0,0,0,0,0
270325,1,1,1997,12,12,12,12,12,12,12,12,12,12
270325,2,1,1997,0,0,0,0,0,0,0,0,0,0
270326,1,1,1997,26,26,26,26,26,26,26,26,26,26
270327,0,1,1997,0,0,0,0,0,0,0,0,0,0
270327,1,1,1997,0,0,0,0,0,0,0,0,0,0
270328,1,1,1997,0,0,0,0,0,0,0,0,0,0
270329,1,1,1997,0,0,0,30,0,0,38,0,0,0
270330,1,1,1997,0,0,0,0,0,0,0,0,0,0
270330,2,1,1997,0,0,0,0,0,0,0,0,0,0
270331,0,1,1997,10,10,10,10,10,10,10,10,10,10
270331,1,1,1997,0,0,0,0,0,0,0,0,0,0
270332,1,1,1997,0,0,0,0,0,0,0,0,0,0
270332,2,1,1997,0,0,0,0,0,0,0,0,0,0
270333,1,1,1997,14,0,0,0,0,0,11,0,0,0
270333,2,1,1997,0,0,0,0,0,0,0,0,0,0
270334,1,1,1997,0,0,0,0,0,0,0,0,0,0
270334,2,1,1997,0,0,0,0,0,0,0,0,0,0
270335,1,1,1997,0,0,0,0,0,0,0,0,0,0
270337,1,1,1997,0,0,0,0,0,0,0,0,0,0
270337,2,1,1997,0,0,0,0,0,0,0,0,0,0
270338,1,1,1997,0,0,0,0,0,0,0,0,0,0
270339,1,1,1997,6,6,6,6,6,6,6,6,6,6
270340,0,1,1997,0,0,0,0,0,0,0,0,0,0
270340,1,1,1997,0,0,0,0,0,0,0,0,0,0
270341,1,1,1997,0,0,0,0,0,0,0,0,0,0
270342,0,1,1997,13,13,13,13,13,13,13,13,13,13
270342,1,1,1997,0,0,0,0,0,0,0,0,0,0
270343,1,1,1997,0,0,0,0,0,0,0,0,0,0
270343,2,1,1997,0,0,0,0,0,0,0,0,0,0
270344,1,1,1997,0,0,0,0,0,0,0,0,0,0
270344,2,1,1997,0,0,0,0,0,12,0,0,0,0
270345,1,1,1997,0,0,0,0,0,0,0,0,0,0
270346,1,1,1997,19,19,19,19,19,19,19,19,19,19
270347,1,1,1997,0,0,0,0,0,0,0,0,0,0
270347,2,1,1997,0,0,0,0,0,0,0,0,0,0
270348,1,1,1997,0,0,0,0,0,0,0,0,0,0
270349,1,1,1997,0,0,0,0,0,0,0,0,0,0
270349,2,1,1997,0,0,0,0,0,0,0,0,0,0
270350,1,1,1997,0,0,0,0,0,0,0,0,0,0
270350,2,1,1997,0,0,0,0,0,0,0,0,0,0
270351,1,1,1997,0,0,0,0,0,0,0,0,0,0
270351,2,1,1997,0,0,0,0,0,0,0,0,0,0
270352,0,1,1997,0,0,0,0,0,0,0,0,0,0
270352,1,1,1997,0,0,0,0,0,0,0,0,0,0
270353,1,1,1997,31,31,31,31,31,31,31,31,31,31
270353,2,1,1997,0,0,0,0,0,0,0,0,0,0
270354,1,1,1997,0,0,0,0,0,0,0,0,0,0
270354,2,1,1997,0,0,0,0,0,0,0,0,0,0
270355,1,1,1997,0,0,0,0,0,0,0,0,0,0
270355,2,1,1997,0,0,0,0,0,0,0,0,0,0
270356,1,1,1997,1,1,1,1,1,1,1,1,1,1
270356,2,1,1997,9,9,9,9,9,9,9,9,9,9
270357,1,1,1997,0,0,0,0,0,0,0,0,0,0
270357,2,1,1997,0,0,0,0,0,0,0,0,0,0
270358,1,1,1997,0,0,0,0,0,0,0,0,0,0
270358,2,1,1997,0,0,0,0,0,0,0,0,0,0
270359,1,1,1997,0,0,0,0,0,0,0,0,0,0
270359,2,1,1997,0,0,0,0,0,0,0,0,0,0
270360,1,1,1997,23,23,23,23,23,23,23,23,23,23
270361,1,1,1997,0,0,0,0,0,0,0,0,0,0
270362,1,1,1997,0,0,0,0,0,0,0,0,0,0
270362,2,1,1997,8,8,8,8,8,8,8,8,8,8
270363,1,1,1997,0,0,0,0,0,0,0,0,0,0
270363,2,1,1997,0,0,0,0,0,0,0,0,0,0
270364,1,1,1997,0,0,0,0,0,0,0,0,0,0
270364,2,1,1997,0,0,0,0,0,0,0,0,0,0
270365,1,1,1997,22,22,22,22,22,22,22,22,22,22
270366,1,1,1997,0,0,0,0,0,0,0,0,0,0
270366,2,1,1997,0,0,0,0,0,0,0,0,0,0
270367,1,1,1997,0,0,0,0,0,0,0,0,0,0
270367,2,1,1997,0,0,0,0,0,0,0,0,0,0
270368,0,1,1997,0,0,0,0,0,0,0,0,0,0
270368,1,1,1997,0,0,0,0,0,0,0,0,0,0
270369,0,1,1997,28,0,60,0,11,0,0,12,13,0
270369,0,2,1997,0,0,0,0,0,0,0,0,0,0
270369,1,1,1997,0,0,0,0,0,0,0,0,0,0
270370,1,1,1997,2,2,2,2,2,2,2,2,2,2
270371,1,1,1997,0,0,0,0,0,0,0,0,0,0
270371,2,1,1997,0,0,0,0,0,0,0,0,0,0
270372,1,1,1997,0,0,0,0,0,0,0,0,0,0
270372,2,1,1997,0,0,0,0,0,0,0,0,0,0
270373,1,1,1997,0,0,0,0,0,0,0,0,0,0
270373,2,1,1997,0,0,0,0,0,0,0,0,0,0
270373,3,1,1997,0,0,0,0,0,0,0,0,0,0
270374,0,1,1997,0,0,0,0,0,0,0,0,0,0
270374,1,1,1997,0,0,0,0,0,0,0,0,0,0
270375,1,1,1997,0,0,0,0,0,0,0,0,0,0
270375,2,1,1997,0,0,0,0,0,0,0,0,0,0
270376,1,1,1997,10,10,10,10,10,10,10,10,10,10
270376,2,1,1997,0,0,0,0,0,0,0,0,0,0
270377,1,1,1997,20,20,20,20,20,20,20,20,20,20
270378,1,1,1997,0,0,0,0,0,0,0,0,0,0
270378,2,1,1997,0,0,0,0,0,0,0,0,0,0
270379,1,1,1997,0,0,0,0,0,0,0,0,0,0
270379,2,1,1997,0,0,0,0,0,0,15,0,0,0
270380,1,1,1997,0,0,0,0,0,0,0,0,0,0
270380,2,1,1997,0,0,0,0,0,0,0,0,0,0
270381,0,1,1997,25,25,25,25,25,25,25,25,25,25
270381,1,1,1997,0,0,0,0,0,0,0,0,5,0
270382,1,1,1997,0,0,0,0,0,0,0,0,0,0
270382,2,1,1997,0,0,0,0,0,0,0,7,0,0
270383,1,1,1997,0,0,0,0,0,0,0,0,0,0
270383,2,1,1997,0,0,0,0,0,0,0,0,0,0
270384,1,1,1997,0,0,0,0,0,0,0,0,0,0
270384,2,1,1997,0,0,0,0,0,0,0,0,0,0
270385,1,1,1997,0,0,0,0,0,0,0,0,0,0
270385,2,1,1997,0,0,0,0,0,0,0,0,0,0
270386,0,1,1997,21,21,21,21,21,21,21,21,21,21
270386,1,1,1997,0,0,0,0,0,0,0,0,0,0
270387,1,1,1997,0,0,0,0,0,0,0,0,0,0
270387,2,1,1997,4,0,0,0,0,0,0,0,0,0
270388,1,1,1997,0,0,0,0,0,0,0,0,0,0
270388,2,1,1997,0,0,0,0,0,0,0,0,0,0
270389,1,1,1997,0,0,0,0,0,0,0,0,0,0
270389,2,1,1997,0,0,0,0,0,0,0,0,0,0
270390,1,1,1997,0,0,0,0,0,0,0,0,0,0
270390,2,1,1997,0,0,0,0,0,0,0,0,0,0
270391,0,1,1997,0,0,0,0,0,0,0,0,0,0
270391,1,1,1997,0,0,0,0,0,0,0,0,0,0
270392,0,1,1997,0,0,0,0,0,0,0,0,0,0
270392,1,1,1997,0,0,0,0,0,0,0,0,0,0
270393,0,1,1997,0,0,0,0,0,0,0,0,0,0
270393,1,1,1997,0,0,0,0,0,0,0,0,0,0
270394,1,1,1997,0,0,0,0,0,0,0,0,0,0
270394,2,1,1997,0,0,0,0,0,0,0,0,0,0
270395,1,1,1997,0,0,0,0,0,0,0,0,0,0
270395,2,1,1997,0,0,0,0,0,0,0,0,0,0
270396,1,1,1997,0,0,0,0,0,0,0,0,0,0
270397,1,1,1997,36,36,36,36,36,36,36,36,36,36
270398,1,1,1997,0,0,0,0,0,0,0,0,0,0
270398,2,1,1997,8,8,8,8,8,8,8,8,8,8
270399,1,1,1997,0,0,0,0,0,0,0,0,0,0
270399,2,1,1997,28,28,28,28,28,28,28,28,28,28
270400,0,1,1997,0,0,0,0,0,0,0,0,0,0
270400,1,1,1997,0,0,0,0,0,0,0,0,0,0
270401,1,1,1997,0,0,0,0,0,0,0,0,0,0
270401,2,1,1997,0,0,0,0,0,0,0,0,0,0
270402,1,1,1997,0,0,0,0,0,0,0,0,0,0
270402,2,1,1997,0,0,0,0,0,0,0,0,0,0
270403,1,1,1997,0,0,0,0,0,0,0,0,0,0
270403,2,1,1997,0,0,0,0,0,0,0,0,0,0
270404,1,1,1997,0,0,0,0,0,0,0,0,0,0
270404,2,1,1997,0,0,0,0,0,0,0,0,0,0
270405,1,1,1997,0,0,0,0,0,0,0,0,0,0
270405,2,1,1997,12,12,12,12,12,12,12,12,12,12
270406,1,1,1997,0,0,0,0,0,0,0,0,0,0
270406,2,1,1997,0,0,0,0,0,0,0,0,0,0
270407,1,1,1997,0,0,0,0,0,0,0,0,0,0
270408,1,1,1997,0,0,0,0,0,0,0,0,0,0
270408,2,1,1997,0,0,0,0,0,0,0,0,0,0
270409,1,1,1997,34,34,34,34,34,34,34,34,34,34
270410,1,1,1997,0,0,0,0,0,0,0,0,0,0
270410,2,1,1997,0,0,0,0,0,0,0,0,0,0
270411,1,1,1997,21,21,21,21,21,21,21,21,21,21
270412,1,1,1997,3,0,0,0,0,0,0,0,0,0
270412,2,1,1997,0,0,0,0,0,0,0,0,0,0
270413,1,1,1997,0,0,0,0,0,0,0,0,0,0
270413,2,1,1997,0,0,0,0,0,0,0,0,0,0
270413,3,1,1997,0,0,0,0,0,0,0,0,0,0
270413,4,1,1997,0,0,0,0,0,0,0,0,0,0
270414,1,1,1997,0,0,0,0,0,0,0,0,0,0
270414,2,1,1997,0,0,0,0,0,0,0,0,0,0
270415,1,1,1997,0,0,0,0,0,0,0,0,0,0
270415,2,1,1997,0,0,0,0,0,0,0,0,0,0
270416,1,1,1997,0,0,18,0,0,0,0,0,0,0
270417,1,1,1997,0,0,0,0,0,0,0,0,0,0
270417,2,1,1997,0,0,0,0,0,0,0,0,0,0
270417,3,1,1997,0,0,0,0,0,0,0,0,0,0
270418,1,1,1997,0,0,0,0,0,0,0,0,0,0
270419,0,1,1997,22,22,22,22,22,22,22,22,22,22
270419,1,1,1997,0,0,0,0,0,0,0,0,0,0
270420,1,1,1997,0,0,0,0,0,0,0,0,0,0
270421,1,1,1997,10,10,10,10,10,10,10,10,10,10
270422,1,1,1997,11,11,11,11,11,11,11,11,11,11
270423,1,1,1997,21,21,21,21,21,21,21,21,21,21
270424,1,1,1997,0,0,0,0,0,0,0,0,0,0
270424,2,1,1997,0,0,0,0,0,0,0,0,0,0
270425,1,1,1997,0,0,0,0,0,0,0,0,12,0
270426,1,1,1997,0,0,0,0,0,0,0,0,0,0
270426,2,1,1997,0,0,0,0,0,0,0,0,0,0
270427,1,1,1997,0,0,0,0,0,0,13,0,0,0
270427,2,1,1997,0,0,0,0,0,0,0,0,0,0
270427,3,1,1997,0,0,0,0,0,0,0,0,0,0
270428,1,1,1997,0,0,0,0,0,0,0,0,0,0
270428,2,1,1997,0,0,0,0,0,0,0,0,0,0
270429,0,1,1997,0,0,0,6,0,0,0,0,0,0
270429,1,1,1997,0,0,0,0,0,0,0,0,0,0
270430,1,1,1997,0,0,0,0,0,0,0,0,0,0
270430,2,1,1997,0,0,0,0,0,0,0,0,0,0
270431,1,1,1997,0,0,0,0,0,0,0,0,0,0
270432,1,1,1997,2,2,2,2,2,2,2,2,2,2
270432,2,1,1997,7,7,7,7,7,7,7,7,7,7
270433,0,1,1997,0,0,0,0,0,0,0,0,0,0
270433,1,1,1997,0,0,0,0,0,0,0,0,0,0
270434,1,1,1997,18,18,18,18,18,18,18,18,18,18
270435,1,1,1997,0,0,0,0,0,0,0,0,0,0
270436,1,1,1997,0,0,0,0,0,0,0,0,0,0
270436,2,1,1997,0,0,0,0,0,0,0,0,0,0
270437,1,1,1997,0,0,0,0,0,0,0,0,0,0
270437,2,1,1997,0,0,0,0,0,0,0,0,0,0
270438,1,1,1997,0,0,0,0,0,0,0,0,0,0
270438,2,1,1997,0,0,0,0,0,0,0,0,0,0
270439,1,1,1997,0,0,0,0,0,0,0,0,0,0
270439,2,1,1997,0,0,0,0,0,0,0,0,0,0
270440,1,1,1997,0,0,0,0,0,0,0,0,0,0
270440,2,1,1997,0,0,0,0,0,0,0,0,0,0
270441,1,1,1997,0,0,0,0,0,0,0,0,0,0
270441,2,1,1997,0,0,0,0,0,0,0,0,0,0
270442,1,1,1997,0,0,0,0,0,0,0,0,0,0
270442,2,1,1997,0,0,0,0,0,0,0,0,0,0
270443,1,1,1997,11,11,11,11,11,11,11,11,11,11
270444,1,1,1997,15,15,15,15,15,15,15,15,15,15
270445,1,1,1997,18,18,18,18,18,18,18,18,18,18
270446,1,1,1997,0,0,0,0,0,0,0,0,0,0
270446,2,1,1997,0,0,0,0,0,0,0,0,0,0
270447,0,1,1997,0,0,0,0,0,0,0,0,0,0
270447,1,1,1997,20,0,0,3,0,0,5,16,0,0
270448,1,1,1997,0,0,0,0,0,0,0,0,0,0
270448,2,1,1997,0,0,0,0,0,0,0,0,0,0
270449,1,1,1997,0,0,0,0,0,0,0,0,0,0
270449,2,1,1997,0,0,0,0,0,0,0,0,0,0
270450,1,1,1997,0,0,0,0,0,0,0,0,0,0
270450,2,1,1997,0,0,0,0,0,0,0,0,0,0
270451,1,1,1997,7,7,7,7,7,7,7,7,7,7
270452,1,1,1997,0,0,0,0,0,0,0,0,0,0
270452,2,1,1997,0,0,0,0,0,0,0,0,0,0
270453,0,1,1997,0,0,0,0,0,0,0,0,0,0
270453,1,1,1997,0,0,0,0,0,0,0,0,0,0
270454,1,1,1997,0,0,0,0,0,0,0,0,0,0
270454,2,1,1997,0,0,0,0,0,0,0,0,0,0
270455,1,1,1997,13,13,13,13,13,13,13,13,13,13
270456,1,1,1997,28,28,28,28,28,28,28,28,28,28
270457,1,1,1997,15,15,15,15,15,15,15,15,15,15
270458,1,1,1997,0,0,0,0,0,0,0,0,0,0
270458,2,1,1997,0,0,0,0,0,0,0,0,0,0
270459,1,1,1997,0,0,0,0,0,0,0,0,0,0
270460,1,1,1997,5,5,5,5,5,5,5,5,5,5
270461,1,1,1997,0,0,0,0,0,0,0,0,0,0
270461,2,1,1997,0,0,0,0,0,0,0,0,0,0
270462,1,1,1997,0,0,0,0,0,0,0,0,0,0
270462,2,1,1997,0,0,0,0,0,0,0,0,0,0
270463,0,1,1997,0,0,0,0,0,0,0,0,0,0
270463,1,1,1997,0,0,0,0,0,0,0,0,0,0
270464,1,1,1997,0,0,0,0,0,0,0,0,0,0
270464,2,1,1997,0,0,0,0,0,0,0,0,0,0
270465,1,1,1997,0,0,0,0,0,0,0,0,0,0