ST_CASE,VEH_NO,PER_NO,YEAR,P1,P2,P3,P4,P5,P6,P7,P8,P9,P10
310200,1,1,1997,0,0,0,0,0,0,0,0,0,0
310201,1,1,1997,20,38,21,6,26,33,16,3,9,22
310202,1,1,1997,0,0,0,0,0,0,0,0,0,0
310203,1,1,1997,0,0,0,0,0,0,0,0,0,0
310204,1,1,1997,0,0,0,0,0,0,0,0,0,0
310204,2,1,1997,0,0,0,0,0,0,0,0,0,0
310205,1,1,1997,0,0,0,0,0,0,0,0,0,0
310205,2,1,1997,0,0,0,0,0,0,0,0,0,0
310206,1,1,1997,0,0,0,0,0,0,0,0,0,0
310206,2,1,1997,0,0,0,0,0,0,0,0,0,0
310207,1,1,1997,0,0,0,0,0,0,0,0,0,0
310207,2,1,1997,0,0,0,0,0,0,0,0,0,0
310207,3,1,1997,0,0,0,0,0,0,0,0,0,0
310207,4,1,1997,0,0,0,0,0,0,0,0,0,0
310208,1,1,1997,0,0,0,0,0,0,0,0,0,0
310208,2,1,1997,0,0,0,0,0,0,0,0,0,0
310209,1,1,1997,0,0,0,0,0,0,0,0,0,0
310209,2,1,1997,0,0,0,0,0,0,0,0,0,0
310210,1,1,1997,0,0,0,0,0,0,0,0,0,0
310210,2,1,1997,21,21,21,21,21,21,21,21,21,21
310211,1,1,1997,0,0,0,0,0,0,0,0,0,0
310211,2,1,1997,0,0,0,0,0,0,0,0,0,0
310211,3,1,1997,0,0,0,0,26,0,0,23,0,0
310212,1,1,1997,17,17,17,17,17,17,17,17,17,17
310213,1,1,1997,0,0,0,0,0,0,0,0,0,0
310214,1,1,1997,0,0,0,0,0,0,0,0,0,0
310214,2,1,1997,0,0,0,0,0,0,0,0,0,0
310214,3,1,1997,0,0,0,0,0,0,0,0,0,0
310215,1,1,1997,0,0,0,0,0,0,0,0,0,0
310215,2,1,1997,0,0,0,0,0,0,0,0,0,0
310216,1,1,1997,0,0,0,0,0,0,0,0,0,0
310217,1,1,1997,0,0,0,0,0,0,0,0,0,0
310217,2,1,1997,0,0,0,0,0,0,0,0,0,0
310218,1,1,1997,0,0,0,0,0,0,0,0,0,0
310218,2,1,1997,0,0,0,0,0,0,0,0,0,0
310219,1,1,1997,18,18,18,18,18,18,18,18,18,18
310220,1,1,1997,0,0,0,0,0,0,0,0,0,0
310220,2,1,1997,0,0,0,0,0,0,0,0,0,0
310220,3,1,1997,0,0,0,0,0,0,0,0,0,0
310221,1,1,1997,0,0,0,0,0,0,0,0,0,0
310221,2,1,1997,12,12,12,12,12,12,12,12,12,12
310222,1,1,1997,0,0,0,0,0,0,0,0,0,0
310222,2,1,1997,0,0,0,0,0,0,0,0,0,0
310223,1,1,1997,0,0,0,0,0,0,0,0,0,0
310223,2,1,1997,0,0,0,0,0,0,7,14,0,14
310224,0,1,1997,43,43,43,43,43,43,43,43,43,43
310224,1,1,1997,0,0,0,0,0,0,0,0,0,0
310225,1,1,1997,0,0,0,0,0,0,0,0,0,0
310225,2,1,1997,0,0,0,0,0,0,0,0,0,0
310225,3,1,1997,0,0,0,0,0,0,0,0,0,0
310226,1,1,1997,18,18,18,18,18,18,18,18,18,18
310227,1,1,1997,62,62,62,62,62,62,62,62,62,62
310228,1,1,1997,0,0,0,0,0,0,0,0,0,0
310228,2,1,1997,0,0,0,0,0,0,0,0,0,0
310229,1,1,1997,0,0,0,0,0,0,0,0,0,0
310229,2,1,1997,0,0,0,0,0,0,0,0,0,0
310230,0,1,1997,0,0,0,0,0,0,0,0,0,0
310230,1,1,1997,0,0,0,0,0,0,0,0,0,0
310231,0,1,1997,0,0,0,0,0,0,0,0,0,0
310231,1,1,1997,0,0,0,0,0,0,0,0,0,0
310232,1,1,1997,0,0,0,0,0,0,0,0,0,0
310232,2,1,1997,8,8,8,8,8,8,8,8,8,8
310233,1,1,1997,20,20,20,20,20,20,20,20,20,20
310234,1,1,1997,0,0,0,0,0,0,0,0,0,0
310234,2,1,1997,0,0,0,0,0,0,0,9,13,0
310235,1,1,1997,0,0,0,0,0,0,0,0,0,0
310236,1,1,1997,0,0,0,0,0,0,0,0,0,0
310236,2,1,1997,0,0,0,0,0,0,0,0,0,0
310237,1,1,1997,0,0,0,0,0,0,0,0,0,0
310237,2,1,1997,0,0,0,0,0,0,0,0,0,0
310238,1,1,1997,0,0,0,0,0,0,0,0,0,0
310238,2,1,1997,0,0,0,0,0,0,0,0,0,0
310238,3,1,1997,0,0,0,0,0,0,0,0,0,0
310239,1,1,1997,0,0,0,0,0,0,0,0,0,0
310239,2,1,1997,0,0,0,0,0,0,0,0,0,0
310240,1,1,1997,13,13,13,13,13,13,13,13,13,13
310240,2,1,1997,0,0,0,0,0,0,0,0,0,0
310241,1,1,1997,0,0,0,0,0,0,0,0,0,0
310242,1,1,1997,0,0,0,0,0,0,0,0,0,0
310242,2,1,1997,0,0,0,0,0,0,0,0,0,0
310243,1,1,1997,0,0,19,0,0,0,0,0,0,0
310244,1,1,1997,0,0,0,0,0,0,0,0,0,0
310244,2,1,1997,0,0,0,0,0,0,0,0,0,0
310245,1,1,1997,0,0,0,0,0,0,0,0,0,0
310245,2,1,1997,0,0,0,0,0,0,0,0,0,0
310246,1,1,1997,0,0,0,0,0,0,0,0,0,0
310246,2,1,1997,0,0,0,0,0,0,0,0,0,0
310247,0,1,1997,0,0,0,0,0,0,0,0,0,0
310247,1,1,1997,0,0,0,0,0,0,0,0,0,0
310248,1,1,1997,15,15,15,15,15,15,15,15,15,15
310248,2,1,1997,0,0,0,0,0,0,0,0,0,0
310249,1,1,1997,0,0,0,0,0,0,0,0,0,0
310249,2,1,1997,0,0,0,0,0,0,0,0,0,0
310250,1,1,1997,30,30,30,30,30,30,30,30,30,30
310251,1,1,1997,0,0,0,0,0,0,0,0,0,0
310251,2,1,1997,8,8,8,8,8,8,8,8,8,8
310252,0,1,1997,0,0,0,0,0,0,0,0,0,0
310252,1,1,1997,0,0,0,0,0,0,0,0,0,0
310253,1,1,1997,0,0,12,0,0,0,0,0,0,0
310254,1,1,1997,15,15,15,15,15,15,15,15,15,15
310255,1,1,1997,0,0,0,0,0,0,0,0,0,0
310255,2,1,1997,0,0,0,0,0,0,0,0,0,0
310256,1,1,1997,0,0,0,0,0,0,0,0,0,0
310256,2,1,1997,0,0,0,0,0,0,8,0,0,0
310257,1,1,1997,0,0,0,0,0,0,0,0,0,0
310257,2,1,1997,0,0,0,0,0,0,0,0,0,0
310258,1,1,1997,0,0,0,0,0,0,0,0,0,0
310258,2,1,1997,0,0,0,0,0,0,0,0,0,0
310259,1,1,1997,3,3,3,3,3,3,3,3,3,3
310260,1,1,1997,0,0,0,0,0,0,0,0,0,0
310260,2,1,1997,0,0,0,0,0,0,0,0,0,0
310261,1,1,1997,5,5,5,5,5,5,5,5,5,5
310262,1,1,1997,19,5,0,0,0,0,18,0,0,0
320001,0,1,1997,0,0,0,0,0,0,0,0,0,0
320001,1,1,1997,0,0,14,0,15,0,0,0,0,7
320002,1,1,1997,0,0,0,0,0,0,0,0,0,0
320002,2,1,1997,0,0,0,0,0,0,0,0,0,0
320002,3,1,1997,0,0,0,0,0,14,0,0,0,0
320003,0,1,1997,35,35,35,35,35,35,35,35,35,35
320003,1,1,1997,0,0,0,0,0,0,0,0,0,0
320004,1,1,1997,20,20,20,20,20,20,20,20,20,20
320005,1,1,1997,0,0,0,0,0,0,0,0,0,0
320005,2,1,1997,0,0,0,0,0,0,0,0,0,0
320006,1,1,1997,14,14,14,14,14,14,14,14,14,14
320007,1,1,1997,0,0,0,0,0,0,0,0,0,0
320008,1,1,1997,0,0,0,0,0,0,0,0,0,0
320009,0,1,1997,38,38,38,38,38,38,38,38,38,38
320009,1,1,1997,0,0,0,0,0,0,0,0,0,0
320010,1,1,1997,0,0,0,0,0,0,0,0,0,0
320010,2,1,1997,0,0,0,0,0,0,0,0,0,0
320011,1,1,1997,21,21,21,21,21,21,21,21,21,21
320012,1,1,1997,0,0,0,0,0,0,0,0,0,0
320013,1,1,1997,29,29,29,29,29,29,29,29,29,29
320014,1,1,1997,10,10,10,10,10,10,10,10,10,10
320015,0,1,1997,0,0,0,0,0,0,0,0,0,0
320015,0,2,1997,0,0,0,0,24,13,0,0,0,0
320015,1,1,1997,0,0,0,0,0,0,0,0,0,0
320016,1,1,1997,0,0,0,0,0,0,0,0,0,0
320017,1,1,1997,19,19,19,19,19,19,19,19,19,19
320017,2,1,1997,0,0,0,0,0,0,0,0,0,0
320018,1,1,1997,0,0,0,0,0,0,0,0,0,0
320018,2,1,1997,0,0,0,0,0,0,0,0,0,0
320019,1,1,1997,0,0,0,0,0,0,0,0,0,0
320019,2,1,1997,0,0,0,0,0,0,0,0,0,0
320019,3,1,1997,0,0,0,0,0,0,0,0,0,0
320020,1,1,1997,0,0,0,0,0,0,0,0,0,0
320021,1,1,1997,0,0,0,0,0,0,0,0,0,0
320022,1,1,1997,0,0,0,0,0,0,0,0,0,0
320023,1,1,1997,0,0,0,0,0,0,0,0,0,0
320023,2,1,1997,0,0,0,0,0,0,0,0,0,0
320024,1,1,1997,0,0,0,0,0,0,0,0,0,0
320024,2,1,1997,0,0,0,0,8,0,0,0,0,13
320024,3,1,1997,0,0,0,4,26,0,0,23,18,0
320024,4,1,1997,0,0,0,0,0,0,0,0,0,0
320025,0,1,1997,0,0,0,0,0,0,0,0,0,0
320025,1,1,1997,0,0,0,0,0,9,8,12,0,10
320026,0,1,1997,0,0,0,26,13,0,18,0,13,0
320026,1,1,1997,18,18,18,18,18,18,18,18,18,18
320027,1,1,1997,24,24,24,24,24,24,24,24,24,24
320027,2,1,1997,0,0,0,0,0,0,0,0,0,0
320028,1,1,1997,0,0,0,0,0,0,0,0,0,0
320028,2,1,1997,0,0,0,0,0,0,0,0,0,0
320029,0,1,1997,24,24,24,24,24,24,24,24,24,24
320029,1,1,1997,0,0,0,0,0,0,0,12,0,0
320030,0,1,1997,0,0,0,0,0,0,0,0,0,28
320030,1,1,1997,0,0,0,0,0,0,0,0,0,0
320031,1,1,1997,13,17,19,16,23,24,22,16,29,6
320031,2,1,1997,0,0,0,0,0,0,0,0,0,0
320032,1,1,1997,0,0,0,0,0,0,0,0,0,0
320033,1,1,1997,0,0,0,0,0,0,0,0,0,0
320034,1,1,1997,21,21,21,21,21,21,21,21,21,21
320035,1,1,1997,12,12,12,12,12,12,12,12,12,12
320035,2,1,1997,0,0,15,0,0,14,0,0,0,0
320036,1,1,1997,0,0,0,0,0,0,0,0,0,0
320036,2,1,1997,0,0,0,0,0,0,0,0,0,0
320037,1,1,1997,0,11,0,0,0,0,0,0,0,0
320037,2,1,1997,7,7,7,7,7,7,7,7,7,7
320038,1,1,1997,26,26,26,26,26,26,26,26,26,26
320038,2,1,1997,0,0,1,0,0,0,0,0,0,0
320038,3,1,1997,2,2,2,2,2,2,2,2,2,2
320039,1,1,1997,0,0,0,0,0,0,0,0,0,0
320040,0,1,1997,0,0,0,0,0,0,0,0,0,0
320040,1,1,1997,0,0,18,0,0,0,0,2,0,0
320041,1,1,1997,7,7,7,7,7,7,7,7,7,7
320041,2,1,1997,0,0,0,0,0,26,30,0,17,0
320041,3,1,1997,24,13,0,21,0,0,8,17,18,0
320042,1,1,1997,14,14,14,14,14,14,14,14,14,14
320043,1,1,1997,0,0,0,0,0,0,0,0,0,0
320044,1,1,1997,0,0,0,0,0,0,0,0,0,0
320045,1,1,1997,24,24,24,24,24,24,24,24,24,24
320045,2,1,1997,0,0,0,0,0,0,6,0,0,0
320046,1,1,1997,0,0,0,0,0,0,0,0,0,0
320046,2,1,1997,0,11,0,0,0,0,13,0,0,12
320046,3,1,1997,0,0,12,0,0,0,0,0,0,0
320046,4,1,1997,0,0,0,8,20,0,14,0,0,0
320046,5,1,1997,7,0,0,0,0,0,0,0,0,23
320046,6,1,1997,16,0,19,0,0,0,0,0,0,0
320046,7,1,1997,0,0,7,0,0,13,13,0,0,0
320047,1,1,1997,21,21,21,21,21,21,21,21,21,21
320048,0,1,1997,17,17,17,17,17,17,17,17,17,17
320048,1,1,1997,0,8,0,22,26,0,14,0,0,17
320049,1,1,1997,9,9,9,9,9,9,9,9,9,9
320050,1,1,1997,8,8,8,8,8,8,8,8,8,8
320050,2,1,1997,20,0,0,0,0,0,0,0,0,10
320051,1,1,1997,3,3,3,3,3,3,3,3,3,3
320051,2,1,1997,0,0,0,0,0,0,0,0,0,0
320052,1,1,1997,2,2,2,2,2,2,2,2,2,2
320052,2,1,1997,0,0,0,0,0,0,0,0,0,0
320053,1,1,1997,0,0,0,0,0,0,0,0,0,0
320054,1,1,1997,6,17,24,17,23,13,23,0,18,0
320055,1,1,1997,0,23,0,0,0,0,0,0,16,0
320056,1,1,1997,0,0,0,0,0,0,0,0,0,0
320057,0,1,1997,0,0,0,0,0,0,0,0,0,0
320057,1,1,1997,0,0,0,0,0,0,0,13,24,0
320058,1,1,1997,0,0,0,0,0,0,0,0,0,0
320059,0,1,1997,0,0,0,0,0,0,0,22,0,0
320059,0,2,1997,0,0,0,0,0,0,0,0,0,0
320059,0,3,1997,0,0,0,0,0,0,0,0,0,0
320059,0,4,1997,0,0,31,0,0,0,0,0,11,5
320059,1,1,1997,33,33,33,33,33,33,33,33,33,33
320059,2,1,1997,0,0,0,0,0,0,0,0,0,0
320060,0,1,1997,13,13,13,13,13,13,13,13,13,13
320060,1,1,1997,0,0,0,0,0,0,0,0,0,0
320061,1,1,1997,0,0,0,0,0,0,0,0,0,0
320061,2,1,1997,0,0,0,0,0,0,0,0,0,0
320061,3,1,1997,0,0,3,0,0,17,0,0,0,0
320062,1,1,1997,19,0,0,0,18,18,24,26,0,0
320062,2,1,1997,0,0,0,0,0,0,0,0,0,0
320063,0,1,1997,17,17,17,17,17,17,17,17,17,17
320063,0,2,1997,17,17,17,17,17,17,17,17,17,17
320063,1,1,1997,0,10,0,10,10,0,0,0,0,9
320064,1,1,1997,11,11,11,11,11,11,11,11,11,11
320065,1,1,1997,17,17,17,17,17,17,17,17,17,17
320066,1,1,1997,15,15,15,15,15,15,15,15,15,15
320066,2,1,1997,0,0,0,0,0,0,0,0,0,0
320066,3,1,1997,0,0,0,0,0,0,0,0,0,0
320067,1,1,1997,0,0,0,0,0,0,0,0,0,0
320068,1,1,1997,19,0,0,0,0,0,0,0,0,0
320069,1,1,1997,25,25,25,25,25,25,25,25,25,25
320070,1,1,1997,0,0,0,0,0,0,0,0,0,0
320070,2,1,1997,0,0,0,0,0,0,0,0,0,0
320071,1,1,1997,0,0,0,0,0,0,0,0,0,0
320071,2,1,1997,0,0,0,0,0,0,0,0,0,0
320072,1,1,1997,0,0,0,0,0,0,0,0,0,0
320072,2,1,1997,0,0,0,0,0,0,0,0,0,0
320073,1,1,1997,0,0,0,0,0,0,0,0,0,0
320074,1,1,1997,0,0,0,0,0,0,0,0,0,0
320075,1,1,1997,0,0,0,0,0,0,0,0,0,0
320075,2,1,1997,16,18,18,26,14,18,4,15,5,30
320076,1,1,1997,14,14,14,14,14,14,14,14,14,14
320076,2,1,1997,13,0,3,0,23,0,18,19,0,9
320077,1,1,1997,0,5,12,0,0,5,3,24,21,0
320077,2,1,1997,0,0,0,0,0,0,0,0,0,0
320078,1,1,1997,0,0,0,0,0,0,0,0,0,0
320079,1,1,1997,13,0,0,0,0,0,0,0,0,0
320079,2,1,1997,0,0,0,0,0,0,0,0,0,0
320080,1,1,1997,0,0,0,0,0,0,0,0,0,0
320081,1,1,1997,14,14,14,14,14,14,14,14,14,14
320082,0,1,1997,0,0,0,0,0,0,0,0,0,0
320082,1,1,1997,0,0,0,0,13,0,0,0,0,0
320083,1,1,1997,0,0,0,14,0,0,0,0,0,0
320083,2,1,1997,0,0,0,0,0,0,0,0,0,0
320084,1,1,1997,0,0,0,0,0,0,0,0,0,0
320085,1,1,1997,0,0,0,0,0,0,0,0,0,0
320085,2,1,1997,0,0,0,0,0,0,0,0,0,0
320086,1,1,1997,17,17,17,17,17,17,17,17,17,17
320086,2,1,1997,0,0,0,0,0,0,0,0,0,0
320087,1,1,1997,0,0,0,0,0,0,0,0,0,0
320087,2,1,1997,0,0,0,0,0,0,0,0,0,0
320088,0,1,1997,18,0,0,0,0,0,0,0,28,0
320088,1,1,1997,0,0,0,0,0,0,0,0,0,0
320089,1,1,1997,0,0,0,0,0,0,0,0,0,0
320089,2,1,1997,0,0,0,0,0,0,0,0,0,0
320090,1,1,1997,0,0,0,0,0,0,0,0,0,0
320090,2,1,1997,0,0,0,0,0,0,0,0,0,0
320091,1,1,1997,21,21,21,21,21,21,21,21,21,21
320092,1,1,1997,0,0,0,0,0,0,0,0,0,0
320092,2,1,1997,0,0,0,0,0,0,0,0,0,0
320093,1,1,1997,15,15,15,15,15,15,15,15,15,15
320094,1,1,1997,19,19,19,19,19,19,19,19,19,19
320094,2,1,1997,3,3,3,3,3,3,3,3,3,3
320095,1,1,1997,6,6,6,6,6,6,6,6,6,6
320095,2,1,1997,0,0,0,0,0,0,0,0,0,0
320095,3,1,1997,0,0,0,0,0,0,0,0,0,0
320096,1,1,1997,0,0,0,0,0,0,0,0,0,0
320097,1,1,1997,0,0,0,0,0,0,0,0,0,0
320097,2,1,1997,11,9,9,0,0,0,0,0,0,0
320097,3,1,1997,0,0,0,0,0,0,0,0,0,0
320097,4,1,1997,0,0,0,0,0,0,0,0,0,0
320098,1,1,1997,0,0,0,0,0,0,0,13,8,12
320098,2,1,1997,0,0,0,0,0,0,0,0,0,0
320099,1,1,1997,0,0,0,0,0,0,0,0,0,0
320100,1,1,1997,0,0,0,0,0,0,0,0,0,0
320100,2,1,1997,0,0,16,0,12,0,0,0,0,0
320101,1,1,1997,0,0,0,0,0,0,0,0,0,0
320102,1,1,1997,0,0,0,0,0,0,0,0,0,0
320102,2,1,1997,0,0,0,0,0,0,0,0,0,0
320103,1,1,1997,22,22,22,22,22,22,22,22,22,22
320104,1,1,1997,3,3,3,3,3,3,3,3,3,3
320104,2,1,1997,0,0,0,11,0,0,0,0,0,0
320104,3,1,1997,0,0,0,0,0,0,0,0,0,0
320105,1,1,1997,0,0,0,0,0,0,0,0,0,0
320106,1,1,1997,18,18,18,18,18,18,18,18,18,18
320106,2,1,1997,0,0,0,0,0,0,0,0,0,0
320107,1,1,1997,0,0,0,0,0,0,0,0,0,0
320107,2,1,1997,0,0,0,0,0,0,0,0,0,0
320108,1,1,1997,2,2,2,2,2,2,2,2,2,2
320109,0,1,1997,0,0,48,0,0,0,0,0,0,25
320109,1,1,1997,11,11,11,11,11,11,11,11,11,11
320110,1,1,1997,0,0,0,0,0,0,0,0,0,0
320111,0,1,1997,11,11,11,11,11,11,11,11,11,11
320111,1,1,1997,0,0,0,0,12,13,0,0,12,0
320112,0,1,1997,15,0,0,0,0,0,0,0,0,7
320112,1,1,1997,0,0,0,0,0,0,0,0,0,0
320113,1,1,1997,0,0,0,0,0,0,0,0,0,0
320114,1,1,1997,0,0,0,0,0,0,15,0,0,0
320115,1,1,1997,5,5,5,5,5,5,5,5,5,5
320116,1,1,1997,0,0,0,0,0,0,0,0,0,0
320117,1,1,1997,2,2,2,2,2,2,2,2,2,2
320118,1,1,1997,18,18,18,18,18,18,18,18,18,18
320119,1,1,1997,0,0,0,0,0,0,0,0,0,0
320120,0,1,1997,0,0,0,0,0,0,0,0,0,0
320120,1,1,1997,0,0,0,0,0,0,0,0,0,0
320121,1,1,1997,0,0,0,0,0,0,0,0,0,0
320121,2,1,1997,0,0,0,0,0,0,0,0,0,8
320121,3,1,1997,0,0,0,0,0,0,0,0,0,0
320122,1,1,1997,18,18,18,18,18,18,18,18,18,18
320123,1,1,1997,0,0,0,0,0,0,0,0,0,0
320124,1,1,1997,0,0,0,0,0,0,0,0,0,0
320124,2,1,1997,0,0,0,0,0,0,0,0,0,0
320124,3,1,1997,0,0,0,0,23,0,0,0,0,0
320125,1,1,1997,11,11,11,11,11,11,11,11,11,11
320126,1,1,1997,0,0,0,0,0,0,0,0,0,0
320127,1,1,1997,0,0,0,0,0,0,0,0,0,0
320127,2,1,1997,0,0,0,0,0,0,0,0,0,0
320128,1,1,1997,0,11,7,15,0,0,0,0,0,0
320129,1,1,1997,3,5,0,0,0,21,0,0,0,0
320130,1,1,1997,0,0,0,0,0,20,0,0,0,0
320131,1,1,1997,34,34,34,34,34,34,34,34,34,34
320132,1,1,1997,0,0,0,0,0,0,0,0,0,0
320132,2,1,1997,0,0,0,0,0,0,0,0,0,0
320133,1,1,1997,0,0,0,0,0,0,0,0,0,0
320134,0,1,1997,0,0,14,0,0,0,0,0,0,0
320134,1,1,1997,0,0,0,0,0,0,0,0,0,0
320135,1,1,1997,0,0,0,0,0,0,0,0,0,0
320136,1,1,1997,0,0,0,0,0,0,0,0,0,0
320137,0,1,1997,0,0,0,0,0,0,0,0,0,0
320137,1,1,1997,0,0,0,0,0,0,0,0,0,0
320138,1,1,1997,17,24,0,10,19,22,16,17,6,0
320139,1,1,1997,6,8,0,14,6,0,0,0,0,0
320139,2,1,1997,0,0,0,0,0,0,0,0,0,0
320140,1,1,1997,0,0,0,0,0,0,0,0,0,0
320140,2,1,1997,0,0,0,0,0,0,0,0,0,0
320141,1,1,1997,0,0,0,0,0,0,0,0,0,0
320142,1,1,1997,0,0,0,0,0,0,0,0,0,0
320142,2,1,1997,0,0,0,0,0,0,0,0,0,0
320143,1,1,1997,30,30,30,30,30,30,30,30,30,30
320144,0,1,1997,17,50,0,0,0,0,12,0,0,27
320144,2,1,1997,23,0,22,0,0,0,0,15,0,0
320145,0,1,1997,0,0,0,0,0,29,0,16,17,0
320145,1,1,1997,0,9,19,11,25,0,19,0,0,0
320146,0,1,1997,0,0,0,0,0,0,0,0,0,0
320146,1,1,1997,0,0,0,0,0,0,0,0,0,0
320147,1,1,1997,39,39,39,39,39,39,39,39,39,39
320148,1,1,1997,0,0,0,0,0,0,0,0,0,0
320149,1,1,1997,30,30,30,30,30,30,30,30,30,30
320150,1,1,1997,0,0,0,0,0,0,0,0,0,0
320151,1,1,1997,0,0,0,0,0,0,0,0,0,0
320152,0,1,1997,0,0,0,0,0,0,0,0,0,0
320152,1,1,1997,0,0,0,0,0,0,0,0,0,0
320153,1,1,1997,0,0,0,0,0,0,0,0,0,0
320153,2,1,1997,0,0,0,0,0,0,0,0,0,0
320154,1,1,1997,0,0,0,0,0,0,0,0,0,0
320154,2,1,1997,0,0,0,0,12,0,0,0,0,0
320155,1,1,1997,0,0,0,0,0,0,0,0,0,0
320155,2,1,1997,0,0,0,0,14,0,0,14,0,11
320156,0,1,1997,36,36,36,36,36,36,36,36,36,36
320156,1,1,1997,18,15,0,0,0,0,0,32,0,0
320157,1,1,1997,28,28,28,28,28,28,28,28,28,28
320157,2,1,1997,0,0,11,0,0,0,0,9,0,20
320158,1,1,1997,0,0,0,0,0,0,0,0,0,0
320158,2,1,1997,0,0,0,0,0,0,0,0,0,0
320159,1,1,1997,0,0,0,0,0,0,0,0,0,0
320159,2,1,1997,0,0,0,0,0,0,9,0,0,0
320160,1,1,1997,10,10,10,10,10,10,10,10,10,10
320160,2,1,1997,6,11,0,15,4,0,0,0,0,0
320161,1,1,1997,0,11,0,0,0,18,0,0,0,16
320162,1,1,1997,0,0,0,0,0,0,0,0,0,0
320162,2,1,1997,0,0,0,0,0,0,0,0,0,0
320163,0,1,1997,23,14,0,33,0,0,0,0,51,0
320163,1,1,1997,8,8,8,8,8,8,8,8,8,8
320164,1,1,1997,0,0,0,0,0,0,0,0,0,0
320165,1,1,1997,0,0,0,0,0,0,0,0,0,0
320166,1,1,1997,19,19,19,19,19,19,19,19,19,19
320166,2,1,1997,0,21,0,0,0,10,6,0,0,0
320167,0,1,1997,0,0,0,0,0,0,0,0,0,0
320167,1,1,1997,0,0,0,0,0,0,0,0,0,0
320168,1,1,1997,0,0,0,0,0,0,0,0,0,0
320168,2,1,1997,0,0,0,0,0,0,0,0,0,0
320169,0,1,1997,0,0,0,0,0,0,0,0,0,0
320169,1,1,1997,0,0,0,0,0,0,0,0,0,0
320170,1,1,1997,16,16,16,16,16,16,16,16,16,16
320170,2,1,1997,0,0,15,9,0,0,0,0,0,0
320171,0,1,1997,27,34,0,0,0,0,0,0,20,0
320171,0,2,1997,0,24,0,0,19,0,0,18,0,16
320171,1,1,1997,18,18,18,18,18,18,18,18,18,18
320171,2,1,1997,0,0,7,0,0,0,0,0,0,0
320172,0,1,1997,0,0,0,0,0,0,0,0,0,0
320172,1,1,1997,0,0,0,0,0,0,0,0,0,0
320173,1,1,1997,5,5,5,5,5,5,5,5,5,5
320173,2,1,1997,0,0,14,0,10,0,18,0,0,0
320174,1,1,1997,4,4,4,4,4,4,4,4,4,4
320174,2,1,1997,0,0,0,0,0,0,0,0,0,0
320175,1,1,1997,18,18,18,18,18,18,18,18,18,18
320176,1,1,1997,10,10,10,10,10,10,10,10,10,10
320176,2,1,1997,0,0,0,0,12,18,0,0,0,0
320177,1,1,1997,0,0,0,0,0,0,0,0,0,0
320177,2,1,1997,0,0,0,0,0,0,0,0,0,0
320178,1,1,1997,0,0,0,0,0,0,0,0,0,0
320178,2,1,1997,0,0,0,0,0,0,0,0,0,0
320179,1,1,1997,0,0,0,0,0,0,0,0,0,0
320179,2,1,1997,0,0,0,0,7,0,0,0,0,0
320180,0,1,1997,10,10,10,10,10,10,10,10,10,10
320180,1,1,1997,0,0,0,0,0,0,0,0,0,0
320181,0,1,1997,0,0,0,0,0,0,0,0,0,0
320181,1,1,1997,0,0,0,0,0,0,0,0,0,0
320182,1,1,1997,17,17,17,17,17,17,17,17,17,17
320182,2,1,1997,15,13,7,15,0,0,18,10,13,5
320183,1,1,1997,0,0,0,0,0,0,0,0,0,0
320183,2,1,1997,0,0,0,0,0,0,0,0,0,0
320184,1,1,1997,0,0,0,0,0,0,0,0,0,0
320184,2,1,1997,0,0,0,0,0,0,0,0,0,0
320185,1,1,1997,0,0,0,0,0,0,0,0,0,0
320185,2,1,1997,0,0,0,3,0,0,0,0,0,0
320186,1,1,1997,0,0,0,0,0,0,0,0,0,0
320187,1,1,1997,11,11,11,11,11,11,11,11,11,11
320187,2,1,1997,0,0,0,0,0,0,0,0,0,0
320188,1,1,1997,21,21,21,21,21,21,21,21,21,21
320188,2,1,1997,0,0,0,0,0,0,0,0,0,0
320189,1,1,1997,0,0,0,0,0,0,0,0,0,0
320190,1,1,1997,0,0,0,0,0,0,0,0,0,0
320190,2,1,1997,0,0,0,0,0,0,0,0,0,0
320191,0,1,1997,0,0,0,0,0,0,0,0,0,0
320191,1,1,1997,0,0,0,0,0,0,0,0,0,0
320192,1,1,1997,0,0,0,0,0,0,0,0,0,0
320192,2,1,1997,14,0,0,0,0,0,9,0,0,0
320193,1,1,1997,15,0,0,0,0,13,0,0,14,0
320194,0,1,1997,11,11,11,11,11,11,11,11,11,11
320194,1,1,1997,0,0,0,0,0,0,0,0,0,0
320195,1,1,1997,0,0,0,0,0,0,0,0,0,0
320196,0,1,1997,0,0,0,0,0,0,0,0,0,0
320196,1,1,1997,0,0,0,0,0,0,0,0,0,0
320197,1,1,1997,28,28,28,28,28,28,28,28,28,28
320198,1,1,1997,12,12,12,12,12,12,12,12,12,12
320199,1,1,1997,2,2,2,2,2,2,2,2,2,2
320199,2,1,1997,0,0,0,0,0,0,0,0,0,0
320200,1,1,1997,16,16,16,16,16,16,16,16,16,16