ST_CASE,VEH_NO,PER_NO,YEAR,P1,P2,P3,P4,P5,P6,P7,P8,P9,P10
340325,1,1,1997,30,22,6,19,26,20,0,30,0,5
340325,2,1,1997,21,0,0,0,0,0,0,0,0,0
340326,1,1,1997,0,0,0,0,0,0,0,0,0,0
340326,2,1,1997,0,0,0,0,0,0,0,0,0,0
340327,1,1,1997,7,7,7,7,7,7,7,7,7,7
340328,0,1,1997,0,0,0,0,0,0,0,0,0,0
340328,1,1,1997,0,0,0,24,0,0,0,0,0,0
340329,1,1,1997,12,12,12,12,12,12,12,12,12,12
340329,2,1,1997,0,0,0,0,0,0,0,0,0,0
340330,0,1,1997,12,12,12,12,12,12,12,12,12,12
340330,1,1,1997,12,12,12,12,12,12,12,12,12,12
340331,0,1,1997,26,0,30,0,9,25,0,0,0,0
340331,1,1,1997,7,0,0,25,0,0,0,11,6,0
340332,1,1,1997,0,0,0,0,0,0,20,0,0,11
340332,2,1,1997,0,0,0,0,0,0,0,0,0,0
340333,1,1,1997,0,0,0,0,0,0,0,0,0,0
340334,0,1,1997,0,0,0,0,0,0,0,0,0,0
340334,1,1,1997,0,0,0,0,0,0,0,0,0,0
340336,1,1,1997,0,0,0,0,0,0,0,0,0,0
340337,1,1,1997,5,5,5,5,5,5,5,5,5,5
340338,1,1,1997,0,0,0,0,0,0,0,0,0,0
340338,2,1,1997,0,0,0,0,0,0,0,0,0,0
340339,1,1,1997,14,14,14,14,14,14,14,14,14,14
340340,0,1,1997,0,0,0,0,0,0,0,0,0,0
340340,1,1,1997,16,0,0,0,0,0,0,0,0,0
340342,1,1,1997,34,34,34,34,34,34,34,34,34,34
340343,1,1,1997,0,0,0,0,0,0,0,0,0,0
340343,2,1,1997,0,0,0,0,0,0,0,0,0,0
340344,1,1,1997,0,0,0,0,0,0,0,0,0,0
340344,2,1,1997,0,0,0,0,0,0,0,0,0,0
340345,1,1,1997,0,28,9,0,8,0,0,0,0,15
340345,2,1,1997,0,0,0,0,0,0,0,0,0,0
340346,1,1,1997,16,16,16,16,16,16,16,16,16,16
340347,1,1,1997,0,0,0,0,0,0,0,0,4,0
340347,2,1,1997,0,0,0,0,0,0,0,0,0,0
340348,1,1,1997,0,0,0,0,0,0,0,0,0,0
340348,2,1,1997,0,0,0,0,0,0,0,0,0,0
340349,1,1,1997,5,0,0,0,0,0,0,0,0,0
340350,0,1,1997,0,0,0,44,0,0,0,0,0,0
340350,1,1,1997,0,0,0,0,0,0,0,0,0,0
340351,1,1,1997,0,0,0,0,0,0,0,0,0,0
340352,1,1,1997,14,14,14,14,14,14,14,14,14,14
340352,2,1,1997,0,0,0,0,0,0,0,0,0,0
340353,1,1,1997,16,16,16,16,16,16,16,16,16,16
340354,1,1,1997,12,12,12,12,12,12,12,12,12,12
340354,2,1,1997,7,7,7,7,7,7,7,7,7,7
340355,1,1,1997,0,0,0,0,0,0,0,0,0,0
340355,2,1,1997,13,13,13,13,13,13,13,13,13,13
340356,1,1,1997,0,0,9,0,0,0,0,0,0,0
340356,2,1,1997,0,0,0,0,0,0,0,0,0,0
340357,0,1,1997,19,19,19,19,19,19,19,19,19,19
340357,1,1,1997,0,0,0,0,0,0,0,6,0,0
340357,2,1,1997,0,0,0,0,17,0,21,9,0,0
340358,1,1,1997,0,0,0,0,0,0,0,0,0,0
340358,2,1,1997,0,0,0,0,0,0,0,0,0,0
340359,1,1,1997,17,17,17,17,17,17,17,17,17,17
340360,1,1,1997,0,0,0,0,0,0,0,0,0,0
340360,2,1,1997,0,0,0,0,0,0,0,0,0,0
340361,0,1,1997,0,0,0,29,22,0,22,22,7,38
340361,1,1,1997,0,0,0,0,0,0,0,0,0,0
340361,2,1,1997,0,0,0,0,0,7,0,0,0,0
340361,3,1,1997,0,0,0,0,0,0,0,0,0,0
340361,4,1,1997,0,0,0,0,0,0,0,0,0,0
340361,5,1,1997,0,0,0,0,0,0,0,0,0,0
340362,1,1,1997,0,7,0,0,0,0,0,0,0,0
340363,1,1,1997,6,6,6,6,6,6,6,6,6,6
340363,2,1,1997,14,0,0,7,0,0,0,0,0,0
340364,0,1,1997,20,20,20,20,20,20,20,20,20,20
340364,1,1,1997,4,4,4,4,4,4,4,4,4,4
340364,2,1,1997,0,0,0,12,0,0,0,0,8,0
340364,3,1,1997,0,0,0,0,0,11,0,27,0,0
340365,1,1,1997,0,0,0,0,0,0,0,0,0,0
340365,2,1,1997,0,0,0,0,0,0,0,0,0,0
340366,1,1,1997,0,0,0,0,0,0,0,0,0,0
340366,2,1,1997,0,0,0,0,0,5,0,0,0,0
340367,1,1,1997,6,16,0,11,0,9,10,0,9,21
340367,2,1,1997,0,3,0,5,14,0,16,0,21,0
340368,0,1,1997,5,5,5,5,5,5,5,5,5,5
340368,1,1,1997,13,13,0,6,9,11,0,0,0,0
340368,2,1,1997,0,0,0,0,0,0,0,0,0,0
340368,3,1,1997,11,0,0,0,0,0,0,0,0,0
340369,1,1,1997,15,12,0,0,0,7,13,0,26,0
340370,1,1,1997,8,8,8,8,8,8,8,8,8,8
340371,0,1,1997,0,0,0,0,0,0,0,0,0,0
340371,1,1,1997,0,16,0,0,0,0,0,0,0,0
340372,1,1,1997,0,0,0,0,0,0,8,0,0,0
340372,2,1,1997,0,0,0,0,0,0,0,0,0,0
340373,1,1,1997,2,2,2,2,2,2,2,2,2,2
340374,1,1,1997,0,0,0,0,0,0,0,0,0,0
340374,2,1,1997,0,0,0,0,0,0,0,0,0,0
340375,1,1,1997,29,29,29,29,29,29,29,29,29,29
340376,1,1,1997,0,0,0,0,0,0,0,0,0,0
340376,2,1,1997,0,0,0,0,0,0,0,0,0,0
340377,1,1,1997,10,0,0,18,0,0,0,0,0,0
340378,0,1,1997,0,0,0,0,0,0,0,0,0,0
340378,1,1,1997,0,0,0,0,0,0,0,0,0,0
340379,1,1,1997,14,14,14,14,14,14,14,14,14,14
340380,0,1,1997,0,0,0,0,0,0,0,0,0,0
340380,1,1,1997,13,13,13,13,13,13,13,13,13,13
340381,1,1,1997,0,0,0,0,0,0,0,0,0,0
340381,2,1,1997,0,0,0,0,0,0,0,0,0,0
340382,0,1,1997,23,23,23,23,23,23,23,23,23,23
340382,1,1,1997,0,0,21,13,17,0,0,0,0,0
340383,1,1,1997,0,0,0,0,0,0,0,0,0,0
340384,1,1,1997,0,0,0,0,0,0,0,0,0,0
340384,2,1,1997,0,0,0,30,10,0,0,0,0,10
340385,0,1,1997,0,0,0,0,0,0,0,0,0,0
340385,1,1,1997,0,8,0,0,0,0,33,0,0,17
340386,1,1,1997,0,0,0,0,14,16,0,16,0,0
340386,2,1,1997,0,0,0,0,0,0,0,0,0,0
340387,1,1,1997,16,16,16,16,16,16,16,16,16,16
340388,1,1,1997,16,16,16,16,16,16,16,16,16,16
340389,0,1,1997,0,0,0,0,0,0,0,0,0,0
340389,1,1,1997,0,0,0,0,0,0,0,0,0,0
340390,1,1,1997,0,0,0,0,0,0,0,0,0,0
340391,1,1,1997,0,0,0,0,0,0,0,0,0,0
340391,2,1,1997,0,0,0,0,0,0,0,0,0,0
340392,1,1,1997,0,0,0,0,0,0,0,0,0,0
340392,2,1,1997,0,0,0,0,0,0,0,0,0,0
340393,1,1,1997,0,0,0,0,0,0,0,0,0,0
340395,1,1,1997,0,0,0,0,0,0,0,0,0,0
340396,1,1,1997,0,0,0,0,0,0,0,0,0,0
340396,2,1,1997,0,0,0,0,0,0,0,0,0,0
340396,3,1,1997,0,0,0,0,0,8,0,0,0,0
340397,0,1,1997,0,0,0,0,0,0,0,0,0,0
340397,1,1,1997,11,0,19,0,7,19,24,0,0,0
340397,2,1,1997,0,0,0,0,4,0,0,0,0,0
340397,3,1,1997,0,0,5,6,0,0,0,14,40,16
340398,1,1,1997,0,0,0,0,0,0,0,0,0,0
340398,2,1,1997,0,0,0,0,0,0,0,0,0,0
340398,3,1,1997,8,8,8,8,8,8,8,8,8,8
340399,1,1,1997,0,0,20,0,0,0,0,0,0,0
340400,0,1,1997,18,18,18,18,18,18,18,18,18,18
340400,1,1,1997,12,0,0,12,19,0,0,20,17,0
340401,1,1,1997,0,0,0,0,0,0,0,0,0,0
340401,2,1,1997,0,0,0,0,0,0,0,0,0,0
340401,3,1,1997,0,0,0,0,0,0,0,0,0,0
340402,0,1,1997,7,7,7,7,7,7,7,7,7,7
340402,1,1,1997,0,0,0,0,0,19,0,0,20,0
340402,2,1,1997,0,0,0,10,0,0,3,0,8,24
340403,1,1,1997,0,0,0,0,0,0,0,0,0,0
340403,2,1,1997,0,0,0,0,0,0,0,0,0,0
340404,1,1,1997,0,13,0,0,0,0,0,0,0,0
340405,1,1,1997,0,0,0,0,0,0,0,0,0,0
340405,2,1,1997,0,0,14,0,0,0,0,0,0,0
340405,3,1,1997,0,0,0,0,0,0,0,0,0,0
340406,1,1,1997,0,0,0,0,0,0,0,0,16,0
340406,2,1,1997,0,0,0,11,0,0,0,0,0,0
340407,1,1,1997,0,0,0,0,0,0,0,0,0,0
340407,2,1,1997,19,0,0,0,0,0,0,0,0,0
340408,1,1,1997,0,0,0,0,0,0,0,0,15,0
340408,2,1,1997,0,0,0,0,0,0,0,0,0,0
340409,1,1,1997,0,0,0,0,0,0,0,0,0,0
340409,2,1,1997,0,0,0,0,0,0,0,0,0,0
340410,0,1,1997,20,20,20,20,20,20,20,20,20,20
340410,1,1,1997,21,0,0,13,0,11,16,0,0,0
340411,1,1,1997,10,10,10,10,10,10,10,10,10,10
340412,1,1,1997,1,1,1,1,1,1,1,1,1,1
340412,2,1,1997,0,0,0,0,0,0,0,0,10,2
340413,0,1,1997,23,23,23,23,23,23,23,23,23,23
340413,1,1,1997,0,0,0,0,0,0,0,0,0,0
340414,1,1,1997,0,0,0,0,0,0,0,0,0,0
340414,2,1,1997,0,0,0,0,0,0,0,0,0,0
340415,0,1,1997,0,0,0,0,0,0,0,0,0,0
340415,1,1,1997,0,0,0,0,0,0,0,0,0,0
340416,1,1,1997,0,0,0,0,0,0,0,0,0,0
340417,1,1,1997,0,0,0,0,0,0,0,0,0,0
340417,2,1,1997,0,0,10,0,0,0,0,0,0,0
340418,1,1,1997,0,0,0,0,0,0,0,0,0,0
340418,2,1,1997,0,0,0,0,0,0,0,0,0,0
340419,1,1,1997,0,0,0,0,0,0,0,0,0,0
340419,2,1,1997,0,0,0,0,0,0,0,0,0,0
340420,1,1,1997,0,0,0,0,17,0,5,0,0,0
340420,2,1,1997,0,0,0,0,0,0,0,13,0,0
340421,1,1,1997,0,0,0,0,0,0,0,0,0,0
340421,2,1,1997,0,0,0,0,0,0,0,0,0,0
340422,0,1,1997,0,0,0,0,0,0,0,0,0,0
340422,1,1,1997,0,0,0,0,0,0,0,0,0,0
340423,1,1,1997,0,0,0,0,0,0,0,0,0,0
340425,1,1,1997,15,15,15,15,15,15,15,15,15,15
340426,1,1,1997,0,0,0,0,0,0,0,0,0,0
340427,1,1,1997,0,0,0,0,0,0,0,0,0,0
340427,2,1,1997,16,0,0,0,0,0,0,0,0,0
340427,3,1,1997,5,5,5,5,5,5,5,5,5,5
340428,1,1,1997,0,0,0,0,0,0,0,0,0,0
340429,1,1,1997,20,20,20,20,20,20,20,20,20,20
340430,1,1,1997,0,0,0,0,0,0,0,0,0,0
340430,2,1,1997,11,11,11,11,11,11,11,11,11,11
340431,1,1,1997,0,0,0,0,0,0,0,0,0,0
340431,2,1,1997,0,0,0,0,0,0,0,0,0,0
340432,1,1,1997,17,17,17,17,17,17,17,17,17,17
340433,1,1,1997,0,16,0,0,29,0,0,16,0,0
340434,1,1,1997,0,0,0,0,0,0,0,0,0,0
340434,2,1,1997,0,0,0,0,0,0,0,0,0,0
340435,1,1,1997,7,7,7,7,7,7,7,7,7,7
340435,2,1,1997,0,0,0,0,0,0,0,0,0,0
340436,1,1,1997,0,0,0,0,0,0,0,0,0,0
340437,1,1,1997,12,12,12,12,12,12,12,12,12,12
340438,1,1,1997,0,0,0,0,0,0,0,0,0,0
340439,0,1,1997,0,0,0,0,0,0,0,0,0,0
340439,1,1,1997,12,0,0,0,0,8,0,29,0,0
340440,1,1,1997,0,0,0,0,0,0,0,0,10,0
340440,2,1,1997,0,0,0,0,0,0,0,0,0,0
340440,3,1,1997,0,0,0,0,0,0,0,0,0,0
340441,0,1,1997,0,0,13,0,0,0,0,0,0,20
340441,1,1,1997,0,0,0,0,0,0,0,0,0,0
340442,1,1,1997,0,0,0,0,0,0,0,0,0,0
340442,2,1,1997,0,0,0,0,0,0,0,0,0,0
340443,1,1,1997,0,0,0,0,0,0,0,0,0,0
340444,0,1,1997,29,29,29,29,29,29,29,29,29,29
340444,1,1,1997,0,19,0,0,0,0,0,0,0,0
340445,0,1,1997,14,0,0,0,0,46,0,29,0,0
340445,1,1,1997,0,0,0,0,0,0,0,0,0,0
340446,1,1,1997,0,0,0,0,0,0,0,0,0,0
340447,1,1,1997,0,0,0,0,0,0,0,0,0,0
340447,2,1,1997,0,0,0,0,0,0,0,0,0,0
340447,3,1,1997,0,0,0,0,0,0,0,0,0,0
340448,0,1,1997,0,0,0,0,0,0,0,0,0,0
340448,1,1,1997,0,0,0,0,0,0,0,0,0,0
340449,1,1,1997,0,0,0,0,0,0,0,0,0,0
340450,1,1,1997,0,0,0,0,0,0,0,0,0,0
340450,2,1,1997,0,0,0,0,0,0,0,0,0,0
340451,1,1,1997,0,10,0,0,0,0,0,0,15,0
340452,0,1,1997,0,0,0,0,0,0,0,0,0,0
340452,1,1,1997,0,6,0,0,0,0,9,0,0,0
340453,0,1,1997,0,0,0,0,0,0,0,0,0,0
340453,1,1,1997,0,0,0,0,0,0,0,0,0,0
340454,1,1,1997,0,0,0,0,0,0,0,0,0,0
340454,2,1,1997,22,22,22,22,22,22,22,22,22,22
340455,0,1,1997,0,0,0,0,0,0,0,0,0,0
340455,1,1,1997,0,0,0,0,0,5,0,0,0,0
340456,1,1,1997,25,25,25,25,25,25,25,25,25,25
340457,1,1,1997,0,0,0,0,0,0,0,0,0,0
340458,1,1,1997,0,0,0,0,0,0,0,0,0,0
340458,2,1,1997,19,19,19,19,19,19,19,19,19,19
340459,0,1,1997,0,0,0,0,0,0,0,0,0,0
340459,1,1,1997,0,0,0,0,0,0,0,0,0,0
340460,0,1,1997,9,9,9,9,9,9,9,9,9,9
340460,0,2,1997,0,5,0,23,0,0,0,0,0,0
340460,1,1,1997,0,0,0,0,0,0,5,0,0,0
340460,2,1,1997,10,10,10,10,10,10,10,10,10,10
340461,1,1,1997,0,0,0,0,0,0,0,0,0,0
340461,2,1,1997,0,0,0,0,0,0,5,0,0,0
340462,1,1,1997,0,0,0,0,0,0,0,0,0,0
340463,1,1,1997,24,5,21,0,8,12,0,0,0,0
340464,1,1,1997,0,0,0,0,0,0,0,0,0,0
340464,2,1,1997,0,0,0,7,0,0,0,0,0,0
340465,1,1,1997,0,0,0,0,0,0,0,0,0,0
340465,2,1,1997,14,0,0,27,5,0,0,12,10,15
340465,3,1,1997,0,0,0,0,0,0,14,5,0,14
340466,1,1,1997,18,0,0,0,4,0,17,18,14,6
340467,1,1,1997,0,0,11,0,0,0,0,5,0,0
340467,2,1,1997,0,0,0,0,0,0,0,0,0,0
340467,3,1,1997,0,0,0,0,0,0,0,0,0,4
340468,1,1,1997,0,0,0,0,0,0,0,0,0,0
340468,2,1,1997,0,0,0,0,0,0,0,0,0,0
340469,1,1,1997,0,0,0,0,0,0,0,0,0,0
340469,2,1,1997,0,31,0,0,0,0,0,0,0,0
340469,3,1,1997,0,0,0,0,0,0,0,0,0,18
340470,1,1,1997,0,0,0,0,0,0,0,0,0,0
340470,2,1,1997,0,0,0,0,0,0,0,0,0,0
340471,0,1,1997,0,0,0,0,0,0,0,0,0,0
340471,1,1,1997,15,15,15,15,15,15,15,15,15,15
340472,0,1,1997,22,22,22,22,22,22,22,22,22,22
340472,1,1,1997,0,0,18,0,0,0,16,13,0,0
340473,1,1,1997,0,0,0,0,0,0,0,0,0,0
340475,1,1,1997,37,27,14,33,19,21,0,21,0,19
340476,1,1,1997,0,0,0,0,19,0,0,0,0,0
340477,0,1,1997,0,0,0,0,0,0,0,0,0,0
340477,1,1,1997,16,0,19,0,22,0,0,0,0,0
340478,0,1,1997,4,4,4,4,4,4,4,4,4,4
340478,0,2,1997,1,1,1,1,1,1,1,1,1,1
340478,1,1,1997,0,0,0,0,0,0,0,0,0,0
340479,1,1,1997,0,0,0,0,18,0,0,0,0,0
340479,2,1,1997,0,0,0,0,0,0,0,0,0,0
340480,1,1,1997,0,0,0,0,0,0,0,0,0,0
340480,2,1,1997,0,0,0,0,0,0,0,0,0,0
340481,1,1,1997,28,28,28,28,28,28,28,28,28,28
340482,1,1,1997,0,0,0,0,0,0,0,0,0,0
340483,1,1,1997,0,0,0,0,0,0,0,0,0,0
340483,2,1,1997,0,0,0,0,0,0,0,0,0,0
340484,1,1,1997,0,0,0,0,0,0,0,0,0,0
340484,2,1,1997,0,0,0,0,0,0,0,0,0,0
340485,0,1,1997,0,0,0,0,0,0,0,0,0,0
340485,1,1,1997,0,0,0,0,0,0,0,0,0,0
340486,1,1,1997,0,0,0,0,0,0,0,0,0,0
340486,2,1,1997,0,0,0,0,0,0,0,0,0,0
340487,0,1,1997,0,0,0,0,0,0,0,0,0,0
340487,1,1,1997,0,0,0,0,0,0,0,0,0,0
340488,1,1,1997,0,0,0,0,0,0,0,0,0,0
340488,2,1,1997,27,27,27,27,27,27,27,27,27,27
340489,1,1,1997,0,15,0,8,6,0,5,18,6,16
340489,2,1,1997,0,10,0,0,12,0,15,0,13,7
340490,0,1,1997,0,0,0,0,0,0,0,0,0,0
340490,1,1,1997,0,28,0,15,0,0,0,0,0,6
340491,0,1,1997,0,0,0,0,0,0,0,0,0,0
340491,1,1,1997,0,10,0,0,0,0,0,0,0,0
340493,1,1,1997,10,0,0,0,0,0,12,0,0,10
340494,0,1,1997,3,3,3,3,3,3,3,3,3,3
340494,1,1,1997,8,8,8,8,8,8,8,8,8,8
340494,2,1,1997,0,0,0,0,0,0,0,0,0,0
340495,1,1,1997,0,0,0,0,0,0,0,0,0,0
340495,2,1,1997,0,0,0,0,0,0,0,0,1,0
340496,1,1,1997,6,6,6,6,6,6,6,6,6,6
340496,2,1,1997,0,0,0,0,0,0,0,0,0,0
340497,0,1,1997,0,0,0,0,0,0,0,0,0,0
340497,1,1,1997,0,0,0,0,0,0,0,0,0,0
340498,1,1,1997,0,0,0,0,0,0,0,0,0,0
340498,2,1,1997,0,0,0,0,0,0,0,0,0,0
340499,0,1,1997,0,0,0,0,0,0,0,0,0,0
340499,1,1,1997,0,0,0,0,0,0,0,0,0,0
340500,1,1,1997,0,0,0,0,0,0,0,0,0,0
340500,2,1,1997,0,0,0,0,0,0,0,0,0,0
340500,3,1,1997,0,0,0,0,0,0,0,0,0,0
340501,1,1,1997,1,1,1,1,1,1,1,1,1,1
340501,2,1,1997,0,0,0,0,0,0,0,0,0,0
340502,1,1,1997,0,0,0,0,0,0,0,0,0,0
340502,2,1,1997,0,0,0,0,0,0,0,0,0,0
340502,3,1,1997,0,0,0,0,0,0,0,0,0,16
340503,1,1,1997,0,0,0,0,0,0,0,0,0,0
340504,1,1,1997,0,0,19,0,0,0,0,0,0,4
340504,2,1,1997,28,28,28,28,28,28,28,28,28,28
340505,1,1,1997,0,0,0,0,0,0,0,0,0,0
340505,2,1,1997,0,0,0,0,0,0,0,0,0,0
340505,3,1,1997,0,0,0,11,0,3,0,0,0,0
340506,1,1,1997,30,30,30,30,30,30,30,30,30,30
340506,2,1,1997,7,7,7,7,7,7,7,7,7,7
340506,3,1,1997,0,30,0,0,0,0,0,0,0,5
340507,1,1,1997,0,0,0,0,0,0,0,0,0,0
340508,1,1,1997,0,0,0,0,0,0,0,0,0,0
340509,0,1,1997,0,0,0,0,0,0,0,0,0,0
340509,0,2,1997,0,0,0,22,21,0,0,24,0,0
340509,1,1,1997,0,0,29,0,0,0,0,15,0,0
340510,1,1,1997,0,0,0,0,0,0,0,0,0,0
340510,2,1,1997,2,2,2,2,2,2,2,2,2,2
340511,1,1,1997,0,0,0,0,0,0,0,0,0,0
340513,1,1,1997,0,0,0,0,0,0,0,0,0,0
340513,2,1,1997,3,3,3,3,3,3,3,3,3,3
340514,1,1,1997,11,11,11,11,11,11,11,11,11,11
340515,1,1,1997,0,0,0,0,0,0,17,0,0,0
340515,2,1,1997,0,0,0,0,0,0,0,0,0,0
340516,1,1,1997,0,0,0,0,0,0,0,0,0,0
340517,1,1,1997,0,0,0,0,0,0,0,0,0,0
340517,2,1,1997,0,0,12,0,0,0,0,0,0,0
340518,1,1,1997,0,0,0,13,0,0,0,0,0,0
340518,2,1,1997,0,0,0,0,0,0,0,0,0,0
340519,1,1,1997,0,0,0,0,0,0,0,0,0,0
340519,2,1,1997,0,0,0,0,0,0,0,0,0,0
340520,1,1,1997,0,0,0,0,0,0,0,0,0,0
340521,1,1,1997,0,0,0,0,0,0,0,0,0,0
340521,2,1,1997,0,0,0,0,0,0,0,0,0,0
340522,2,1,1997,0,0,0,0,0,0,0,0,0,0
340522,3,1,1997,0,0,0,0,0,0,0,0,0,0
340523,1,1,1997,0,0,0,14,0,0,6,0,0,0
340523,2,1,1997,0,0,0,0,0,0,0,0,0,0
340523,3,1,1997,0,0,0,0,0,0,0,0,0,0
340523,4,1,1997,0,0,0,0,0,0,0,0,0,0
340523,5,1,1997,0,0,0,0,0,0,0,0,0,8
340524,1,1,1997,0,0,0,0,0,0,0,0,0,0
340524,2,1,1997,0,0,0,0,0,0,0,0,0,0
340525,1,1,1997,14,0,0,0,0,0,0,0,0,0
340525,2,1,1997,0,0,0,0,0,0,0,0,0,0
340525,3,1,1997,0,0,0,0,0,0,0,0,0,0
340525,4,1,1997,0,0,0,0,0,0,0,0,0,0
340526,0,1,1997,0,0,0,0,0,0,0,0,0,0
340526,1,1,1997,0,0,0,0,8,0,0,0,0,0
340526,2,1,1997,0,0,0,0,0,0,0,0,0,0
340527,1,1,1997,0,0,0,0,0,0,0,0,0,0
340527,2,1,1997,0,0,0,0,18,18,0,12,0,0
340528,1,1,1997,11,11,11,11,11,11,11,11,11,11
340529,0,1,1997,0,0,0,0,0,0,0,0,0,0
340529,1,1,1997,0,0,0,0,0,0,0,0,0,0
340530,0,1,1997,0,0,0,0,0,0,0,0,0,0
340530,1,1,1997,13,4,16,10,21,8,3,25,5,10
340531,1,1,1997,0,0,0,0,0,0,0,0,0,0
340531,2,1,1997,0,0,0,0,0,0,0,0,0,0
340531,3,1,1997,0,0,5,0,0,24,0,0,0,0
340532,1,1,1997,0,0,0,0,0,0,0,0,0,0
340533,1,1,1997,0,0,0,0,0,0,0,14,0,0
340533,2,1,1997,3,3,3,3,3,3,3,3,3,3
340533,3,1,1997,0,0,0,0,0,0,0,0,0,0
340533,4,1,1997,0,0,0,0,0,0,0,0,0,0
340534,1,1,1997,0,0,0,0,0,0,0,0,0,0
340535,1,1,1997,15,15,15,15,15,15,15,15,15,15
340536,1,1,1997,15,15,15,15,15,15,15,15,15,15
340536,2,1,1997,0,0,0,0,0,0,0,0,0,0
340536,3,1,1997,0,12,0,5,0,25,0,0,28,0
340537,1,1,1997,0,0,0,0,0,0,0,0,0,0
340537,2,1,1997,0,0,0,0,0,0,0,0,0,0
340538,1,1,1997,24,24,24,24,24,24,24,24,24,24
340540,1,1,1997,0,0,0,0,0,0,0,0,0,0
340540,2,1,1997,0,0,0,0,0,0,0,0,0,0
340540,3,1,1997,0,0,0,0,0,0,0,0,0,0
340541,1,1,1997,0,0,0,0,0,0,0,0,10,0
340543,1,1,1997,0,0,0,0,0,0,0,0,0,0
340543,2,1,1997,0,0,0,0,0,0,0,0,0,0
340544,0,1,1997,0,0,0,0,0,0,0,0,0,0
340544,1,1,1997,0,0,0,0,0,0,0,0,0,0
340545,0,1,1997,2,2,2,2,2,2,2,2,2,2
340545,0,2,1997,0,0,0,0,23,0,0,0,40,0
340545,1,1,1997,0,0,0,0,0,0,0,0,0,0
340546,1,1,1997,0,0,0,0,0,0,0,0,0,0
340547,1,1,1997,0,0,0,0,0,0,0,0,0,0
340548,1,1,1997,0,0,0,0,0,0,0,0,0,0
340549,1,1,1997,0,0,0,0,0,0,0,0,0,0
340549,2,1,1997,0,0,0,0,0,0,0,0,0,0
340550,1,1,1997,0,0,0,0,0,0,0,0,0,0
340550,2,1,1997,0,0,0,0,5,0,0,0,23,0
340551,1,1,1997,0,0,0,0,0,0,0,0,0,0
340551,2,1,1997,0,0,0,0,0,0,0,0,0,0
340551,3,1,1997,6,6,6,6,6,6,6,6,6,6
340552,0,1,1997,0,0,0,0,0,0,0,0,0,0
340552,1,1,1997,10,10,10,10,10,10,10,10,10,10
340553,0,1,1997,0,0,0,0,0,0,0,0,0,0
340553,0,2,1997,18,0,26,15,11,0,29,14,16,0
340553,1,1,1997,0,0,0,0,0,0,0,0,0,0
340555,1,1,1997,0,0,0,0,0,0,0,0,0,0
340555,2,1,1997,0,0,0,0,0,14,0,4,0,0
340556,1,1,1997,0,0,0,0,0,0,0,0,0,0
340556,2,1,1997,0,0,0,0,0,0,0,0,0,0
340557,1,1,1997,0,0,0,0,0,0,0,0,0,0
340557,2,1,1997,0,0,0,0,0,17,0,0,0,0
340558,0,1,1997,0,0,0,0,0,0,0,0,0,0
340558,1,1,1997,0,0,0,0,0,0,0,0,0,0
340559,1,1,1997,25,25,25,25,25,25,25,25,25,25
340560,0,1,1997,0,0,0,0,0,0,0,0,0,0
340560,1,1,1997,0,0,0,0,0,0,0,0,0,0
340561,1,1,1997,62,62,62,62,62,62,62,62,62,62
340562,1,1,1997,0,0,0,0,0,0,0,0,0,0
340562,2,1,1997,0,0,0,0,0,0,0,0,0,0
340563,1,1,1997,39,39,39,39,39,39,39,39,39,39
340564,1,1,1997,0,0,0,0,0,0,0,0,0,0
340564,2,1,1997,0,0,0,0,0,0,0,0,0,0
340565,1,1,1997,0,0,0,0,0,0,0,0,0,0
340565,2,1,1997,0,0,0,0,0,0,20,0,0,0
340566,1,1,1997,0,0,0,0,0,0,0,0,0,0
340566,2,1,1997,0,0,0,0,0,0,0,0,0,0
340567,1,1,1997,1,1,1,1,1,1,1,1,1,1
340568,1,1,1997,33,33,33,33,33,33,33,33,33,33
340569,1,1,1997,0,0,0,0,0,0,0,0,0,0
340569,2,1,1997,0,0,0,0,0,0,0,0,0,0
340570,1,1,1997,0,0,0,0,0,0,0,0,0,0
340570,2,1,1997,0,0,0,0,0,0,0,0,0,0
340571,1,1,1997,0,0,0,0,0,0,0,0,0,0
340571,2,1,1997,0,0,0,0,0,0,0,0,0,0
340572,1,1,1997,23,0,0,0,0,32,0,0,0,0
340572,2,1,1997,0,0,0,0,0,0,0,0,0,0
340573,1,1,1997,0,0,0,0,0,0,13,9,0,0
340574,1,1,1997,1,1,1,1,1,1,1,1,1,1
340574,2,1,1997,0,0,0,0,0,0,0,0,0,0
340575,0,1,1997,25,25,25,25,25,25,25,25,25,25
340575,1,1,1997,0,0,0,0,0,0,0,0,0,0
340576,1,1,1997,32,32,32,32,32,32,32,32,32,32
340577,1,1,1997,0,0,0,0,0,0,0,0,0,0
340578,1,1,1997,21,21,21,21,21,21,21,21,21,21
340579,1,1,1997,0,0,0,0,0,0,0,0,0,0
340579,2,1,1997,0,0,0,0,0,0,0,0,0,0
340580,1,1,1997,0,15,0,0,23,11,15,0,0,13
340580,2,1,1997,18,18,18,18,18,18,18,18,18,18
340581,1,1,1997,0,0,0,0,0,0,0,0,0,0
340582,1,1,1997,0,0,0,0,0,0,0,0,0,0
340583,0,1,1997,0,0,0,0,0,0,0,0,0,0