ST_CASE,VEH_NO,PER_NO,YEAR,P1,P2,P3,P4,P5,P6,P7,P8,P9,P10
350120,1,1,1997,0,0,0,0,0,0,0,0,0,0
350121,1,1,1997,19,19,19,19,19,19,19,19,19,19
350122,1,1,1997,0,0,0,0,0,0,0,0,0,0
350122,2,1,1997,0,0,0,0,0,0,0,0,0,0
350123,1,1,1997,0,0,0,0,0,0,0,0,0,0
350123,2,1,1997,0,0,0,0,0,0,0,0,0,0
350124,1,1,1997,0,0,0,0,0,0,0,0,0,2
350125,1,1,1997,0,0,0,0,0,0,0,0,0,0
350126,1,1,1997,0,0,0,0,0,0,0,0,0,0
350126,2,1,1997,0,0,0,0,0,0,0,0,0,0
350127,1,1,1997,0,0,0,0,0,0,0,0,0,0
350128,1,1,1997,15,15,15,15,15,15,15,15,15,15
350128,2,1,1997,0,0,0,0,0,0,0,0,0,0
350129,0,1,1997,0,0,0,0,0,0,0,0,0,0
350129,1,1,1997,0,0,0,0,0,0,0,0,0,0
350130,1,1,1997,0,0,0,0,0,0,0,0,0,0
350131,1,1,1997,0,0,0,0,0,0,0,0,0,0
350132,1,1,1997,0,0,0,0,0,0,0,0,0,0
350133,1,1,1997,0,0,0,0,0,0,0,0,0,0
350134,0,1,1997,0,6,36,27,11,14,25,14,15,0
350134,1,1,1997,0,0,0,0,0,0,0,0,0,0
350135,1,1,1997,8,8,8,8,8,8,8,8,8,8
350136,1,1,1997,0,0,0,0,0,0,0,0,0,0
350137,1,1,1997,7,7,28,29,16,7,3,12,21,10
350137,2,1,1997,0,0,0,0,0,0,0,0,0,0
350138,1,1,1997,0,0,0,0,0,0,0,0,0,0
350138,2,1,1997,13,13,13,13,13,13,13,13,13,13
350139,1,1,1997,0,0,0,0,0,0,0,0,0,0
350140,1,1,1997,20,20,20,20,20,20,20,20,20,20
350140,2,1,1997,0,0,0,0,0,0,0,0,18,0
350140,3,1,1997,0,0,0,0,0,0,0,0,0,0
350141,1,1,1997,0,0,0,0,0,0,0,0,0,0
350142,1,1,1997,0,0,0,0,0,0,0,0,0,0
350143,1,1,1997,23,23,23,23,23,23,23,23,23,23
350144,1,1,1997,0,0,0,0,0,0,0,0,0,0
350144,2,1,1997,0,0,0,0,0,0,0,0,0,0
350145,1,1,1997,0,0,0,0,0,0,0,0,6,0
350146,0,1,1997,0,0,0,0,0,0,0,0,0,0
350146,1,1,1997,0,0,0,14,0,0,0,0,0,0
350147,1,1,1997,0,0,0,0,0,0,0,0,0,0
350147,2,1,1997,0,0,0,0,0,0,0,0,0,0
350148,1,1,1997,0,0,0,0,0,0,0,0,0,0
350149,1,1,1997,28,28,28,28,28,28,28,28,28,28
350150,1,1,1997,0,0,0,0,0,0,0,0,0,0
350150,2,1,1997,0,0,0,0,0,0,0,0,0,0
350151,1,1,1997,26,26,26,26,26,26,26,26,26,26
350152,0,1,1997,0,0,0,0,0,0,0,0,0,0
350152,0,2,1997,0,0,0,0,0,0,0,0,0,0
350152,0,3,1997,0,26,0,0,0,0,0,0,0,0
350152,1,1,1997,0,0,0,0,0,0,0,0,0,0
350152,4,1,1997,0,0,0,0,0,0,0,0,0,0
350152,5,1,1997,0,0,0,0,0,0,0,0,0,0
350152,6,1,1997,0,0,0,0,0,0,0,0,0,0
350152,7,1,1997,0,0,0,0,0,0,0,0,0,0
350152,8,1,1997,0,0,0,0,0,0,0,0,0,0
350152,9,1,1997,0,0,0,0,0,0,0,0,0,0
350153,1,1,1997,0,0,0,0,0,0,0,0,0,0
350153,2,1,1997,0,0,0,0,0,0,0,0,0,0
350153,3,1,1997,0,0,0,0,0,0,11,0,0,0
350154,1,1,1997,4,4,4,4,4,4,4,4,4,4
350155,1,1,1997,0,0,0,0,0,0,0,0,0,0
350156,1,1,1997,1,1,1,1,1,1,1,1,1,1
350157,0,1,1997,24,24,24,24,24,24,24,24,24,24
350157,1,1,1997,0,0,0,0,0,0,0,0,0,0
350158,1,1,1997,0,0,0,0,0,0,0,0,0,0
350159,1,1,1997,0,0,0,0,0,0,0,0,0,0
350159,2,1,1997,0,0,0,0,0,0,0,0,0,0
350160,1,1,1997,18,18,18,18,18,18,18,18,18,18
350160,2,1,1997,21,0,25,0,0,0,0,25,0,0
350161,0,1,1997,0,0,0,0,0,0,0,0,0,0
350161,1,1,1997,0,0,0,0,0,0,0,0,0,0
350162,0,1,1997,32,32,32,32,32,32,32,32,32,32
350162,1,1,1997,0,0,0,0,0,0,0,0,0,0
350163,1,1,1997,0,0,0,0,0,0,0,0,0,0
350164,1,1,1997,0,0,0,0,0,0,0,0,0,0
350164,2,1,1997,0,0,0,0,0,0,0,0,0,0
350165,0,1,1997,0,17,25,0,23,31,14,18,26,22
350165,0,2,1997,0,0,0,0,0,0,0,0,0,0
350165,1,1,1997,0,0,0,0,0,0,0,0,0,0
350166,1,1,1997,16,0,17,15,14,12,9,15,23,11
350167,0,1,1997,30,15,19,12,20,49,0,9,25,19
350167,1,1,1997,0,0,0,0,0,0,0,0,0,0
350168,1,1,1997,0,0,0,0,0,0,0,0,0,0
350168,2,1,1997,0,0,0,0,0,0,0,0,0,0
350169,1,1,1997,21,21,21,21,21,21,21,21,21,21
350170,1,1,1997,0,0,0,0,0,0,0,0,0,0
350170,2,1,1997,0,0,0,0,0,0,0,0,0,0
350171,1,1,1997,0,0,0,0,0,0,0,0,0,0
350172,1,1,1997,0,0,0,0,0,0,0,0,0,0
350172,2,1,1997,0,0,0,0,0,0,0,0,0,0
350173,1,1,1997,0,0,0,0,0,19,0,0,0,0
350174,1,1,1997,0,0,0,0,0,0,0,0,0,0
350175,1,1,1997,16,16,16,16,16,16,16,16,16,16
350176,1,1,1997,0,0,0,0,0,0,0,0,0,0
350176,2,1,1997,0,0,0,0,0,0,0,0,0,0
350176,3,1,1997,0,0,0,0,0,0,0,0,0,0
350177,0,1,1997,0,0,0,0,0,0,0,0,0,0
350177,1,1,1997,9,15,55,0,15,17,3,0,0,0
350178,1,1,1997,21,21,21,21,21,21,21,21,21,21
350179,1,1,1997,18,18,18,18,18,18,18,18,18,18
350180,1,1,1997,0,16,16,25,11,20,0,0,24,17
350181,1,1,1997,0,0,0,0,0,0,0,0,0,0
350182,1,1,1997,0,0,0,0,0,0,0,0,0,0
350182,2,1,1997,0,0,0,0,0,0,0,0,0,0
350183,1,1,1997,3,3,3,3,3,3,3,3,3,3
350184,1,1,1997,6,6,6,6,6,6,6,6,6,6
350185,1,1,1997,0,12,0,0,0,10,0,0,0,0
350185,2,1,1997,0,0,0,0,0,0,0,0,0,0
350186,1,1,1997,0,0,0,0,0,0,0,0,0,0
350187,1,1,1997,0,0,0,0,0,0,0,0,0,0
350188,1,1,1997,0,0,0,0,0,0,0,0,0,0
350188,2,1,1997,0,0,0,0,0,0,0,14,0,0
350189,1,1,1997,0,0,0,0,0,0,0,0,0,0
350190,0,1,1997,23,23,23,23,23,23,23,23,23,23
350190,1,1,1997,16,17,13,11,9,12,0,0,0,0
350191,1,1,1997,0,0,0,0,0,0,0,0,0,0
350191,2,1,1997,0,0,0,0,0,0,0,0,0,0
350192,1,1,1997,5,11,18,5,10,8,13,7,0,0
350193,1,1,1997,26,26,26,26,26,26,26,26,26,26
350193,2,1,1997,0,0,0,0,0,0,0,0,0,0
350194,1,1,1997,0,0,0,0,0,0,0,0,0,0
350194,2,1,1997,0,0,0,0,0,0,0,0,0,0
350195,1,1,1997,0,0,0,0,0,0,0,0,0,0
350195,2,1,1997,0,0,0,0,0,0,0,0,0,0
350196,1,1,1997,0,0,0,0,0,0,0,0,0,0
350197,0,1,1997,8,8,8,8,8,8,8,8,8,8
350197,1,1,1997,0,0,0,0,0,0,0,0,0,0
350198,1,1,1997,20,20,20,20,20,20,20,20,20,20
350199,1,1,1997,0,0,0,0,0,0,0,0,0,0
350200,1,1,1997,21,21,21,21,21,21,21,21,21,21
350201,1,1,1997,0,0,0,0,0,0,0,0,0,0
350201,2,1,1997,0,0,0,0,0,0,0,0,0,0
350202,1,1,1997,0,3,0,0,0,0,0,17,0,0
350202,2,1,1997,0,0,0,0,0,0,0,0,0,0
350203,1,1,1997,18,18,18,18,18,18,18,18,18,18
350204,1,1,1997,0,0,0,0,0,0,0,0,0,0
350204,2,1,1997,4,4,4,4,4,4,4,4,4,4
350205,1,1,1997,0,0,0,0,0,0,0,0,0,0
350206,1,1,1997,0,0,0,0,0,0,0,0,0,0
350207,1,1,1997,3,3,3,3,3,3,3,3,3,3
350207,2,1,1997,0,0,0,0,0,0,0,0,0,0
350208,1,1,1997,0,0,0,0,0,0,0,0,0,16
350208,2,1,1997,0,0,0,0,0,0,0,0,0,0
350209,1,1,1997,0,0,0,0,0,0,0,0,0,0
350210,1,1,1997,23,23,23,23,23,23,23,23,23,23
350211,1,1,1997,24,24,24,24,24,24,24,24,24,24
350211,2,1,1997,0,0,0,0,0,0,0,0,0,0
350212,0,1,1997,0,0,0,0,0,0,0,0,0,0
350212,1,1,1997,0,0,0,0,0,0,0,0,0,0
350213,1,1,1997,0,0,0,0,0,0,0,0,0,0
350214,1,1,1997,0,0,0,0,0,0,0,0,0,0
350214,2,1,1997,11,11,11,11,11,11,11,11,11,11
350215,0,1,1997,33,33,33,33,33,33,33,33,33,33
350215,1,1,1997,0,0,0,0,0,0,0,0,0,0
350216,1,1,1997,0,0,0,0,0,0,0,0,0,0
350217,1,1,1997,0,0,0,0,0,0,15,0,0,0
350218,1,1,1997,0,0,0,0,0,0,0,0,0,0
350218,2,1,1997,0,0,0,0,0,0,0,0,0,0
350219,1,1,1997,0,19,0,0,0,0,0,0,0,0
350220,1,1,1997,0,0,0,0,0,0,0,0,0,0
350220,2,1,1997,0,0,0,0,0,0,0,0,0,0
350221,0,1,1997,0,0,0,0,0,0,0,0,0,0
350221,1,1,1997,0,0,0,0,0,0,0,0,0,0
350222,1,1,1997,0,0,0,0,0,0,0,12,0,0
350223,1,1,1997,22,22,22,22,22,22,22,22,22,22
350224,1,1,1997,0,0,0,0,0,0,0,0,0,0
350224,2,1,1997,0,0,0,0,0,0,0,0,0,0
350225,1,1,1997,0,0,0,0,0,0,0,0,0,0
350226,1,1,1997,0,0,0,0,0,0,0,0,0,0
350227,1,1,1997,0,0,0,0,0,0,12,0,0,0
350227,2,1,1997,0,0,0,0,0,0,0,0,0,0
350228,1,1,1997,0,0,0,0,0,0,0,0,0,0
350229,1,1,1997,0,0,0,0,0,0,0,0,0,0
350229,2,1,1997,0,0,0,0,5,0,0,0,0,0
350230,1,1,1997,0,4,17,21,14,37,7,16,24,11
350231,1,1,1997,0,0,0,0,0,0,0,0,0,0
350232,1,1,1997,16,16,16,16,16,16,16,16,16,16
350233,0,1,1997,41,41,41,41,41,41,41,41,41,41
350233,1,1,1997,11,27,20,4,0,20,14,19,14,25
350234,1,1,1997,0,0,0,0,0,0,0,0,0,0
350235,0,1,1997,17,17,17,17,17,17,17,17,17,17
350235,1,1,1997,21,0,15,0,0,13,8,0,7,0
350235,2,1,1997,0,0,0,0,0,0,0,0,0,0
350235,3,1,1997,0,0,0,0,0,0,0,0,0,0
350236,1,1,1997,0,0,0,0,0,0,0,0,0,0
350237,1,1,1997,0,0,0,0,0,0,0,0,0,0
350238,1,1,1997,0,0,0,0,0,0,0,0,0,0
350238,2,1,1997,0,0,0,0,0,0,0,0,0,0
350239,1,1,1997,15,15,15,15,15,15,15,15,15,15
350239,2,1,1997,0,0,0,0,0,0,0,0,0,0
350240,1,1,1997,0,0,0,0,0,0,0,0,0,0
350240,2,1,1997,23,23,23,23,23,23,23,23,23,23
350241,1,1,1997,0,0,0,0,0,0,0,0,0,0
350241,2,1,1997,0,0,0,0,0,0,0,0,0,0
350242,0,1,1997,18,18,18,18,18,18,18,18,18,18
350242,1,1,1997,0,0,0,0,0,0,0,0,0,0
350243,1,1,1997,0,0,0,0,0,0,0,0,0,0
350244,1,1,1997,21,15,0,0,0,9,0,0,0,0
350245,1,1,1997,0,0,0,0,0,0,0,0,0,0
350246,1,1,1997,19,19,19,19,19,19,19,19,19,19
350247,1,1,1997,0,0,0,0,0,0,0,0,0,0
350247,2,1,1997,0,0,0,0,0,0,0,0,0,0
350247,3,1,1997,0,0,0,0,0,0,0,0,0,0
350248,0,1,1997,0,0,0,0,0,0,0,0,0,0
350248,1,1,1997,0,0,0,0,0,0,0,0,0,0
350249,1,1,1997,15,15,15,15,15,15,15,15,15,15
350250,0,1,1997,16,16,16,16,16,16,16,16,16,16
350250,1,1,1997,18,18,18,18,18,18,18,18,18,18
350251,1,1,1997,25,25,25,25,25,25,25,25,25,25
350252,1,1,1997,0,0,0,0,0,0,0,0,0,0
350252,2,1,1997,33,33,33,33,33,33,33,33,33,33
350253,1,1,1997,0,0,0,0,0,0,0,0,0,0
350254,0,1,1997,17,17,17,17,17,17,17,17,17,17
350254,1,1,1997,0,0,0,0,0,0,11,0,0,0
350255,1,1,1997,27,27,27,27,27,27,27,27,27,27
350256,1,1,1997,0,0,0,0,0,0,0,0,0,0
350256,2,1,1997,0,0,0,0,0,0,0,0,0,0
350257,1,1,1997,0,0,0,0,0,0,0,0,0,0
350257,2,1,1997,0,0,0,0,0,0,0,0,0,0
350258,1,1,1997,0,0,0,0,0,0,0,0,0,0
350259,1,1,1997,0,0,0,0,0,0,0,0,0,0
350259,2,1,1997,0,0,0,0,0,0,0,0,0,0
350260,0,1,1997,0,0,0,0,0,0,0,0,0,0
350260,1,1,1997,0,0,0,0,0,0,0,0,0,0
350261,1,1,1997,9,9,9,9,9,9,9,9,9,9
350262,1,1,1997,24,24,24,24,24,24,24,24,24,24
350262,2,1,1997,0,0,0,0,0,0,0,0,0,0
350263,1,1,1997,0,0,0,0,0,0,0,0,0,0
350263,2,1,1997,0,0,0,0,0,0,0,0,0,0
350264,1,1,1997,11,22,14,0,18,16,16,7,29,10
350264,2,1,1997,0,0,0,0,0,0,0,0,0,0
350265,0,1,1997,0,0,0,0,0,0,0,0,0,0
350265,1,1,1997,0,0,0,0,0,0,0,0,0,0
350266,1,1,1997,0,17,0,0,0,0,0,0,0,0
350267,1,1,1997,19,15,11,2,5,21,8,0,17,0
350267,2,1,1997,11,23,0,12,15,27,0,0,0,0
350268,0,1,1997,28,28,28,28,28,28,28,28,28,28
350268,1,1,1997,0,0,0,0,0,0,0,0,0,0
350269,1,1,1997,0,0,0,0,0,0,0,0,0,0
350270,1,1,1997,22,10,0,0,7,0,8,0,0,0
350271,0,1,1997,13,13,11,15,14,19,6,39,22,19
350271,1,1,1997,0,3,0,0,0,0,0,17,0,0
350272,1,1,1997,0,0,0,0,0,0,0,0,0,0
350273,1,1,1997,0,0,0,0,0,0,0,0,0,0
350273,2,1,1997,0,0,0,0,0,0,0,0,0,0
350274,0,1,1997,21,0,24,7,11,33,8,28,27,25
350274,1,1,1997,0,0,0,0,0,0,0,5,0,0
350275,1,1,1997,0,0,0,0,0,0,0,0,0,0
350276,0,1,1997,22,19,3,23,0,21,13,0,16,18
350276,1,1,1997,0,0,0,0,0,0,0,0,0,0
350277,1,1,1997,9,9,9,9,9,9,9,9,9,9
350277,2,1,1997,28,11,29,0,0,8,24,16,0,0
350278,1,1,1997,23,23,23,23,23,23,23,23,23,23
350279,1,1,1997,0,0,0,0,0,0,0,0,0,0
350279,2,1,1997,0,0,0,0,0,0,0,0,0,0
350280,1,1,1997,0,0,0,0,0,0,0,0,0,0
350280,2,1,1997,0,0,0,0,0,0,0,0,0,0
350281,1,1,1997,4,8,0,19,17,11,14,4,9,20
350282,1,1,1997,0,0,0,0,0,0,0,17,0,0
350282,2,1,1997,0,0,0,0,0,0,0,0,0,0
350283,1,1,1997,12,18,25,16,19,0,20,22,0,27
350283,2,1,1997,0,0,0,0,0,0,0,0,0,0
350284,1,1,1997,0,0,0,0,0,0,0,0,0,0
350284,2,1,1997,0,0,0,0,0,0,0,0,0,0
350285,1,1,1997,0,0,0,0,0,0,0,0,0,0
350285,2,1,1997,11,11,11,11,11,11,11,11,11,11
350286,0,1,1997,0,0,0,0,0,0,0,0,0,0
350286,1,1,1997,0,0,0,0,0,0,0,0,0,0
350287,1,1,1997,11,11,11,11,11,11,11,11,11,11
350288,1,1,1997,0,0,0,0,0,0,0,0,0,0
350288,2,1,1997,0,0,0,0,0,0,0,0,0,0
350289,0,1,1997,6,24,22,30,29,26,25,0,17,16
350289,1,1,1997,0,0,0,0,0,0,0,0,0,0
350290,1,1,1997,0,0,0,0,0,0,0,0,0,0
350290,2,1,1997,0,0,0,0,0,0,0,0,0,0
350290,3,1,1997,0,0,0,0,0,0,0,0,0,0
350290,4,1,1997,0,0,0,0,0,0,0,0,0,0
350290,5,1,1997,25,25,25,25,25,25,25,25,25,25
350291,1,1,1997,0,0,0,0,0,0,0,0,0,0
350291,2,1,1997,0,0,0,0,0,0,0,0,0,0
350291,3,1,1997,0,0,0,0,0,0,0,0,0,0
350291,4,1,1997,0,0,0,0,0,0,0,0,0,0
350292,1,1,1997,15,15,15,15,15,15,15,15,15,15
350292,2,1,1997,0,0,0,0,0,0,0,22,0,0
350293,1,1,1997,0,0,0,0,0,0,16,0,0,12
350293,2,1,1997,16,16,16,16,16,16,16,16,16,16
350293,3,1,1997,0,0,0,0,0,0,0,0,0,0
350294,1,1,1997,15,15,15,15,15,15,15,15,15,15
350295,1,1,1997,0,0,0,0,0,0,0,0,0,0
350296,1,1,1997,19,19,19,19,19,19,19,19,19,19
350296,2,1,1997,0,0,0,0,0,12,0,0,0,10
350297,1,1,1997,15,15,15,15,15,15,15,15,15,15
350298,1,1,1997,0,0,0,0,0,0,0,0,0,0
350299,1,1,1997,27,27,27,27,27,27,27,27,27,27
350300,1,1,1997,0,0,0,0,19,0,0,0,0,0
350300,2,1,1997,0,0,0,0,0,0,0,0,0,0
350301,1,1,1997,9,9,9,9,9,9,9,9,9,9
350302,0,1,1997,0,0,0,0,0,0,0,0,0,0
350302,1,1,1997,0,0,0,0,0,0,0,0,0,0
350303,0,1,1997,0,0,0,0,0,0,0,0,0,0
350303,1,1,1997,0,0,0,0,0,0,0,0,0,0
350304,1,1,1997,0,0,0,0,0,0,0,0,0,0
350304,2,1,1997,0,0,0,0,0,0,0,0,0,0
350305,0,1,1997,0,0,0,0,0,0,0,0,0,0
350305,1,1,1997,0,0,0,0,0,0,0,0,0,0
350306,1,1,1997,21,21,21,21,21,21,21,21,21,21
350306,2,1,1997,23,14,0,18,0,19,0,0,0,0
350307,1,1,1997,0,0,0,0,0,0,0,0,0,0
350308,1,1,1997,0,0,0,0,0,0,0,0,0,0
350309,0,1,1997,0,0,0,0,22,0,0,0,0,0
350309,1,1,1997,0,0,0,0,0,0,0,0,0,0
350309,2,1,1997,0,0,0,0,0,0,0,0,0,0
350310,1,1,1997,11,11,11,11,11,11,11,11,11,11
350310,2,1,1997,0,0,0,0,0,0,0,0,0,0
350310,3,1,1997,0,0,0,0,17,0,0,0,0,0
350311,1,1,1997,0,0,0,0,0,0,0,0,0,0
350311,2,1,1997,0,0,0,0,0,0,0,0,0,0
350311,3,1,1997,0,0,0,0,0,0,0,0,0,0
350312,0,1,1997,34,34,34,34,34,34,34,34,34,34
350312,1,1,1997,0,0,0,0,12,9,17,0,0,18
350313,1,1,1997,0,0,0,0,0,0,0,0,0,0
350313,2,1,1997,0,0,0,0,0,0,0,0,0,0
350314,1,1,1997,0,0,0,0,0,0,0,0,0,0
350314,2,1,1997,0,0,0,0,0,0,0,0,0,0
350315,1,1,1997,0,0,0,0,0,0,0,0,0,0
350316,1,1,1997,18,17,3,0,24,15,23,12,17,0
350317,1,1,1997,16,16,16,16,16,16,16,16,16,16
350318,1,1,1997,0,0,0,0,0,0,0,0,0,0
350319,1,1,1997,0,0,0,0,0,0,0,0,0,0
350320,1,1,1997,0,0,0,0,0,0,0,0,0,0
350321,1,1,1997,28,28,28,28,28,28,28,28,28,28
350322,0,1,1997,0,0,0,0,0,0,0,0,0,0
350322,1,1,1997,14,16,19,22,12,10,0,11,13,0
350323,1,1,1997,0,13,0,0,0,9,12,0,0,0
350323,2,1,1997,0,0,0,0,0,0,0,0,0,0
350324,1,1,1997,0,0,0,0,0,0,0,0,0,0
350325,1,1,1997,18,18,18,18,18,18,18,18,18,18
350326,0,1,1997,30,30,30,30,30,30,30,30,30,30
350326,1,1,1997,0,0,0,0,0,0,0,0,0,0
350327,1,1,1997,0,0,0,0,0,0,0,0,0,0
350328,1,1,1997,5,5,5,5,5,5,5,5,5,5
350329,1,1,1997,5,36,16,0,23,0,0,18,0,0
350330,1,1,1997,0,0,0,0,0,0,0,0,0,0
350330,2,1,1997,6,6,6,6,6,6,6,6,6,6
350331,1,1,1997,12,12,12,12,12,12,12,12,12,12
350332,1,1,1997,0,0,0,0,0,0,0,0,0,0
350333,1,1,1997,0,0,0,0,0,0,0,0,0,0
350333,2,1,1997,0,8,0,13,9,7,8,13,13,10
350334,0,1,1997,22,22,22,22,22,22,22,22,22,22
350334,1,1,1997,9,20,0,18,0,30,39,25,20,30
350335,1,1,1997,0,0,0,0,0,0,0,0,0,0
350336,1,1,1997,19,19,19,19,19,19,19,19,19,19
350337,1,1,1997,0,0,0,0,0,0,0,0,0,0
350338,1,1,1997,14,27,34,14,13,18,14,40,32,26
350339,1,1,1997,1,1,1,1,1,1,1,1,1,1
350340,1,1,1997,0,0,0,0,0,0,0,0,0,0
350341,1,1,1997,0,0,0,0,0,0,0,0,0,0
350342,0,1,1997,28,15,20,29,30,19,22,16,16,37
350342,1,1,1997,0,0,0,0,0,0,0,0,0,0
350343,1,1,1997,0,0,0,0,0,0,0,0,0,0
350343,2,1,1997,0,0,0,0,0,0,0,0,0,0
350344,0,1,1997,31,31,31,31,31,31,31,31,31,31
350344,1,1,1997,0,0,0,0,13,0,0,0,0,0
350345,1,1,1997,0,0,0,0,0,0,0,0,0,0
350346,1,1,1997,10,10,10,10,10,10,10,10,10,10
350347,1,1,1997,15,15,15,15,15,15,15,15,15,15
350348,1,1,1997,0,0,0,0,0,0,0,0,0,0
350349,1,1,1997,0,0,0,0,0,0,14,0,30,0
350349,2,1,1997,0,0,0,0,0,0,0,0,0,0
350350,1,1,1997,22,22,22,22,22,22,22,22,22,22
350351,1,1,1997,0,0,0,0,0,0,0,0,0,0
350351,2,1,1997,0,0,0,0,0,0,0,0,0,0
350352,0,1,1997,0,0,0,0,0,0,0,0,0,0
350352,1,1,1997,0,0,0,0,0,0,0,0,0,0
350353,1,1,1997,0,0,0,0,0,0,0,0,0,0
350354,1,1,1997,19,19,19,19,19,19,19,19,19,19
350355,1,1,1997,21,21,21,21,21,21,21,21,21,21
350356,1,1,1997,13,13,13,13,13,13,13,13,13,13
350356,2,1,1997,11,0,0,0,0,0,0,0,0,0
350357,0,1,1997,35,35,35,35,35,35,35,35,35,35
350357,1,1,1997,15,15,15,15,15,15,15,15,15,15
350358,1,1,1997,0,0,0,0,0,0,0,0,0,0
350358,2,1,1997,8,8,8,8,8,8,8,8,8,8
350359,1,1,1997,9,9,9,9,9,9,9,9,9,9
350360,1,1,1997,0,10,0,0,0,0,0,0,0,0
350360,2,1,1997,4,4,4,4,4,4,4,4,4,4
350361,1,1,1997,0,3,0,0,0,0,0,0,0,0
350361,2,1,1997,0,0,0,0,0,0,0,0,0,0
350361,3,1,1997,0,0,0,0,0,0,0,0,0,0
350362,1,1,1997,0,0,0,0,0,0,0,0,0,0
350362,2,1,1997,17,0,0,0,0,0,0,0,0,0
350363,1,1,1997,14,22,22,19,30,0,17,21,0,0
350364,1,1,1997,8,8,8,8,8,8,8,8,8,8
350365,0,1,1997,25,25,25,25,25,25,25,25,25,25
350365,1,1,1997,17,15,22,18,32,21,17,6,19,15
350366,1,1,1997,0,0,0,0,0,0,0,0,0,0
350366,2,1,1997,0,0,0,0,0,0,0,0,0,0
350367,1,1,1997,29,0,27,22,0,9,0,0,18,16
350368,1,1,1997,0,0,0,0,0,0,0,0,0,0
350368,2,1,1997,0,27,0,15,17,13,8,20,14,3
350369,1,1,1997,8,33,26,0,19,8,0,14,31,5
350370,1,1,1997,0,0,0,0,0,0,0,0,0,0
350370,2,1,1997,12,12,12,12,12,12,12,12,12,12
350371,1,1,1997,19,13,15,10,26,21,11,26,20,4
350372,1,1,1997,0,0,0,0,0,0,0,0,0,0
350372,2,1,1997,22,22,22,22,22,22,22,22,22,22
350373,1,1,1997,0,0,0,0,0,0,0,0,0,0
350373,2,1,1997,0,0,0,0,0,0,0,0,0,0
350374,1,1,1997,12,2,12,20,0,10,9,19,12,17
350375,1,1,1997,27,27,27,27,27,27,27,27,27,27
350375,2,1,1997,0,0,0,0,0,0,0,0,0,0
350376,1,1,1997,17,20,24,28,13,32,15,21,13,22
350377,1,1,1997,24,24,24,24,24,24,24,24,24,24
350377,2,1,1997,12,12,12,12,12,12,12,12,12,12
350378,1,1,1997,0,0,0,0,10,0,0,0,0,0
350378,2,1,1997,0,0,0,0,0,0,0,0,0,0
350379,1,1,1997,20,20,20,20,20,20,20,20,20,20
350380,0,1,1997,0,0,0,0,0,0,0,0,0,0
350380,1,1,1997,0,0,0,0,0,0,0,0,0,0
350381,1,1,1997,0,0,0,0,0,12,0,0,0,0
350381,2,1,1997,0,0,0,0,0,0,0,0,0,0
350381,3,1,1997,17,10,0,7,0,9,9,4,0,0
350382,1,1,1997,0,10,0,0,0,0,0,0,0,0
350383,1,1,1997,15,15,15,15,15,15,15,15,15,15
350384,0,1,1997,0,0,0,0,0,0,0,0,0,0
350384,1,1,1997,0,0,0,0,0,0,0,0,0,0
350385,1,1,1997,25,25,25,25,25,25,25,25,25,25
350386,1,1,1997,0,0,0,0,0,0,0,0,0,0
350386,2,1,1997,0,0,0,0,0,0,0,0,0,0
350387,0,1,1997,23,18,21,40,21,24,21,51,7,29
350387,1,1,1997,0,0,0,0,0,0,0,0,0,0
350388,1,1,1997,22,22,22,22,22,22,22,22,22,22
350389,1,1,1997,19,19,19,19,19,19,19,19,19,19
350390,1,1,1997,14,14,14,14,14,14,14,14,14,14
350390,2,1,1997,0,0,0,0,0,0,0,0,0,0
350391,1,1,1997,0,0,0,0,0,0,0,0,0,0
350392,1,1,1997,0,0,0,0,0,0,0,0,0,0
350392,2,1,1997,0,0,13,0,0,0,0,0,0,0
350392,3,1,1997,0,9,0,11,0,0,0,0,0,0
350393,0,1,1997,2,0,19,14,35,15,30,6,26,10
350393,1,1,1997,0,0,0,0,0,0,0,0,0,0
350394,0,1,1997,22,22,22,22,22,22,22,22,22,22
350394,1,1,1997,0,0,0,0,0,0,0,0,2,17
350395,1,1,1997,10,10,10,10,10,10,10,10,10,10
350396,1,1,1997,17,17,17,17,17,17,17,17,17,17
350397,0,1,1997,19,0,0,0,0,0,0,0,13,0
350397,1,1,1997,0,0,0,0,0,0,0,0,0,0
350398,1,1,1997,5,0,4,0,0,0,12,0,0,0
350399,1,1,1997,0,0,0,0,0,0,0,0,0,0
350399,2,1,1997,0,0,0,0,0,0,0,0,0,0