ST_CASE,VEH_NO,PER_NO,YEAR,P1,P2,P3,P4,P5,P6,P7,P8,P9,P10
360258,2,1,1997,0,0,0,0,25,0,0,30,0,0
360258,3,1,1997,0,0,0,23,0,0,0,0,0,0
360259,1,1,1997,0,0,0,0,0,0,0,0,0,0
360259,2,1,1997,0,0,0,0,0,0,0,0,0,0
360260,0,1,1997,0,0,19,0,0,26,0,0,0,0
360260,1,1,1997,0,0,0,0,0,0,0,0,0,0
360261,1,1,1997,0,0,0,0,0,0,0,0,0,0
360261,2,1,1997,0,14,0,0,0,0,0,0,0,0
360262,1,1,1997,0,0,0,0,0,0,0,0,0,0
360262,2,1,1997,0,0,0,0,0,0,0,0,0,0
360263,1,1,1997,0,0,0,0,0,0,0,0,0,0
360263,2,1,1997,0,0,0,0,0,0,2,0,0,0
360263,3,1,1997,26,0,0,0,0,0,0,0,0,0
360263,4,1,1997,0,0,0,0,0,0,0,0,0,0
360263,5,1,1997,0,0,0,0,0,0,0,0,0,0
360264,1,1,1997,0,0,0,0,0,18,0,0,0,0
360264,2,1,1997,0,0,0,0,0,0,0,0,0,0
360265,1,1,1997,12,0,0,0,0,12,0,24,0,0
360266,1,1,1997,0,0,0,0,0,0,0,0,0,0
360267,1,1,1997,0,0,0,0,0,0,0,0,0,0
360268,1,1,1997,0,0,0,8,0,0,19,14,0,0
360269,1,1,1997,1,1,1,1,1,1,1,1,1,1
360269,2,1,1997,0,0,0,0,0,0,0,0,0,0
360270,1,1,1997,0,0,0,0,0,0,0,0,0,0
360271,1,1,1997,0,18,9,0,0,0,7,0,0,0
360271,2,1,1997,0,0,0,0,0,0,0,0,0,0
360272,0,1,1997,0,0,19,20,0,0,0,18,0,0
360272,1,1,1997,0,0,0,0,0,0,0,0,0,0
360273,0,1,1997,38,0,20,0,0,0,0,0,23,0
360273,1,1,1997,0,0,0,0,0,0,0,0,0,0
360274,0,1,1997,0,36,21,3,22,0,0,0,0,20
360274,1,1,1997,0,0,0,0,0,0,0,0,0,0
360275,1,1,1997,22,4,18,24,3,30,29,11,17,0
360275,2,1,1997,9,0,0,15,18,8,0,16,21,8
360276,1,1,1997,7,0,0,0,0,0,0,12,0,0
360277,0,1,1997,40,19,16,35,0,37,13,0,0,36
360277,1,1,1997,0,10,15,0,0,0,0,0,14,7
360278,0,1,1997,0,12,16,16,0,3,0,9,0,0
360278,0,2,1997,0,0,0,0,0,0,0,0,0,0
360278,1,1,1997,0,8,0,0,0,0,12,18,0,0
360279,0,1,1997,34,20,0,0,0,0,0,8,23,0
360279,1,1,1997,0,0,0,0,0,0,0,0,0,0
360279,2,1,1997,0,0,0,0,25,0,0,0,0,0
360280,1,1,1997,0,0,0,0,0,0,0,0,0,0
360280,2,1,1997,0,0,0,0,0,0,0,0,0,0
360281,1,1,1997,0,0,0,0,0,0,0,0,0,0
360281,2,1,1997,0,0,0,0,0,0,0,0,0,0
360282,1,1,1997,0,0,0,0,0,0,0,0,0,0
360283,1,1,1997,9,16,9,21,9,10,7,0,24,33
360283,2,1,1997,0,16,0,0,14,0,0,10,0,17
360284,1,1,1997,0,0,0,0,0,0,0,0,0,0
360284,2,1,1997,0,0,0,0,0,0,0,0,0,0
360285,0,1,1997,17,0,25,0,0,5,20,26,0,0
360285,1,1,1997,0,0,13,0,0,0,0,0,0,0
360286,0,1,1997,20,17,26,22,9,29,22,5,32,22
360286,1,1,1997,9,0,23,0,0,0,22,0,0,0
360286,2,1,1997,6,0,4,8,0,0,9,0,0,0
360287,1,1,1997,12,16,15,16,21,0,8,10,33,11
360288,1,1,1997,0,0,0,0,0,0,0,0,0,0
360288,2,1,1997,0,0,0,0,0,0,0,0,0,0
360289,0,1,1997,0,0,0,18,0,0,0,0,0,0
360289,1,1,1997,0,0,0,0,0,0,0,0,0,0
360290,1,1,1997,0,0,0,0,0,0,0,0,0,0
360291,1,1,1997,0,0,0,0,0,0,0,0,0,0
360292,0,1,1997,0,0,0,0,0,32,18,24,6,20
360292,1,1,1997,0,0,0,0,0,0,0,0,0,0
360293,0,1,1997,0,0,0,0,0,10,0,0,0,0
360293,1,1,1997,0,0,6,0,0,0,0,0,0,0
360294,0,1,1997,0,0,0,0,0,0,0,0,0,0
360294,1,1,1997,0,0,0,0,0,0,0,0,0,0
360295,0,1,1997,0,0,0,0,0,0,0,0,0,27
360295,0,2,1997,0,0,0,0,0,0,0,0,0,0
360295,1,1,1997,27,16,12,8,0,30,0,4,3,0
360296,0,1,1997,29,24,0,0,0,22,12,0,17,0
360296,1,1,1997,0,0,0,0,0,0,0,0,0,0
360297,0,1,1997,30,31,0,14,21,0,7,35,0,0
360297,1,1,1997,10,0,16,0,0,0,3,0,4,0
360298,1,1,1997,0,0,0,0,0,0,0,0,0,10
360299,1,1,1997,0,0,0,0,0,0,0,0,0,0
360299,2,1,1997,0,0,0,0,0,0,0,0,0,0
360299,3,1,1997,0,0,0,0,0,0,0,0,0,0
360300,1,1,1997,22,22,22,22,22,22,22,22,22,22
360300,2,1,1997,0,0,0,0,0,0,0,12,0,5
360301,0,1,1997,0,0,0,0,0,0,0,0,0,0
360301,1,1,1997,0,0,0,0,0,0,0,0,0,0
360302,1,1,1997,0,0,0,0,0,0,0,0,0,0
360303,1,1,1997,0,0,0,0,0,0,0,0,0,0
360303,2,1,1997,0,0,0,0,0,0,0,0,0,0
360304,1,1,1997,11,29,14,0,29,22,43,0,23,4
360305,1,1,1997,32,14,11,2,8,11,26,7,20,16
360306,0,1,1997,0,0,0,13,0,0,0,0,0,0
360306,1,1,1997,0,0,0,0,0,0,0,0,0,12
360307,1,1,1997,0,0,0,0,0,0,0,0,0,0
360307,2,1,1997,1,1,1,1,1,1,1,1,1,1
360308,0,1,1997,19,0,0,0,0,0,10,0,0,0
360308,1,1,1997,0,0,0,21,0,0,0,12,0,0
360309,1,1,1997,3,3,3,3,3,3,3,3,3,3
360310,1,1,1997,0,0,0,0,0,0,0,0,0,0
360311,1,1,1997,0,0,10,0,0,0,0,0,0,0
360311,2,1,1997,0,0,0,0,0,0,0,0,0,0
360312,1,1,1997,0,0,0,0,0,0,0,0,0,0
360313,1,1,1997,0,13,0,0,0,0,19,0,0,0
360313,2,1,1997,0,0,0,0,0,0,0,0,0,6
360314,1,1,1997,0,0,0,0,0,0,0,0,0,0
360315,1,1,1997,0,0,0,0,0,0,0,0,0,0
360315,2,1,1997,0,0,0,0,0,0,0,0,0,0
360316,1,1,1997,0,0,0,0,16,6,0,0,0,0
360316,2,1,1997,0,0,0,0,0,0,0,0,0,0
360317,1,1,1997,0,0,0,0,0,0,0,0,0,0
360317,2,1,1997,0,0,0,0,0,0,0,0,0,0
360318,1,1,1997,0,0,0,0,0,0,0,0,10,0
360319,1,1,1997,20,20,20,20,20,20,20,20,20,20
360319,2,1,1997,0,0,0,0,0,0,0,0,0,0
360320,0,1,1997,0,0,0,0,0,0,0,0,0,0
360320,1,1,1997,0,0,0,0,23,0,0,0,0,0
360321,1,1,1997,0,19,9,12,10,18,16,11,16,20
360322,1,1,1997,0,0,0,0,0,0,0,0,0,0
360322,2,1,1997,13,13,13,13,13,13,13,13,13,13
360323,1,1,1997,7,34,9,30,10,6,11,10,10,21
360324,0,1,1997,0,0,12,0,0,0,0,0,0,0
360324,0,2,1997,0,0,0,0,0,0,0,0,0,0
360324,1,1,1997,0,0,0,0,0,0,0,0,0,0
360325,1,1,1997,0,0,6,0,0,0,0,0,0,0
360326,1,1,1997,0,0,0,0,0,0,0,0,0,0
360326,2,1,1997,0,0,0,0,0,0,0,0,0,0
360327,1,1,1997,0,0,0,0,0,0,0,0,0,0
360328,0,1,1997,0,0,0,0,0,0,0,0,0,0
360328,1,1,1997,0,0,0,0,0,0,0,0,0,0
360329,0,1,1997,0,0,0,0,0,0,0,0,0,0
360329,1,1,1997,0,0,0,0,0,0,0,0,0,0
360330,0,1,1997,5,5,5,5,5,5,5,5,5,5
360330,1,1,1997,0,0,6,0,0,0,0,0,0,0
360331,0,1,1997,0,0,0,0,0,0,0,0,0,0
360331,1,1,1997,0,0,5,11,0,34,10,17,0,0
360332,1,1,1997,24,25,19,0,27,0,23,24,17,0
360333,1,1,1997,0,0,0,0,0,0,0,0,0,0
360333,2,1,1997,0,0,0,0,0,0,0,0,0,0
360334,0,1,1997,26,13,14,46,36,16,17,13,8,22
360334,1,1,1997,0,0,0,0,0,0,5,0,12,0
360335,1,1,1997,12,12,6,13,20,0,22,0,0,11
360335,2,1,1997,13,15,12,0,20,0,0,11,0,11
360336,0,1,1997,23,0,0,0,4,0,0,0,11,0
360336,1,1,1997,12,0,0,0,0,0,0,0,0,0
360337,1,1,1997,13,0,9,23,23,0,0,0,0,9
360337,2,1,1997,0,0,0,0,0,0,13,0,0,0
360338,1,1,1997,0,0,0,0,0,0,0,0,0,0
360339,1,1,1997,12,14,0,0,32,18,0,7,0,10
360339,2,1,1997,0,0,0,0,0,0,0,0,0,0
360340,1,1,1997,15,15,15,15,15,15,15,15,15,15
360341,1,1,1997,0,0,0,0,0,0,0,0,0,0
360341,2,1,1997,0,0,0,0,0,6,0,0,0,0
360342,1,1,1997,0,0,0,0,0,0,0,0,0,0
360343,0,1,1997,0,0,0,0,0,0,0,0,0,0
360343,1,1,1997,0,6,0,0,3,0,14,7,12,4
360344,1,1,1997,27,27,28,22,0,14,0,2,13,16
360345,1,1,1997,20,15,20,16,8,0,37,14,15,7
360346,1,1,1997,0,7,0,0,0,0,0,0,16,0
360346,2,1,1997,10,10,10,10,10,10,10,10,10,10
360347,1,1,1997,24,24,24,24,24,24,24,24,24,24
360348,1,1,1997,0,0,0,0,0,0,0,0,0,0
360349,1,1,1997,0,0,0,0,0,0,0,0,0,0
360350,1,1,1997,17,17,17,17,17,17,17,17,17,17
360350,2,1,1997,0,0,0,0,0,0,0,0,0,0
360351,1,1,1997,0,0,0,0,0,0,0,0,0,0
360352,1,1,1997,0,0,0,0,0,0,0,0,0,0
360352,2,1,1997,0,0,0,0,0,0,0,0,0,0
360352,3,1,1997,0,0,0,0,0,0,0,0,0,0
360353,1,1,1997,23,23,23,23,23,23,23,23,23,23
360353,2,1,1997,36,0,0,0,0,0,42,0,0,0
360354,1,1,1997,0,0,0,0,0,0,0,0,0,0
360354,2,1,1997,0,0,0,0,0,0,0,0,0,0
360355,1,1,1997,0,0,0,0,0,0,15,27,0,0
360355,2,1,1997,0,0,0,0,0,0,0,0,0,0
360355,3,1,1997,0,0,0,0,0,0,0,0,0,0
360356,1,1,1997,0,0,0,0,0,0,0,0,0,0
360356,2,1,1997,0,0,0,0,0,0,0,0,0,0
360356,3,1,1997,0,0,0,0,0,0,0,0,0,0
360357,1,1,1997,11,6,0,24,0,0,16,29,0,0
360357,2,1,1997,0,0,0,0,0,0,0,0,0,0
360358,1,1,1997,18,14,7,11,8,14,9,21,40,25
360359,0,1,1997,0,0,0,0,0,0,0,0,0,0
360359,1,1,1997,0,0,10,5,0,0,0,15,0,0
360360,1,1,1997,0,0,0,0,0,0,0,0,0,0
360360,2,1,1997,0,0,0,0,0,0,0,0,0,0
360361,1,1,1997,7,7,7,7,7,7,7,7,7,7
360361,2,4,1997,0,0,0,0,0,0,0,0,0,3
360362,1,1,1997,0,0,0,0,0,0,0,0,0,0
360362,2,1,1997,0,0,0,0,0,0,0,0,4,0
360363,1,1,1997,20,20,20,20,20,20,20,20,20,20
360363,2,1,1997,0,0,6,0,0,0,0,0,0,0
360364,1,1,1997,0,0,0,0,0,0,0,0,0,0
360364,2,1,1997,0,0,0,0,0,0,12,0,19,0
360364,3,1,1997,0,0,0,0,0,0,0,0,0,0
360364,4,1,1997,0,0,0,0,0,0,0,0,0,0
360364,5,1,1997,0,0,0,0,0,0,4,0,0,0
360365,0,1,1997,0,0,0,0,0,0,0,0,0,0
360365,1,1,1997,0,0,0,0,0,0,0,0,12,0
360366,1,1,1997,0,0,0,0,0,0,0,0,0,0
360366,2,1,1997,0,0,0,0,0,0,0,0,0,0
360367,1,1,1997,16,16,16,16,16,16,16,16,16,16
360368,1,1,1997,22,22,22,22,22,22,22,22,22,22
360369,1,1,1997,0,0,0,0,0,0,0,0,0,0
360370,1,1,1997,0,0,0,0,0,0,0,12,0,16
360371,1,1,1997,0,0,0,0,0,0,0,0,0,0
360371,2,1,1997,0,0,0,0,0,0,0,0,0,0
360372,1,1,1997,0,20,0,0,0,9,0,0,0,0
360373,1,1,1997,0,6,16,8,23,9,0,0,23,20
360374,0,1,1997,22,0,0,0,0,16,0,0,0,24
360374,1,1,1997,0,0,0,0,0,0,0,0,0,0
360375,1,1,1997,0,0,0,0,0,0,0,0,0,0
360375,2,1,1997,0,0,0,0,0,0,13,0,0,0
360376,1,1,1997,0,0,0,0,0,0,0,0,0,0
360376,2,1,1997,0,0,0,0,0,0,0,10,0,0
360377,1,1,1997,0,0,0,0,0,0,0,0,0,0
360377,2,1,1997,10,0,0,0,0,0,0,12,0,0
360378,1,1,1997,0,0,0,0,0,0,0,0,0,0
360378,2,1,1997,0,0,0,0,0,0,0,0,0,0
360379,1,1,1997,0,0,0,0,0,0,0,0,0,0
360379,2,1,1997,0,0,0,0,0,0,0,0,0,0
360380,1,1,1997,0,0,0,0,0,0,0,0,0,0
360380,2,1,1997,0,0,0,0,0,0,0,0,0,0
360382,1,1,1997,25,25,25,25,25,25,25,25,25,25
360383,1,1,1997,0,0,0,0,0,0,0,0,0,0
360383,2,1,1997,0,0,0,0,0,0,0,0,0,0
360384,0,1,1997,0,0,0,0,0,0,0,0,32,0
360384,1,1,1997,0,0,0,0,0,0,0,0,0,0
360385,1,1,1997,0,0,0,0,0,0,0,0,9,0
360385,2,1,1997,0,0,0,0,0,0,0,0,0,0
360386,1,1,1997,0,0,0,0,0,0,0,0,0,0
360386,2,1,1997,0,0,0,0,0,0,0,0,0,0
360387,1,1,1997,0,0,0,0,0,0,10,0,0,0
360387,2,1,1997,5,5,5,5,5,5,5,5,5,5
360388,1,1,1997,0,0,0,0,0,0,0,0,0,0
360388,2,1,1997,0,0,0,0,0,0,0,0,0,0
360389,1,1,1997,0,0,17,0,0,0,0,0,0,0
360389,2,1,1997,0,0,0,0,0,0,0,0,0,0
360390,1,1,1997,17,0,20,8,20,12,25,11,14,32
360390,2,1,1997,9,15,12,24,21,23,18,22,16,12
360391,1,1,1997,0,0,0,0,0,0,0,0,0,0
360391,2,1,1997,0,0,0,0,0,0,0,0,0,0
360392,0,1,1997,0,0,0,0,0,0,0,0,0,0
360392,1,1,1997,0,0,0,0,0,0,0,0,0,0
360393,1,1,1997,31,13,27,22,9,17,12,24,22,16
360394,1,1,1997,0,0,0,0,0,0,0,9,0,0
360394,2,1,1997,0,0,0,0,0,0,0,0,0,0
360394,3,1,1997,0,0,11,0,0,0,0,0,0,0
360395,1,1,1997,24,24,24,24,24,24,24,24,24,24
360396,0,1,1997,0,0,0,0,0,0,0,0,0,0
360396,1,1,1997,0,0,0,0,0,0,0,0,0,0
360397,1,1,1997,0,0,0,0,0,0,0,0,0,0
360398,0,1,1997,8,32,24,22,22,10,5,31,19,20
360398,1,1,1997,0,0,0,0,0,0,0,0,0,0
360399,0,1,1997,0,0,15,0,16,0,0,0,0,0
360399,1,1,1997,0,0,12,0,0,0,0,0,0,19
360400,1,1,1997,0,0,0,0,0,0,0,0,0,0
360400,2,1,1997,0,0,0,0,0,0,0,0,0,0
360401,1,1,1997,16,16,16,16,16,16,16,16,16,16
360402,1,1,1997,13,13,28,3,7,10,14,13,28,10
360402,2,1,1997,0,0,0,0,0,0,0,0,0,0
360403,0,1,1997,0,0,18,0,18,0,0,0,14,0
360403,1,1,1997,10,0,0,0,0,0,0,0,0,0
360404,1,1,1997,0,0,0,0,0,0,0,0,0,0
360404,2,1,1997,0,0,0,0,0,0,0,0,0,0
360405,1,1,1997,12,3,0,0,0,0,0,21,0,11
360406,1,1,1997,0,0,0,0,0,12,0,0,27,0
360407,1,1,1997,0,0,0,0,0,0,0,0,0,0
360407,2,1,1997,0,0,0,0,0,0,0,0,0,0
360408,1,1,1997,0,0,0,0,0,0,0,0,0,0
360408,2,1,1997,0,0,0,0,0,0,0,0,0,0
360409,0,1,1997,0,0,0,11,18,0,0,0,0,0
360409,1,1,1997,0,0,0,0,0,0,0,0,0,0
360410,1,1,1997,32,32,32,32,32,32,32,32,32,32
360410,2,1,1997,0,0,0,0,0,0,0,0,0,0
360411,1,1,1997,0,0,0,0,0,0,0,0,0,0
360411,2,1,1997,0,0,0,0,0,0,0,0,0,0
360411,3,1,1997,0,0,0,0,0,0,0,0,0,0
360411,4,1,1997,0,0,0,0,0,0,0,0,0,0
360411,5,1,1997,0,0,0,0,0,0,0,0,0,0
360412,0,1,1997,16,20,0,0,0,0,12,12,27,0
360412,1,1,1997,0,0,0,0,0,0,0,0,0,0
360412,2,1,1997,0,0,0,0,0,0,0,0,0,0
360413,1,1,1997,0,0,0,0,0,0,0,0,0,0
360413,2,1,1997,0,38,0,0,0,0,0,0,0,0
360413,3,1,1997,0,0,0,0,0,0,0,0,0,0
360414,1,1,1997,20,10,9,5,6,25,10,17,2,17
360414,2,1,1997,0,0,0,0,0,0,0,0,0,0
360414,3,1,1997,0,0,15,0,0,0,0,0,0,0
360414,4,1,1997,0,0,0,0,0,0,0,0,0,0
360415,1,1,1997,0,0,0,0,0,0,0,0,0,0
360415,2,1,1997,0,0,0,0,0,0,0,0,0,0
360415,3,1,1997,0,0,0,0,0,0,0,0,0,0
360416,1,1,1997,0,0,0,14,0,0,0,0,0,0
360417,1,1,1997,0,0,0,0,0,0,0,0,0,0
360417,2,1,1997,14,14,14,14,14,14,14,14,14,14
360418,1,1,1997,0,0,0,0,0,0,0,0,0,0
360418,2,1,1997,0,0,0,0,0,0,0,0,0,0
360419,1,1,1997,0,0,0,0,0,0,0,0,0,0
360419,2,1,1997,0,0,0,0,0,0,0,0,0,0
360419,3,1,1997,0,0,0,0,0,0,0,0,0,0
360420,1,1,1997,0,0,0,0,0,0,0,0,12,0
360420,2,1,1997,0,26,0,19,15,0,0,5,20,0
360420,3,1,1997,0,0,0,0,25,0,14,0,0,0
360420,4,1,1997,0,0,0,0,0,0,0,0,0,0
360421,0,1,1997,0,0,0,0,0,0,0,0,0,0
360421,1,1,1997,0,0,0,0,14,0,0,0,0,0
360422,0,1,1997,0,0,0,0,0,0,0,0,0,0
360422,1,1,1997,0,0,0,0,0,0,0,0,0,0
360423,1,1,1997,0,0,0,24,18,0,0,11,0,11
360423,2,1,1997,0,0,0,0,0,0,0,0,0,0
360424,1,1,1997,0,0,0,0,0,0,0,0,0,0
360424,2,1,1997,0,0,0,0,0,0,0,0,0,0
360425,1,1,1997,0,0,0,0,0,0,0,0,0,0
360425,2,1,1997,0,8,0,0,0,0,0,0,0,0
360426,0,1,1997,0,0,0,0,0,0,0,0,0,0
360426,1,1,1997,0,0,0,0,0,0,0,0,0,0
360427,0,1,1997,0,0,0,0,0,0,0,0,0,27
360427,1,1,1997,0,0,0,0,0,0,0,0,0,0
360427,2,1,1997,0,0,0,0,0,0,0,0,0,0
360428,1,1,1997,0,0,0,0,0,0,0,0,0,0
360428,2,1,1997,0,0,0,0,20,0,0,0,0,0
360428,3,1,1997,0,0,0,0,0,0,0,0,0,0
360429,1,1,1997,0,0,0,0,0,0,0,0,0,0
360429,2,1,1997,0,0,0,0,0,12,0,0,0,0
360430,1,1,1997,0,0,0,0,0,0,0,0,0,0
360430,2,1,1997,9,9,9,9,9,9,9,9,9,9
360431,1,1,1997,0,0,0,0,0,0,0,0,0,0
360432,1,1,1997,15,14,24,24,6,0,12,7,6,11
360433,0,1,1997,0,0,0,0,0,0,0,0,0,0
360433,1,1,1997,0,0,0,0,0,0,0,0,0,0
360434,1,1,1997,0,0,0,0,0,0,0,0,0,0
360434,2,1,1997,0,0,0,0,0,0,0,0,0,0
360435,1,1,1997,20,20,20,20,20,20,20,20,20,20
360436,1,1,1997,0,0,0,0,0,0,0,0,0,0
360436,2,1,1997,0,0,0,0,0,0,0,0,0,0
360437,1,1,1997,0,0,0,0,0,0,0,0,0,0
360437,2,1,1997,0,0,0,0,0,0,0,0,0,0
360438,1,1,1997,0,0,0,0,0,0,0,0,0,0
360439,1,1,1997,0,0,0,0,0,0,0,0,13,0
360439,2,1,1997,0,0,0,0,0,0,0,0,0,0
360440,0,1,1997,0,0,0,0,0,0,0,0,0,23
360440,1,1,1997,3,0,0,0,0,0,0,0,0,0
360441,1,1,1997,5,23,25,8,18,0,24,0,13,18
360442,1,1,1997,0,0,0,0,0,0,0,0,0,0
360442,2,1,1997,0,0,0,0,0,0,0,0,0,0
360443,1,1,1997,0,0,0,24,0,0,12,10,0,0
360443,2,1,1997,0,0,0,0,0,0,0,0,0,0
360444,0,1,1997,0,0,0,0,0,0,0,0,0,0
360444,1,1,1997,0,0,0,0,0,0,0,0,0,0
360445,0,1,1997,0,0,0,0,0,0,0,0,0,0
360445,1,1,1997,0,0,0,0,0,0,0,0,0,0
360446,1,1,1997,16,43,26,35,22,15,17,34,16,14
360447,1,1,1997,0,0,0,0,0,0,0,0,0,0
360447,2,1,1997,0,0,0,0,0,0,0,0,0,0
360448,0,1,1997,0,0,0,0,0,0,0,0,0,0
360448,1,1,1997,0,0,0,0,0,0,0,0,0,0
360449,1,1,1997,0,0,0,0,0,0,0,0,0,0
360450,1,1,1997,9,22,0,2,11,17,0,0,20,17
360451,1,1,1997,0,0,0,0,0,0,0,0,0,0
360451,2,1,1997,0,6,0,0,0,0,0,0,0,0
360451,3,1,1997,0,0,0,0,0,0,0,0,0,0
360452,0,1,1997,0,0,0,0,0,0,0,0,0,0
360452,1,1,1997,0,0,0,0,0,0,0,0,0,0
360453,1,1,1997,0,0,0,0,0,0,0,0,0,0
360454,0,1,1997,0,0,0,0,0,0,0,0,0,0
360454,1,1,1997,0,0,0,0,0,0,0,0,0,0
360455,1,1,1997,0,0,0,0,0,0,0,0,0,0
360455,2,1,1997,0,0,0,0,0,0,0,0,0,0
360456,1,1,1997,0,0,0,0,0,0,0,0,0,0
360457,1,1,1997,0,0,0,0,0,0,0,0,0,0
360457,2,1,1997,0,0,0,0,0,0,0,0,0,0
360458,1,1,1997,0,0,0,0,0,0,0,0,0,0
360458,2,1,1997,0,0,0,0,0,0,0,0,0,0
360459,1,1,1997,0,0,0,0,0,0,0,0,0,0
360459,2,1,1997,1,1,1,1,1,1,1,1,1,1
360460,0,1,1997,0,0,0,0,0,0,0,0,0,0
360460,1,1,1997,19,6,0,24,14,13,14,13,20,8
360462,1,1,1997,0,0,0,0,0,0,0,0,0,0
360462,2,1,1997,0,0,26,0,0,0,0,0,0,0
360462,3,1,1997,0,0,0,0,0,0,0,0,0,0
360463,0,1,1997,0,0,0,0,0,0,0,0,0,0
360463,1,1,1997,0,0,0,0,0,0,0,0,0,0
360464,0,1,1997,21,21,21,21,21,21,21,21,21,21
360464,1,1,1997,16,0,20,19,21,30,23,0,19,6
360465,1,1,1997,0,0,0,0,0,0,0,0,0,0
360466,1,1,1997,0,0,0,0,0,0,0,0,0,0
360466,2,1,1997,2,13,26,19,0,3,2,7,14,13
360467,1,2,1997,0,0,0,0,0,0,0,0,0,0
360467,2,1,1997,10,0,0,0,0,0,0,0,0,0
360468,1,1,1997,0,19,0,0,0,0,0,0,0,0
360468,2,1,1997,9,9,9,9,9,9,9,9,9,9
360469,1,1,1997,0,0,0,0,0,0,0,0,0,0
360469,2,1,1997,0,0,0,0,0,0,0,0,0,0
360470,1,1,1997,0,0,0,0,0,0,0,0,0,0
360470,2,1,1997,0,0,0,0,0,0,0,0,0,0
360470,3,1,1997,0,0,0,0,0,0,0,0,0,0
360471,1,1,1997,0,0,0,0,0,0,0,0,0,0
360472,1,1,1997,0,0,22,0,0,0,0,0,0,0
360473,1,1,1997,0,0,0,0,0,0,0,0,0,0
360473,2,1,1997,0,0,0,0,0,0,0,0,0,0
360474,1,1,1997,0,0,0,0,0,0,0,0,0,0
360475,1,1,1997,0,0,0,0,0,0,0,0,0,0
360475,2,1,1997,0,0,0,0,0,0,0,0,0,0
360475,3,1,1997,0,0,0,0,0,0,0,0,0,0
360476,1,1,1997,0,0,0,0,0,0,0,0,45,0
360477,0,1,1997,0,0,0,0,0,0,0,0,0,0
360477,1,1,1997,0,0,0,0,0,0,0,0,0,0
360477,2,1,1997,0,0,0,0,0,0,0,0,0,0
360478,0,1,1997,0,0,0,0,0,0,0,0,0,0
360478,1,1,1997,0,0,0,0,0,0,0,0,0,0
360479,1,1,1997,9,0,0,10,24,16,14,6,8,9
360480,0,1,1997,0,0,0,0,0,0,0,0,0,0
360480,1,1,1997,0,0,0,0,0,0,0,0,0,0
360481,1,1,1997,0,14,0,0,14,0,0,0,0,0
360482,1,1,1997,4,4,4,4,4,4,4,4,4,4
360483,1,1,1997,0,0,0,0,0,0,0,0,0,0
360484,0,1,1997,0,0,0,0,0,0,0,0,0,0
360484,1,1,1997,12,0,0,0,0,0,5,0,0,0
360485,1,1,1997,0,0,0,0,0,0,0,0,0,0
360485,2,1,1997,0,0,0,0,0,0,0,0,0,0
360486,1,1,1997,0,0,0,0,0,0,0,0,0,0
360486,2,1,1997,0,0,0,0,0,0,0,0,0,0
360486,3,1,1997,0,0,0,0,0,0,0,0,0,0
360486,4,1,1997,0,0,0,0,0,0,0,0,23,0
360487,1,1,1997,0,0,0,0,0,0,0,0,0,0
360488,1,1,1997,0,0,0,0,0,0,0,0,0,0
360489,1,1,1997,0,0,0,0,0,0,0,0,0,0
360489,2,1,1997,0,0,0,0,0,0,0,0,0,0
360489,3,1,1997,0,0,0,0,0,0,0,0,0,0
360490,1,1,1997,0,0,0,14,7,0,0,0,0,12
360491,0,1,1997,15,15,15,15,15,15,15,15,15,15
360491,1,1,1997,0,0,0,0,12,19,0,0,0,0
360492,1,1,1997,30,30,30,30,30,30,30,30,30,30
360493,1,1,1997,26,10,0,22,28,12,19,20,11,5
360494,0,1,1997,0,0,0,16,0,0,0,0,0,11
360494,1,1,1997,0,0,0,0,0,0,0,0,0,0
360495,0,1,1997,32,0,0,13,28,23,0,0,0,22
360495,1,1,1997,16,16,25,0,28,17,15,14,7,4
360496,1,1,1997,0,0,0,0,0,0,0,0,0,0
360497,1,1,1997,0,0,0,0,0,0,0,0,0,0
360498,1,1,1997,0,0,0,0,0,11,0,0,0,0
360499,1,1,1997,0,12,7,7,4,0,0,2,4,32
360500,1,1,1997,0,0,0,0,0,0,0,0,0,0
360500,2,1,1997,0,0,0,0,0,0,0,0,0,0
360501,1,1,1997,0,0,0,0,0,0,0,0,0,0
360502,1,1,1997,29,23,14,29,22,0,19,0,0,0
360503,1,1,1997,0,8,0,0,0,0,0,0,0,0
360503,2,1,1997,0,0,0,0,0,0,0,0,0,0
360503,3,1,1997,0,0,0,0,0,0,0,0,0,0
360504,1,1,1997,0,0,0,8,0,26,20,0,0,0
360504,2,1,1997,0,0,0,0,0,0,0,0,0,0
360505,1,1,1997,0,6,0,0,0,0,0,0,0,0
360505,2,1,1997,0,0,0,0,0,0,0,0,0,0
360506,1,1,1997,13,26,23,12,24,12,10,31,16,20
360506,2,1,1997,0,0,0,0,0,0,0,0,0,0
360506,3,1,1997,0,13,0,0,0,0,0,0,0,0
360507,1,1,1997,20,0,0,0,0,0,0,0,0,28
360507,2,1,1997,0,0,0,0,0,0,0,27,0,0
360508,1,1,1997,0,0,0,8,0,0,0,0,0,0
360508,2,1,1997,0,0,0,0,0,0,0,0,0,0
360508,3,1,1997,0,0,0,0,0,0,0,0,0,0
360509,1,1,1997,8,0,8,9,0,3,9,15,0,6
360510,1,1,1997,0,0,0,0,0,0,0,0,0,0
360511,1,1,1997,18,18,18,18,18,18,18,18,18,18
360512,1,1,1997,28,28,28,28,28,28,28,28,28,28