ST_CASE,VEH_NO,PER_NO,YEAR,P1,P2,P3,P4,P5,P6,P7,P8,P9,P10
370316,1,1,1997,21,21,21,21,21,21,21,21,21,21
370317,1,1,1997,0,0,0,0,0,0,0,0,0,0
370318,0,1,1997,29,29,29,29,29,29,29,29,29,29
370318,1,1,1997,0,0,0,0,0,0,0,0,0,0
370319,1,1,1997,0,0,0,0,6,0,9,0,0,0
370319,2,1,1997,0,0,0,0,0,0,0,0,0,0
370319,3,1,1997,0,0,0,7,0,0,0,0,0,0
370320,1,1,1997,4,4,4,4,4,4,4,4,4,4
370321,1,1,1997,0,0,0,0,0,0,0,0,0,0
370321,2,1,1997,0,0,0,0,0,0,0,0,0,0
370322,1,1,1997,0,0,0,0,0,0,0,0,0,0
370322,2,1,1997,19,19,19,19,19,19,19,19,19,19
370323,1,1,1997,0,0,0,0,0,0,0,0,0,0
370324,1,1,1997,0,0,0,0,0,0,0,0,0,0
370324,2,1,1997,0,0,0,0,0,0,0,0,0,0
370326,1,1,1997,0,0,0,0,0,0,0,0,0,0
370326,2,1,1997,22,22,22,22,22,22,22,22,22,22
370327,0,1,1997,0,0,0,0,0,0,0,0,0,0
370327,1,1,1997,0,0,0,0,0,0,0,0,0,0
370328,0,1,1997,42,42,42,42,42,42,42,42,42,42
370328,1,1,1997,0,0,0,0,0,0,13,0,0,0
370329,1,1,1997,0,0,0,0,0,0,0,0,0,0
370329,2,1,1997,0,0,0,0,0,9,0,0,0,0
370330,1,1,1997,0,0,0,0,0,0,0,0,0,0
370330,2,1,1997,0,0,0,0,0,0,0,0,0,0
370331,1,1,1997,0,0,0,0,0,0,0,0,0,0
370331,2,1,1997,0,0,0,0,0,0,0,0,0,0
370332,1,1,1997,0,0,0,0,0,0,0,0,0,0
370333,1,1,1997,0,0,0,0,0,0,0,0,0,0
370333,2,1,1997,0,0,0,0,0,0,0,0,0,0
370333,3,1,1997,0,0,0,0,0,0,0,0,0,0
370334,0,1,1997,0,0,0,0,0,0,0,0,0,0
370334,1,1,1997,0,0,0,0,0,0,0,0,0,0
370335,1,1,1997,0,0,0,0,0,0,0,0,15,0
370336,1,1,1997,0,0,0,0,0,0,0,0,0,0
370336,2,1,1997,0,0,0,0,0,0,0,0,0,0
370337,1,1,1997,0,0,0,0,0,0,0,0,0,0
370337,2,1,1997,0,0,0,0,0,0,0,0,0,0
370338,1,1,1997,0,0,0,0,0,0,0,0,0,0
370338,2,1,1997,0,0,0,0,0,0,0,0,0,0
370339,1,1,1997,13,13,13,13,13,13,13,13,13,13
370339,2,1,1997,0,0,0,0,0,0,0,0,0,0
370340,1,1,1997,17,17,17,17,17,17,17,17,17,17
370341,1,1,1997,12,12,12,12,12,12,12,12,12,12
370342,1,1,1997,17,0,23,0,20,0,0,16,3,0
370342,2,1,1997,0,0,0,0,0,0,0,0,0,0
370343,1,1,1997,0,0,0,0,0,0,0,0,0,0
370344,1,1,1997,23,23,23,23,23,23,23,23,23,23
370345,0,1,1997,0,0,0,0,0,0,0,0,0,0
370345,1,1,1997,9,18,12,15,11,23,33,5,15,32
370345,2,1,1997,9,0,0,0,0,0,0,0,0,0
370346,1,1,1997,7,8,7,31,39,10,33,30,34,6
370347,1,1,1997,22,22,22,22,22,22,22,22,22,22
370348,1,1,1997,0,0,0,0,0,0,0,0,0,0
370348,2,1,1997,0,0,0,0,0,0,0,0,0,0
370349,1,1,1997,0,0,0,0,0,0,0,0,0,0
370349,2,1,1997,0,0,0,0,0,0,0,0,0,0
370350,0,1,1997,0,0,0,0,0,12,0,20,0,0
370350,1,1,1997,0,0,0,0,0,0,0,0,0,0
370351,0,1,1997,0,0,0,0,0,0,0,0,0,0
370351,1,1,1997,0,0,0,0,0,0,0,0,0,0
370352,0,1,1997,0,0,0,0,0,0,0,0,0,0
370352,1,1,1997,16,0,10,0,0,0,21,0,0,0
370353,1,1,1997,0,0,0,0,0,0,0,0,0,0
370354,1,1,1997,0,0,0,0,0,0,0,0,0,0
370355,1,1,1997,20,0,0,0,0,0,0,0,0,0
370356,1,1,1997,0,0,0,0,0,0,0,0,0,0
370356,2,1,1997,0,0,0,0,0,0,0,0,0,0
370357,1,1,1997,0,0,0,0,0,0,0,0,0,0
370357,2,1,1997,0,0,0,0,0,0,0,0,0,0
370358,1,1,1997,0,0,0,0,0,0,0,0,0,0
370359,1,1,1997,18,18,18,18,18,18,18,18,18,18
370360,0,1,1997,14,14,14,14,14,14,14,14,14,14
370360,1,1,1997,0,0,0,0,0,0,0,0,15,0
370361,1,1,1997,0,24,0,0,0,0,0,0,0,0
370361,2,1,1997,7,14,9,7,5,8,18,7,25,11
370362,0,1,1997,29,29,29,29,29,29,29,29,29,29
370362,1,1,1997,0,0,0,0,0,0,0,0,0,0
370363,1,1,1997,38,38,38,38,38,38,38,38,38,38
370363,2,1,1997,0,0,0,0,0,0,0,0,0,0
370363,3,1,1997,0,0,0,0,0,0,0,0,0,0
370364,0,1,1997,0,0,0,0,0,0,0,0,0,0
370364,1,1,1997,0,0,0,0,0,0,0,0,0,0
370364,2,1,1997,0,0,0,0,0,0,0,0,0,0
370365,1,1,1997,0,0,0,0,0,0,0,0,0,0
370365,2,1,1997,0,0,0,0,0,0,0,0,0,0
370366,1,1,1997,0,0,0,0,0,0,0,0,0,0
370366,2,1,1997,0,0,0,0,0,0,0,0,0,0
370367,1,1,1997,0,0,0,0,0,0,0,0,0,0
370368,1,1,1997,3,23,8,20,10,8,10,20,34,20
370368,2,1,1997,0,0,0,0,0,0,0,0,0,0
370369,1,1,1997,0,0,0,0,0,0,0,0,0,0
370369,2,1,1997,0,0,0,0,0,0,0,0,0,0
370370,0,1,1997,0,0,0,0,0,0,0,0,0,0
370370,1,1,1997,0,0,0,0,0,0,0,0,0,0
370371,1,1,1997,17,17,17,17,17,17,17,17,17,17
370371,2,1,1997,0,0,0,0,0,0,0,0,0,0
370372,1,1,1997,6,6,6,6,6,6,6,6,6,6
370372,2,1,1997,0,0,0,0,0,0,0,0,0,0
370373,1,1,1997,0,0,0,13,0,0,0,7,16,0
370374,1,1,1997,4,10,22,5,12,18,2,18,18,15
370375,1,1,1997,0,0,0,0,0,0,0,0,0,0
370375,2,1,1997,0,0,0,0,0,0,0,0,0,0
370376,1,1,1997,0,0,0,0,0,0,0,0,0,0
370376,2,1,1997,0,0,0,0,0,0,0,0,0,0
370377,1,1,1997,0,0,0,0,0,0,0,0,0,0
370377,2,1,1997,0,0,0,0,0,0,0,0,0,0
370378,1,1,1997,0,0,0,0,0,0,0,0,0,0
370379,1,1,1997,0,0,0,0,0,0,0,0,0,0
370379,2,1,1997,0,0,0,0,0,0,0,0,0,0
370380,1,1,1997,15,15,15,15,15,15,15,15,15,15
370380,2,1,1997,18,11,6,26,14,12,18,18,9,17
370380,3,1,1997,0,0,0,0,0,0,0,0,0,0
370381,1,1,1997,0,0,0,0,0,0,0,0,0,0
370382,1,1,1997,0,0,0,0,0,0,0,0,0,0
370382,2,1,1997,0,0,0,0,0,0,0,0,0,0
370382,3,1,1997,0,0,0,0,0,0,0,0,0,0
370383,1,1,1997,0,0,0,0,0,0,0,0,0,0
370384,1,1,1997,12,12,12,12,12,12,12,12,12,12
370385,1,1,1997,26,26,26,26,26,26,26,26,26,26
370386,0,1,1997,0,0,0,0,0,0,0,0,0,0
370386,1,1,1997,0,0,0,0,0,0,0,0,0,0
370387,1,1,1997,0,0,0,0,0,0,0,17,0,0
370387,2,1,1997,0,0,0,0,0,0,0,0,0,0
370388,1,1,1997,4,4,4,4,4,4,4,4,4,4
370389,1,1,1997,0,0,0,0,0,0,0,0,0,0
370389,2,1,1997,0,0,0,0,0,0,0,0,0,0
370390,1,1,1997,0,0,0,0,0,0,0,0,0,0
370390,2,1,1997,0,0,0,16,0,0,0,0,0,0
370391,1,1,1997,0,0,0,0,0,0,0,0,0,0
370391,2,1,1997,0,0,0,0,0,0,0,0,0,0
370392,1,1,1997,0,0,0,0,0,0,0,0,0,0
370392,2,1,1997,0,0,0,0,0,0,0,0,0,0
370393,0,1,1997,0,0,0,0,0,8,33,0,0,0
370393,1,1,1997,6,17,10,7,11,0,19,8,26,14
370394,1,1,1997,0,0,0,0,0,0,0,0,0,0
370394,2,1,1997,0,0,0,0,0,0,0,0,0,0
370395,0,1,1997,8,8,8,8,8,8,8,8,8,8
370395,1,1,1997,13,0,0,0,0,0,0,0,0,0
370396,1,1,1997,0,0,0,0,0,0,0,0,0,0
370397,1,1,1997,0,0,0,0,0,0,0,0,0,0
370397,2,1,1997,0,0,0,0,0,0,0,0,0,0
370398,1,1,1997,0,0,0,0,0,0,0,0,0,0
370398,2,1,1997,0,0,0,0,0,0,0,0,0,0
370399,1,1,1997,0,0,0,0,0,0,0,0,0,0
370399,2,1,1997,0,0,15,0,0,0,0,0,0,0
370399,3,1,1997,0,0,0,16,0,0,0,0,0,0
370399,4,1,1997,0,0,0,0,0,0,0,0,0,0
370400,1,1,1997,38,0,14,31,11,14,10,17,0,16
370401,1,1,1997,0,0,4,0,0,0,0,0,0,0
370401,2,1,1997,0,0,0,0,0,0,0,0,0,0
370402,1,1,1997,13,24,13,0,11,0,0,26,0,22
370403,0,1,1997,0,0,0,0,0,0,0,0,0,0
370403,1,1,1997,0,0,0,0,0,0,0,0,0,0
370404,0,1,1997,31,12,19,32,17,29,25,26,25,11
370404,1,1,1997,0,0,0,18,0,10,10,0,31,0
370405,1,1,1997,10,0,0,0,0,0,0,28,0,6
370405,2,1,1997,0,0,0,0,0,0,0,0,0,0
370406,0,1,1997,0,0,0,0,0,0,0,0,0,0
370406,1,1,1997,0,0,0,0,0,0,0,0,0,0
370407,1,1,1997,13,13,13,13,13,13,13,13,13,13
370408,1,1,1997,17,0,0,0,31,0,0,0,0,0
370409,0,1,1997,0,0,0,0,0,0,0,0,0,0
370409,1,1,1997,0,0,0,0,0,0,0,0,0,10
370410,1,1,1997,12,12,12,12,12,12,12,12,12,12
370411,0,1,1997,0,0,0,0,0,0,0,0,0,0
370411,1,1,1997,0,14,0,0,0,0,0,0,0,0
370412,1,1,1997,0,0,0,0,0,0,0,0,0,0
370412,2,1,1997,0,0,0,0,0,0,0,0,0,0
370413,1,1,1997,0,0,0,0,0,0,0,0,0,0
370413,2,1,1997,0,0,0,0,0,0,0,0,0,10
370413,3,1,1997,0,0,0,0,0,0,0,0,0,0
370414,0,1,1997,15,15,15,15,15,15,15,15,15,15
370414,1,1,1997,0,0,0,0,3,17,25,0,0,0
370414,2,1,1997,0,0,0,0,0,0,0,0,0,0
370415,1,1,1997,9,9,9,9,9,9,9,9,9,9
370416,1,1,1997,15,15,15,15,15,15,15,15,15,15
370416,2,1,1997,0,0,0,0,0,0,0,0,0,0
370417,1,1,1997,7,25,12,40,9,15,30,17,11,19
370418,1,1,1997,18,18,18,18,18,18,18,18,18,18
370419,1,1,1997,13,13,13,13,13,13,13,13,13,13
370420,1,1,1997,30,30,30,30,30,30,30,30,30,30
370421,1,1,1997,0,0,0,0,0,0,0,0,0,0
370422,1,1,1997,0,0,0,0,0,0,0,0,0,0
370422,2,1,1997,0,0,0,0,0,0,0,0,0,0
370423,0,1,1997,0,0,0,0,0,0,0,0,0,0
370423,1,1,1997,0,0,0,0,0,0,0,0,0,0
370424,1,1,1997,0,0,5,0,0,0,0,0,0,0
370424,2,1,1997,0,0,0,0,0,0,0,0,0,0
370425,1,1,1997,8,8,8,8,8,8,8,8,8,8
370426,1,1,1997,0,0,0,0,0,0,0,0,0,0
370426,2,1,1997,0,0,0,0,0,0,0,0,0,0
370427,1,1,1997,0,0,0,0,0,0,0,0,0,0
370427,2,1,1997,0,0,0,0,0,0,0,0,0,0
370428,1,1,1997,20,4,16,19,25,4,0,22,8,4
370428,2,1,1997,17,17,17,17,17,17,17,17,17,17
370428,3,1,1997,0,0,0,0,0,0,0,0,0,0
370429,1,1,1997,17,17,17,17,17,17,17,17,17,17
370429,2,1,1997,0,0,0,0,0,0,0,0,0,0
370429,3,1,1997,0,0,0,0,0,0,0,0,0,0
370430,1,1,1997,0,0,0,0,0,0,0,0,0,0
370430,2,1,1997,0,0,0,0,0,0,0,0,0,0
370431,1,1,1997,0,0,0,0,0,0,0,0,0,0
370431,2,1,1997,0,0,0,0,0,0,0,0,0,0
370432,1,1,1997,0,0,0,0,0,0,0,0,0,0
370432,2,1,1997,0,0,0,0,0,0,0,0,0,0
370433,1,1,1997,17,17,12,22,15,13,14,10,27,10
370433,2,1,1997,0,0,0,0,0,0,0,0,0,0
370434,1,1,1997,0,0,0,0,0,0,0,0,0,0
370434,2,1,1997,0,0,0,0,0,0,0,0,0,0
370435,1,1,1997,0,0,0,0,0,0,0,0,0,0
370436,1,1,1997,8,8,8,8,8,8,8,8,8,8
370437,1,1,1997,12,12,12,12,12,12,12,12,12,12
370438,1,1,1997,0,0,0,0,0,0,0,0,0,0
370438,2,1,1997,0,0,0,0,0,0,0,0,0,0
370438,3,1,1997,0,0,0,0,0,0,0,0,0,0
370439,1,1,1997,27,27,27,27,27,27,27,27,27,27
370439,2,1,1997,0,0,0,0,0,0,0,0,0,0
370440,1,1,1997,0,0,0,0,0,0,0,0,0,0
370440,2,1,1997,0,0,0,0,0,0,0,0,0,0
370440,3,1,1997,0,0,0,0,0,0,0,0,0,0
370441,1,1,1997,2,2,2,2,2,2,2,2,2,2
370441,2,1,1997,0,0,0,0,0,0,0,0,0,0
370442,1,1,1997,0,0,0,0,0,0,0,0,0,0
370442,2,1,1997,0,0,0,0,0,0,0,0,0,0
370443,1,1,1997,24,24,24,24,24,24,24,24,24,24
370444,1,1,1997,0,0,0,0,0,0,0,0,0,0
370444,2,1,1997,0,0,0,0,0,0,0,0,0,0
370445,1,1,1997,0,0,0,0,0,0,0,0,0,0
370446,1,1,1997,0,0,0,0,0,0,18,0,0,0
370446,2,1,1997,0,0,0,0,0,0,0,0,0,0
370447,1,1,1997,0,0,0,0,0,0,0,0,0,0
370447,2,1,1997,0,0,0,0,0,0,0,0,0,0
370447,3,1,1997,0,0,0,0,0,0,0,0,0,0
370448,1,1,1997,0,0,0,0,0,0,0,0,0,0
370448,2,1,1997,0,0,0,0,0,0,0,0,0,0
370449,1,1,1997,0,0,0,0,0,0,0,0,0,0
370449,2,1,1997,0,0,0,0,0,0,0,0,0,0
370450,1,1,1997,15,15,15,15,15,15,15,15,15,15
370451,1,1,1997,8,8,8,8,8,8,8,8,8,8
370452,1,1,1997,2,2,2,2,2,2,2,2,2,2
370453,1,1,1997,0,0,0,0,0,0,0,0,0,0
370453,2,1,1997,0,0,0,0,0,0,0,0,0,0
370454,1,1,1997,0,0,0,0,0,0,0,0,0,0
370455,1,1,1997,14,14,14,14,14,14,14,14,14,14
370456,1,1,1997,0,0,0,0,0,0,0,0,0,0
370456,2,1,1997,0,0,0,0,0,0,0,0,0,0
370457,0,1,1997,0,0,0,0,0,0,0,0,0,0
370457,1,1,1997,0,0,0,0,0,0,0,0,0,0
370458,0,1,1997,0,0,0,0,18,0,0,0,0,23
370458,1,1,1997,0,0,0,0,0,0,0,0,0,0
370459,1,1,1997,23,9,11,9,11,12,22,22,4,15
370459,2,1,1997,0,0,0,0,0,0,0,0,0,0
370460,0,1,1997,0,0,0,0,0,0,0,30,0,25
370460,1,1,1997,0,0,0,0,0,0,0,0,9,0
370461,1,1,1997,0,0,0,0,0,0,0,0,0,0
370462,0,1,1997,0,0,0,0,0,0,0,0,0,0
370462,1,1,1997,0,0,0,0,0,0,0,0,0,0
370463,1,1,1997,0,0,0,0,0,0,0,0,0,0
370464,1,1,1997,0,0,0,0,0,0,0,0,0,0
370464,2,1,1997,0,0,0,0,0,0,0,0,0,0
370465,1,1,1997,13,13,13,13,13,13,13,13,13,13
370466,1,1,1997,12,19,17,19,16,33,29,23,28,22
370467,1,1,1997,0,0,0,0,0,0,0,0,0,0
370467,2,1,1997,0,0,0,0,0,0,0,0,0,0
370468,1,1,1997,0,0,0,0,0,0,0,0,0,0
370468,2,1,1997,0,0,0,0,0,0,0,0,0,0
370468,3,1,1997,0,0,0,0,0,0,0,0,0,0
370469,1,1,1997,0,0,0,0,0,0,0,0,0,0
370469,2,1,1997,0,0,0,0,0,0,0,0,0,0
370470,1,1,1997,15,27,24,5,3,13,22,9,0,7
370471,1,1,1997,0,0,0,0,0,0,0,0,0,0
370471,2,1,1997,0,0,0,0,0,0,0,0,0,0
370472,1,1,1997,0,0,0,0,0,0,0,0,0,0
370472,2,1,1997,0,0,0,0,0,0,0,0,0,0
370473,1,1,1997,0,0,0,0,0,0,0,0,0,0
370473,2,1,1997,0,0,0,0,0,0,0,0,0,0
370474,1,1,1997,0,0,0,0,0,0,0,0,0,0
370475,1,1,1997,0,0,0,0,0,16,0,0,0,0
370476,1,1,1997,0,0,0,0,0,0,0,0,0,0
370477,1,1,1997,0,0,0,0,0,0,0,0,0,0
370477,2,1,1997,0,0,0,0,0,0,0,0,0,0
370477,3,1,1997,0,0,0,0,0,0,0,0,0,0
370478,1,1,1997,0,0,0,0,0,0,0,0,0,0
370478,2,1,1997,3,3,3,3,3,3,3,3,3,3
370479,1,1,1997,0,0,0,0,0,0,0,0,0,0
370480,1,1,1997,0,0,0,0,0,0,0,0,0,0
370480,2,1,1997,0,0,0,0,0,0,0,0,0,0
370481,1,1,1997,0,0,0,0,0,0,0,0,0,0
370481,2,1,1997,0,0,0,0,0,0,0,0,0,0
370482,1,1,1997,0,0,0,0,0,0,0,0,0,0
370482,2,1,1997,0,0,0,0,0,0,0,0,0,0
370483,1,1,1997,0,0,0,0,0,0,0,0,0,0
370484,0,1,1997,15,15,15,15,15,15,15,15,15,15
370484,1,1,1997,0,0,0,0,0,0,0,0,0,0
370485,0,1,1997,26,26,26,26,26,26,26,26,26,26
370485,1,1,1997,11,19,17,0,0,0,0,0,10,0
370486,0,1,1997,0,0,0,0,0,0,0,0,0,0
370486,1,1,1997,0,0,0,0,0,0,0,0,0,0
370487,1,1,1997,10,0,0,21,0,0,0,0,0,0
370487,2,1,1997,0,0,0,0,0,0,0,0,0,0
370488,1,1,1997,5,5,5,5,5,5,5,5,5,5
370489,1,1,1997,0,0,0,0,0,0,0,0,0,0
370489,2,1,1997,0,0,0,0,0,0,0,0,0,0
370490,1,1,1997,45,45,45,45,45,45,45,45,45,45
370491,1,1,1997,7,7,7,7,7,7,7,7,7,7
370492,1,1,1997,0,0,0,0,0,0,0,0,0,0
370492,2,1,1997,15,15,15,15,15,15,15,15,15,15
370493,1,1,1997,0,0,0,0,0,0,0,0,0,0
370494,1,1,1997,0,0,0,0,0,0,0,0,0,0
370494,2,1,1997,25,25,25,25,25,25,25,25,25,25
370495,1,1,1997,0,0,0,0,0,0,0,0,0,0
370495,2,1,1997,0,0,0,0,0,0,0,0,0,0
370496,1,1,1997,0,0,0,0,0,0,0,0,0,0
370497,1,1,1997,0,0,0,0,0,0,0,0,0,0
370497,2,1,1997,0,0,0,0,0,0,0,0,0,0
370497,3,1,1997,0,0,0,0,0,0,0,0,0,0
370498,1,1,1997,0,0,0,0,0,0,0,0,0,0
370498,2,1,1997,0,0,0,0,0,0,0,0,0,0
370499,1,1,1997,0,0,0,0,0,0,0,0,0,0
370499,2,1,1997,0,0,0,0,0,0,0,0,17,0
370500,1,1,1997,0,0,0,0,0,0,0,0,0,0
370500,2,1,1997,0,0,0,0,0,0,0,0,0,0
370500,3,1,1997,0,0,0,0,0,0,17,0,0,0
370501,1,1,1997,0,0,0,0,0,0,0,0,0,0
370501,2,1,1997,0,0,0,0,0,0,0,0,0,0
370502,1,1,1997,0,0,0,0,0,0,0,0,0,0
370502,2,1,1997,0,0,0,0,0,0,0,0,0,0
370503,1,1,1997,0,0,0,0,0,0,0,0,0,0
370503,2,1,1997,0,0,0,0,0,0,0,0,0,7
370504,1,1,1997,0,0,0,0,0,0,0,0,0,0
370504,2,1,1997,0,0,0,0,18,0,0,0,0,0
370505,1,1,1997,0,0,0,0,0,0,0,9,9,27
370505,2,1,1997,0,0,0,0,0,0,0,0,0,0
370506,0,1,1997,31,0,22,31,21,32,15,28,15,0
370506,1,1,1997,0,0,0,0,0,0,17,0,0,0
370507,0,1,1997,0,0,0,0,0,0,0,0,0,0
370507,1,1,1997,0,0,0,0,0,0,0,0,0,0
370508,1,1,1997,28,0,0,16,0,0,0,0,15,5
370508,2,1,1997,0,21,10,0,0,0,0,0,0,0
370509,1,1,1997,0,0,0,0,0,0,0,0,0,0
370509,2,1,1997,0,0,0,0,0,0,0,0,0,0
370509,3,1,1997,0,0,0,0,0,0,0,0,3,0
370509,4,1,1997,0,0,0,0,0,0,0,0,0,0
370510,1,1,1997,0,0,0,0,0,0,0,0,0,0
370511,1,1,1997,0,0,0,0,0,0,0,0,0,0
370512,1,1,1997,14,14,14,14,14,14,14,14,14,14
370513,1,1,1997,0,22,25,20,29,26,22,22,32,12
370514,1,1,1997,0,0,0,0,0,0,0,0,0,0
370514,2,1,1997,0,0,0,0,0,0,0,0,0,0
370514,3,1,1997,0,0,0,4,0,0,0,0,0,24
370515,1,1,1997,0,0,0,0,0,0,0,0,0,0
370515,2,1,1997,0,0,0,0,0,0,0,0,0,0
370516,0,1,1997,0,0,0,0,0,0,0,0,0,0
370516,1,1,1997,0,0,0,0,0,0,0,0,0,0
370517,1,1,1997,14,14,14,14,14,14,14,14,14,14
370518,1,1,1997,10,10,10,10,10,10,10,10,10,10
370519,1,1,1997,0,12,0,0,0,0,0,0,5,0
370519,2,1,1997,0,0,0,0,0,0,0,0,0,0
370520,0,1,1997,35,35,35,35,35,35,35,35,35,35
370520,1,1,1997,0,0,0,0,0,0,0,0,0,0
370521,1,1,1997,13,13,13,13,13,13,13,13,13,13
370522,1,1,1997,0,0,0,0,0,0,0,0,0,0
370523,1,1,1997,0,0,0,0,0,0,0,0,0,0
370524,1,1,1997,16,16,16,16,16,16,16,16,16,16
370525,1,1,1997,3,0,0,0,0,0,0,0,0,0
370525,2,1,1997,0,0,0,0,0,0,0,0,0,0
370526,1,1,1997,0,0,0,0,0,0,0,0,0,0
370526,2,1,1997,0,0,0,0,0,0,0,0,0,0
370528,1,1,1997,0,0,0,0,20,22,0,21,0,0
370529,1,1,1997,15,0,0,0,0,0,0,18,0,0
370530,1,1,1997,0,0,0,0,0,0,0,0,0,0
370530,2,1,1997,0,0,0,0,0,0,0,0,0,0
370531,1,1,1997,0,0,0,0,0,0,0,21,0,0
370531,2,1,1997,0,0,0,0,0,0,0,0,0,0
370532,1,1,1997,0,0,8,0,0,0,0,0,0,0
370532,2,1,1997,0,0,0,0,0,0,0,0,0,0
370533,1,1,1997,0,0,0,0,0,0,0,0,0,0
370533,2,1,1997,0,0,0,0,0,0,0,0,0,0
370534,0,1,1997,0,0,0,0,0,0,0,0,0,0
370534,1,1,1997,0,0,0,0,0,0,0,0,0,0
370535,1,1,1997,29,29,29,29,29,29,29,29,29,29
370536,1,1,1997,0,0,0,0,0,0,0,0,0,0
370536,2,1,1997,0,0,0,0,0,0,0,0,0,0
370537,1,1,1997,22,22,22,22,22,22,22,22,22,22
370537,2,1,1997,0,0,0,0,0,0,0,0,0,6
370538,1,1,1997,15,15,15,15,15,15,15,15,15,15
370539,1,1,1997,28,9,15,23,29,17,17,12,24,28
370540,1,1,1997,0,0,0,0,0,0,0,0,0,0
370540,2,1,1997,0,0,0,0,0,0,0,0,0,9
370541,1,1,1997,0,0,0,0,0,0,0,0,0,0
370542,1,1,1997,16,16,16,16,16,16,16,16,16,16
370543,1,1,1997,0,0,0,0,0,0,0,0,0,0
370543,2,1,1997,0,0,0,0,0,0,0,0,0,0
370544,1,1,1997,0,0,0,0,0,0,0,0,0,0
370545,1,1,1997,0,0,0,0,0,0,0,0,0,0
370546,0,1,1997,0,0,0,0,0,0,0,0,0,0
370546,1,1,1997,0,0,0,0,0,0,0,0,0,0
370547,1,1,1997,0,0,0,0,0,0,0,0,0,0
370547,2,1,1997,0,0,0,0,0,0,0,0,0,0
370548,1,1,1997,0,0,0,0,0,0,0,0,0,0
370548,2,1,1997,0,0,0,0,0,0,0,0,0,0
370549,1,1,1997,18,18,18,18,18,18,18,18,18,18
370550,1,1,1997,0,0,0,0,0,0,0,0,0,0
370551,0,1,1997,0,0,0,0,0,0,0,0,0,0
370551,1,1,1997,0,0,11,0,0,0,0,0,0,0
370552,1,1,1997,0,0,0,0,0,0,0,0,0,0
370552,2,1,1997,0,0,0,0,0,0,0,0,0,0
370553,1,1,1997,19,19,19,19,19,19,19,19,19,19
370554,1,1,1997,13,10,16,17,13,13,11,26,16,25
370554,2,1,1997,0,0,0,0,0,0,0,0,0,0
370555,1,1,1997,20,20,20,20,20,20,20,20,20,20
370556,1,1,1997,21,21,21,21,21,21,21,21,21,21
370557,1,1,1997,0,0,0,0,18,0,0,0,0,0
370558,1,1,1997,0,0,0,0,0,0,0,0,0,0
370558,2,1,1997,0,0,0,0,0,0,0,0,0,0
370559,1,1,1997,14,0,8,18,14,12,18,23,7,0
370559,2,1,1997,0,0,0,0,0,0,0,0,0,0
370560,1,1,1997,11,21,2,21,0,22,18,10,19,25
370561,1,1,1997,10,10,10,10,10,10,10,10,10,10
370562,1,1,1997,0,0,0,0,0,0,0,0,0,0
370563,1,1,1997,0,0,0,0,0,0,0,0,0,0
370564,1,1,1997,0,0,0,0,0,0,0,0,0,0
370564,2,1,1997,0,0,0,0,0,0,0,0,0,0
370565,1,1,1997,14,14,14,14,14,14,14,14,14,14
370566,1,1,1997,22,22,22,22,22,22,22,22,22,22
370567,1,1,1997,15,15,15,15,15,15,15,15,15,15
370568,1,1,1997,0,0,0,0,0,0,0,0,0,0
370569,1,1,1997,8,38,31,0,14,15,16,46,0,19
370570,1,1,1997,0,0,0,0,0,0,0,0,0,0
370570,2,1,1997,0,0,6,0,0,25,0,0,0,0
370571,1,1,1997,0,0,0,0,0,0,0,0,0,0
370572,1,1,1997,11,11,11,11,11,11,11,11,11,11
370572,2,1,1997,0,0,0,0,0,0,0,0,0,0
370573,1,1,1997,0,0,0,0,0,0,0,0,0,0
370574,1,1,1997,18,13,0,32,23,20,0,28,20,5
370575,1,1,1997,0,0,0,0,0,0,0,0,0,0
370575,2,1,1997,0,0,0,0,0,0,0,0,0,0
370576,1,1,1997,0,0,0,0,0,0,0,0,0,0
370577,1,1,1997,0,0,0,0,0,0,0,0,0,0
370577,2,1,1997,0,0,25,0,0,0,0,0,0,0
370578,1,1,1997,15,26,0,0,0,31,0,0,0,0
370578,2,1,1997,19,0,0,0,0,0,0,0,0,0
370579,1,1,1997,0,0,0,0,0,0,0,0,0,0
370580,1,1,1997,0,0,0,0,0,0,0,0,0,0
370580,2,1,1997,0,0,0,0,0,0,0,0,0,0
370581,0,1,1997,0,0,0,0,0,0,0,0,0,0
370581,1,1,1997,0,0,0,0,0,0,0,0,0,0
370582,1,1,1997,0,0,0,0,0,0,0,0,0,0
370582,2,1,1997,0,0,0,0,0,0,0,0,0,0
370583,1,1,1997,0,0,0,0,0,0,0,0,0,0
370583,2,1,1997,0,0,0,0,0,0,0,0,0,0
370584,1,1,1997,0,0,0,0,8,0,0,0,0,0
370585,1,1,1997,0,0,0,0,0,0,0,0,0,0
370585,2,1,1997,0,0,0,0,0,0,0,0,0,0
370585,3,1,1997,0,0,0,0,0,0,0,0,0,0
370586,1,1,1997,11,16,23,35,0,19,0,0,15,42
370587,0,1,1997,21,15,16,0,0,22,28,0,26,0
370587,1,1,1997,0,8,0,0,0,0,0,0,0,0