ST_CASE,VEH_NO,PER_NO,YEAR,P1,P2,P3,P4,P5,P6,P7,P8,P9,P10
370588,1,1,1997,0,0,0,20,0,0,27,20,13,15
370589,0,1,1997,0,0,0,0,0,0,0,0,0,0
370589,1,1,1997,0,0,0,0,0,0,0,0,0,0
370590,1,1,1997,24,14,18,10,7,15,30,22,16,11
370591,1,1,1997,0,0,0,0,0,0,0,0,0,0
370591,2,1,1997,0,0,0,0,0,0,0,0,0,0
370591,3,1,1997,0,0,0,0,0,0,0,0,0,0
370592,1,1,1997,0,0,0,0,0,0,0,0,0,0
370592,2,1,1997,0,0,0,0,0,0,0,0,0,0
370593,0,1,1997,0,0,0,0,0,0,0,0,0,0
370593,0,2,1997,0,0,0,0,0,0,0,0,0,0
370593,1,1,1997,0,0,0,0,0,0,0,0,0,0
370594,1,1,1997,8,8,8,8,8,8,8,8,8,8
370595,1,1,1997,0,0,0,0,0,0,0,0,0,0
370596,1,1,1997,0,0,0,0,0,0,0,0,0,0
370597,1,1,1997,0,0,0,0,0,0,0,0,0,0
370597,2,1,1997,0,0,0,0,0,0,0,0,0,0
370597,3,1,1997,0,0,0,0,0,0,0,0,0,0
370598,0,1,1997,0,0,0,0,0,0,0,0,0,0
370599,1,1,1997,0,0,0,0,21,0,0,0,0,0
370600,1,1,1997,0,0,0,0,0,0,0,0,0,0
370600,2,1,1997,0,0,0,0,0,0,0,0,0,32
370601,1,1,1997,0,7,0,18,0,0,0,0,21,0
370601,2,1,1997,0,0,0,0,0,0,19,0,0,0
370602,1,1,1997,0,0,0,0,0,0,0,0,0,0
370602,2,1,1997,0,0,0,0,0,0,0,0,0,0
370603,0,1,1997,0,0,0,0,0,0,0,0,0,0
370603,1,1,1997,0,0,0,0,0,0,0,0,0,0
370604,0,1,1997,20,20,20,20,20,20,20,20,20,20
370604,1,1,1997,0,0,0,0,0,0,0,0,0,0
370605,1,1,1997,0,0,0,17,0,0,0,0,0,0
370606,1,1,1997,0,0,0,0,0,0,0,0,0,0
370606,2,1,1997,0,0,0,0,0,0,0,0,0,0
370606,3,1,1997,0,0,0,0,0,0,0,0,0,0
370606,4,1,1997,0,0,0,0,0,0,0,0,0,0
370607,1,1,1997,15,20,14,11,8,17,9,0,22,22
370608,0,1,1997,13,13,13,13,13,13,13,13,13,13
370608,1,1,1997,0,0,43,8,3,5,0,9,4,2
370609,1,1,1997,0,0,13,0,0,0,0,0,0,0
370610,1,1,1997,29,29,29,29,29,29,29,29,29,29
370611,1,1,1997,0,0,0,0,12,0,0,0,0,0
370613,1,1,1997,0,26,0,0,0,35,0,0,0,0
370613,2,1,1997,0,0,0,0,0,0,0,0,0,0
370614,1,1,1997,0,0,0,0,0,0,0,0,0,0
370614,2,1,1997,0,0,0,0,0,0,0,0,0,0
370615,1,1,1997,22,22,22,22,22,22,22,22,22,22
370616,1,1,1997,20,20,20,20,20,20,20,20,20,20
370617,1,1,1997,18,18,18,18,18,18,18,18,18,18
370617,2,1,1997,0,0,0,0,0,0,0,0,0,0
370618,1,1,1997,0,11,6,24,16,14,20,0,0,20
370619,1,1,1997,0,0,0,0,0,0,0,0,0,0
370619,2,1,1997,0,0,0,0,0,0,0,0,0,0
370619,3,1,1997,0,0,0,0,0,0,0,0,0,0
370620,1,1,1997,0,0,0,0,0,0,0,0,0,0
370620,2,1,1997,0,0,0,0,0,0,0,0,0,0
370621,1,1,1997,0,0,0,0,0,0,0,0,0,0
370621,2,1,1997,0,0,0,0,0,0,0,0,0,0
370622,1,1,1997,0,0,0,0,0,0,0,0,0,0
370622,2,1,1997,0,0,0,0,0,0,0,0,0,0
370622,3,1,1997,0,0,0,0,0,0,0,0,0,0
370623,1,1,1997,3,3,3,3,3,3,3,3,3,3
370624,1,1,1997,0,0,0,0,0,0,0,0,0,0
370624,2,1,1997,0,0,0,0,0,0,0,0,0,0
370624,3,1,1997,0,0,0,0,0,0,0,0,0,0
370625,1,1,1997,0,0,0,0,0,0,0,0,0,0
370625,2,1,1997,6,18,19,23,23,18,12,1,15,8
370626,0,1,1997,0,0,0,0,0,0,0,0,0,0
370626,1,1,1997,0,0,0,0,0,0,0,0,0,0
370627,1,1,1997,11,11,11,11,11,11,11,11,11,11
370628,1,1,1997,0,0,0,0,0,0,0,0,0,0
370628,2,1,1997,0,0,0,0,0,0,0,0,0,0
370629,1,1,1997,0,0,0,0,9,0,0,0,0,0
370629,2,1,1997,0,0,0,0,0,0,0,0,0,0
370630,1,1,1997,0,0,0,0,0,0,0,0,0,0
370631,1,1,1997,0,0,0,0,0,0,0,0,0,0
370632,1,1,1997,0,11,2,21,15,7,26,16,13,12
370633,1,1,1997,0,0,0,0,0,0,0,0,0,0
370633,2,1,1997,0,0,0,0,0,0,0,0,0,0
370634,1,1,1997,0,0,0,0,0,0,0,0,0,0
370635,1,1,1997,0,0,0,0,0,0,0,0,0,0
370635,2,1,1997,6,6,6,6,6,6,6,6,6,6
370636,1,1,1997,0,0,0,0,0,0,0,0,0,0
370636,2,1,1997,0,0,0,0,0,0,0,0,0,7
370637,1,1,1997,31,31,31,31,31,31,31,31,31,31
370638,0,1,1997,20,20,20,20,20,20,20,20,20,20
370638,1,1,1997,0,0,0,13,0,0,0,0,0,0
370639,1,1,1997,0,0,0,0,0,0,0,0,0,0
370639,2,1,1997,13,10,14,17,9,24,9,15,13,11
370640,0,1,1997,25,25,25,25,25,25,25,25,25,25
370640,1,1,1997,0,0,0,0,0,0,0,0,0,0
370641,1,1,1997,0,0,0,0,0,0,0,0,0,0
370641,2,1,1997,0,0,0,0,0,0,0,0,0,0
370642,1,1,1997,0,0,0,0,0,0,0,0,0,0
370642,2,1,1997,0,0,0,0,0,0,0,0,0,0
370643,1,1,1997,0,0,0,0,0,0,0,0,0,0
370643,2,1,1997,0,0,0,0,0,0,0,0,0,0
370643,3,1,1997,0,0,0,0,0,0,0,0,0,0
370644,1,1,1997,0,0,0,0,0,0,0,0,0,0
370645,1,1,1997,0,0,0,0,0,0,0,0,0,0
370645,2,1,1997,0,0,0,0,0,0,0,0,0,0
370645,3,1,1997,0,0,0,0,0,0,0,0,0,0
370646,1,1,1997,0,0,0,0,0,0,0,0,0,0
370646,2,1,1997,0,0,0,0,0,0,0,0,0,0
370647,1,1,1997,5,0,18,21,19,17,7,21,15,7
370647,2,1,1997,0,0,0,0,0,0,0,0,0,0
370648,1,1,1997,0,0,0,0,0,0,0,0,0,0
370649,1,1,1997,12,10,7,11,13,0,11,14,13,13
370649,2,1,1997,0,0,0,0,0,0,0,0,0,0
370650,0,1,1997,0,0,0,0,0,0,0,0,0,0
370650,0,2,1997,0,0,0,0,0,0,0,0,0,0
370650,1,1,1997,0,0,0,0,0,0,0,0,0,0
370651,1,1,1997,24,24,24,24,24,24,24,24,24,24
370652,1,1,1997,0,0,0,0,0,0,0,0,0,0
370652,2,1,1997,0,0,0,0,0,0,0,0,0,0
370653,1,1,1997,0,0,0,0,0,0,0,0,0,0
370654,1,1,1997,0,0,0,0,0,0,0,0,0,0
370654,2,1,1997,0,0,0,0,0,0,0,0,0,0
370655,1,1,1997,0,0,0,0,0,0,0,0,0,0
370655,2,1,1997,0,0,0,0,0,0,0,0,0,0
370656,1,1,1997,0,0,0,0,0,0,0,0,0,0
370657,1,1,1997,0,0,0,0,0,0,0,0,0,0
370658,1,1,1997,0,0,0,0,0,0,0,0,0,0
370658,2,1,1997,0,0,0,0,0,0,0,0,0,0
370659,1,1,1997,0,0,0,0,0,0,0,0,0,0
370660,0,1,1997,17,17,17,17,17,17,17,17,17,17
370660,1,1,1997,0,0,0,0,0,0,0,0,0,0
370661,1,1,1997,0,0,0,0,0,0,0,0,0,0
370661,2,1,1997,0,0,0,0,0,0,0,0,0,0
370662,1,1,1997,0,0,0,0,0,0,0,0,0,0
370662,2,1,1997,0,0,0,0,0,0,0,0,0,0
370664,0,1,1997,5,5,5,5,5,5,5,5,5,5
370664,1,1,1997,0,0,0,0,0,0,0,0,0,0
370665,1,1,1997,14,14,10,18,26,4,22,17,8,13
370666,1,1,1997,13,13,13,13,13,13,13,13,13,13
370667,1,1,1997,0,0,0,0,0,0,0,0,0,0
370667,2,1,1997,0,0,0,0,0,0,0,0,0,0
370668,1,1,1997,23,23,23,23,23,23,23,23,23,23
370668,2,1,1997,0,0,0,0,0,0,0,0,0,0
370669,1,1,1997,0,0,0,0,0,0,0,0,0,0
370669,2,1,1997,0,0,0,0,0,0,0,0,0,0
370670,1,1,1997,0,0,0,0,0,0,0,0,0,0
370670,2,1,1997,0,0,0,0,0,0,0,0,0,0
370671,0,1,1997,15,0,0,11,0,14,21,0,0,20
370671,1,1,1997,0,0,0,0,0,0,0,0,0,0
370672,1,1,1997,0,0,0,0,0,0,0,0,0,0
370672,2,1,1997,0,0,0,0,0,0,0,0,0,0
370672,3,1,1997,0,0,0,0,0,0,0,0,0,0
370672,4,1,1997,0,0,0,0,0,0,0,0,0,0
370673,1,1,1997,0,0,0,0,0,0,0,0,0,0
370674,1,1,1997,10,16,10,14,20,0,16,4,10,21
370674,2,1,1997,0,0,0,0,0,0,0,0,0,0
370675,1,1,1997,6,6,6,6,6,6,6,6,6,6
370676,1,1,1997,0,0,0,0,0,0,0,0,0,0
370677,1,1,1997,14,14,14,14,14,14,14,14,14,14
370678,1,1,1997,0,0,0,0,0,0,0,0,0,0
370678,2,1,1997,0,0,0,0,0,0,0,0,0,0
370679,0,1,1997,36,36,36,36,36,36,36,36,36,36
370679,1,1,1997,11,0,0,0,0,0,0,0,0,0
370680,1,1,1997,0,0,0,0,0,0,0,0,0,0
370681,1,1,1997,22,22,22,22,22,22,22,22,22,22
370682,1,1,1997,5,5,5,5,5,5,5,5,5,5
370683,0,1,1997,27,27,27,27,27,27,27,27,27,27
370683,1,1,1997,0,0,0,0,0,18,0,0,0,0
370684,0,1,1997,35,35,35,35,35,35,35,35,35,35
370684,1,1,1997,0,0,0,0,0,0,0,0,0,0
370685,1,1,1997,0,0,0,0,0,9,0,0,0,0
370686,1,1,1997,0,0,0,0,0,0,0,0,0,0
370686,2,1,1997,0,0,0,0,0,0,0,0,0,0
370687,1,1,1997,0,0,0,0,0,0,0,0,0,0
370688,1,1,1997,0,0,0,0,0,0,0,0,0,0
370688,2,1,1997,0,0,0,0,0,0,0,0,0,0
370689,1,1,1997,2,2,2,2,2,2,2,2,2,2
370690,1,1,1997,0,0,0,0,0,0,0,0,0,0
370691,1,1,1997,0,0,0,0,0,0,0,0,0,0
370692,1,1,1997,0,0,0,0,0,0,0,0,0,0
370693,1,1,1997,16,16,16,16,16,16,16,16,16,16
370694,1,1,1997,0,0,0,0,0,0,0,0,0,0
370694,2,1,1997,0,0,0,0,0,0,0,0,0,0
370694,3,1,1997,0,0,0,0,0,0,0,0,0,0
370695,1,1,1997,0,0,0,0,0,0,0,0,0,0
370696,1,1,1997,0,0,0,0,0,0,0,0,0,0
370697,1,1,1997,0,0,0,0,0,0,0,0,0,0
370698,1,1,1997,0,0,0,0,0,0,0,0,0,0
370698,2,1,1997,0,8,0,0,0,0,0,0,0,0
370698,3,1,1997,0,0,0,0,0,0,0,0,0,0
370699,1,1,1997,0,4,5,0,0,0,18,0,0,0
370700,1,1,1997,0,0,0,0,0,0,0,0,10,0
370700,2,1,1997,0,0,0,0,0,0,0,0,0,0
370701,1,1,1997,24,24,24,24,24,24,24,24,24,24
370702,1,1,1997,0,0,0,0,0,0,0,0,0,0
370702,2,1,1997,0,0,0,0,0,0,0,0,0,0
370703,1,1,1997,13,13,13,13,13,13,13,13,13,13
370704,1,1,1997,0,0,0,0,0,0,0,0,0,0
370705,1,1,1997,11,11,11,11,11,11,11,11,11,11
370706,1,1,1997,2,2,2,2,2,2,2,2,2,2
370707,1,1,1997,10,10,10,10,10,10,10,10,10,10
370708,1,1,1997,12,12,12,12,12,12,12,12,12,12
370709,1,1,1997,14,14,14,14,14,14,14,14,14,14
370709,2,1,1997,0,0,0,0,0,0,0,9,0,0
370710,1,1,1997,21,21,21,21,21,21,21,21,21,21
370711,0,1,1997,0,0,0,0,0,0,0,0,0,0
370711,1,1,1997,7,14,11,4,35,15,33,7,7,29
370712,1,1,1997,31,31,31,31,31,31,31,31,31,31
370713,1,1,1997,0,7,0,0,0,0,0,0,0,0
370714,1,1,1997,20,20,20,20,20,20,20,20,20,20
370715,1,1,1997,28,28,28,28,28,28,28,28,28,28
370716,1,1,1997,0,0,0,0,0,0,0,0,0,0
370716,2,1,1997,0,0,0,0,0,0,0,0,0,0
370717,1,1,1997,20,20,20,20,20,20,20,20,20,20
370718,1,1,1997,21,20,14,6,17,0,19,15,0,21
370719,1,1,1997,0,0,0,0,0,0,0,0,0,0
370719,2,1,1997,0,0,0,0,0,0,0,0,0,0
370720,1,1,1997,0,0,0,0,0,0,0,0,0,0
370721,1,1,1997,19,19,19,19,19,19,19,19,19,19
370721,2,1,1997,0,0,0,0,0,0,0,0,0,0
370722,1,1,1997,0,0,0,0,0,0,0,0,0,0
370723,1,1,1997,0,0,0,0,0,0,0,0,0,0
370723,2,1,1997,0,0,0,0,0,0,0,0,0,0
370724,0,1,1997,40,18,35,0,0,0,0,34,0,19
370724,1,1,1997,10,5,10,9,5,16,12,0,0,17
370725,1,1,1997,0,0,0,0,0,0,0,0,0,0
370725,2,1,1997,0,0,0,0,0,0,0,0,0,0
370726,1,1,1997,0,0,0,0,0,0,0,0,0,0
370726,2,1,1997,0,0,0,0,0,0,0,0,0,0
370727,1,1,1997,13,13,13,13,13,13,13,13,13,13
370728,1,1,1997,0,0,0,0,0,0,0,0,0,0
370728,2,1,1997,0,0,0,0,0,0,0,0,0,0
370728,3,1,1997,0,13,5,0,0,0,0,0,0,0
370729,1,1,1997,0,0,0,0,0,0,0,0,0,0
370730,1,1,1997,8,10,12,7,11,8,6,13,0,0
370730,2,1,1997,0,0,0,0,0,0,0,0,0,0
370730,3,1,1997,0,0,0,0,0,0,0,0,0,0
370731,1,1,1997,7,7,7,7,7,7,7,7,7,7
370732,1,1,1997,0,0,0,0,0,0,0,0,0,0
370733,1,1,1997,0,0,0,0,0,0,0,0,0,0
370734,0,1,1997,0,0,0,0,0,0,0,0,0,0
370734,0,2,1997,0,0,16,0,0,7,0,0,0,0
370734,0,3,1997,0,0,0,0,17,19,0,16,0,9
370734,0,4,1997,0,0,4,0,14,0,0,0,0,0
370734,1,1,1997,0,0,0,0,0,0,0,0,12,0
370735,1,1,1997,12,12,12,12,12,12,12,12,12,12
370736,1,1,1997,18,18,18,18,18,18,18,18,18,18
370737,0,1,1997,0,0,0,0,0,0,0,0,0,0
370737,1,1,1997,18,35,17,11,33,8,13,12,17,4
370738,1,1,1997,0,0,0,0,0,0,0,0,0,0
370738,2,1,1997,0,0,0,0,0,0,0,0,0,0
370739,0,1,1997,0,0,0,0,0,0,0,33,0,0
370739,1,1,1997,0,0,0,0,0,0,0,0,0,0
370740,1,1,1997,16,16,16,16,16,16,16,16,16,16
370741,1,1,1997,0,0,0,0,0,0,0,0,0,0
370741,2,1,1997,0,0,0,0,0,0,0,0,0,0
370741,3,1,1997,0,0,0,0,0,0,0,0,0,0
370742,1,1,1997,5,5,5,5,5,5,5,5,5,5
370743,1,1,1997,23,23,23,23,23,23,23,23,23,23
370743,2,1,1997,0,0,0,6,0,0,0,0,0,0
370744,1,1,1997,22,22,22,22,22,22,22,22,22,22
370745,1,1,1997,0,0,0,0,0,0,0,0,0,0
370746,0,1,1997,21,21,21,21,21,21,21,21,21,21
370746,1,1,1997,0,0,0,0,0,0,28,0,0,0
370747,1,1,1997,14,14,14,14,14,14,14,14,14,14
370748,1,1,1997,6,18,40,26,3,16,28,15,6,6
370748,2,1,1997,0,0,0,0,0,0,0,0,0,0
370749,1,1,1997,16,16,16,16,16,16,16,16,16,16
370750,1,1,1997,19,19,19,19,19,19,19,19,19,19
370751,1,1,1997,31,21,18,17,15,0,11,16,18,13
370752,1,1,1997,0,0,0,0,0,0,0,0,0,0
370752,2,1,1997,0,0,0,0,0,0,0,0,0,0
370753,1,1,1997,0,0,0,9,0,10,0,0,32,0
370754,1,1,1997,8,8,8,8,8,8,8,8,8,8
370755,1,1,1997,9,9,9,9,9,9,9,9,9,9
370756,1,1,1997,0,0,0,0,0,0,0,0,0,0
370756,2,1,1997,0,0,0,0,0,0,0,0,0,0
370757,0,1,1997,25,25,25,25,25,25,25,25,25,25
370757,1,1,1997,0,0,0,0,0,0,0,0,0,0
370758,0,1,1997,0,0,0,0,0,0,0,0,0,0
370758,1,1,1997,0,0,0,0,0,0,0,0,0,0
370758,2,1,1997,12,0,0,0,37,0,0,23,0,0
370759,0,1,1997,0,0,0,0,0,0,0,0,0,0
370759,1,1,1997,0,0,0,0,0,0,0,0,0,0
370760,1,1,1997,0,0,0,0,0,0,0,0,0,0
370760,2,1,1997,0,0,0,0,0,0,0,0,0,0
370761,1,1,1997,0,0,0,0,0,0,0,0,0,0
370762,1,1,1997,24,24,24,24,24,24,24,24,24,24
370763,1,1,1997,0,16,0,14,0,0,0,0,7,21
370763,2,1,1997,0,0,0,0,0,0,0,0,0,0
370764,1,1,1997,0,0,0,0,0,0,0,0,0,0
370764,2,1,1997,0,0,0,0,0,0,0,0,0,0
370765,1,1,1997,17,17,17,17,17,17,17,17,17,17
370766,1,1,1997,0,0,0,0,0,0,0,0,0,0
370767,1,1,1997,0,0,0,0,0,0,4,0,0,0
370767,2,1,1997,5,17,32,5,13,12,15,33,9,5
370768,0,1,1997,19,19,19,19,19,19,19,19,19,19
370768,1,1,1997,0,0,0,0,0,30,0,0,0,0
370769,1,1,1997,0,0,0,0,0,0,0,0,0,0
370769,2,1,1997,0,0,0,0,0,0,0,0,0,0
370770,1,1,1997,0,0,0,0,0,0,0,0,0,0
370770,2,1,1997,0,0,0,0,0,0,0,0,0,0
370770,3,1,1997,0,0,0,0,0,0,0,0,0,0
370771,1,1,1997,0,0,0,0,0,0,0,0,0,0
370771,2,1,1997,0,0,0,0,0,0,0,0,0,0
370772,1,1,1997,0,0,0,0,0,0,0,0,0,0
370772,2,1,1997,0,0,0,0,0,0,0,0,0,0
370773,1,1,1997,0,0,0,0,0,0,0,0,0,0
370774,0,1,1997,0,0,0,0,0,0,0,0,0,0
370774,1,1,1997,0,0,0,0,0,0,0,0,0,0
370775,1,1,1997,15,12,18,37,21,10,13,28,18,18
370776,1,1,1997,0,0,0,0,0,0,0,0,0,0
370776,2,1,1997,0,0,0,0,0,0,0,0,0,0
370777,1,1,1997,0,0,0,0,0,0,0,0,0,0
370777,2,1,1997,0,0,0,0,0,0,0,0,0,0
370778,1,1,1997,0,0,18,0,0,0,0,0,0,0
370779,1,1,1997,15,12,22,12,18,20,28,0,6,41
370779,2,1,1997,0,0,0,0,0,0,0,0,0,0
370779,3,1,1997,0,0,0,0,0,0,0,0,0,0
370780,1,1,1997,0,0,0,0,8,0,0,0,0,0
370780,2,1,1997,0,0,0,0,0,0,0,0,0,0
370780,3,1,1997,0,0,0,0,0,0,0,0,0,0
370781,1,1,1997,22,22,22,22,22,22,22,22,22,22
370782,1,1,1997,0,0,0,0,0,0,0,0,0,0
370783,0,1,1997,16,16,16,16,16,16,16,16,16,16
370783,1,1,1997,0,0,0,0,0,0,0,15,12,19
370784,1,1,1997,0,0,0,0,0,0,0,0,0,0
370785,1,1,1997,0,0,0,0,0,0,21,0,0,0
370786,1,1,1997,7,7,7,7,7,7,7,7,7,7
370787,0,1,1997,0,0,0,0,0,0,0,0,0,0
370787,1,1,1997,0,0,0,0,0,0,0,0,0,0
370789,1,1,1997,0,0,0,0,0,0,0,0,0,0
370789,2,1,1997,0,0,0,0,0,0,0,0,0,0
370790,1,1,1997,0,0,0,0,0,0,0,0,0,0
370791,1,1,1997,0,0,0,0,0,0,0,0,0,0
370792,1,1,1997,3,3,3,3,3,3,3,3,3,3
370792,2,1,1997,0,0,0,0,0,0,0,0,0,0
370793,1,1,1997,8,8,8,8,8,8,8,8,8,8
370794,1,1,1997,0,0,0,0,0,0,0,0,0,0
370794,2,1,1997,0,0,0,0,0,0,0,0,0,0
370794,3,1,1997,0,0,0,0,0,0,0,0,0,0
370795,0,1,1997,22,22,22,22,22,22,22,22,22,22
370795,1,1,1997,0,0,0,0,0,0,0,16,0,0
370796,0,1,1997,21,21,21,21,21,21,21,21,21,21
370796,1,1,1997,0,0,0,5,0,14,0,0,0,0
370797,1,1,1997,0,0,0,0,0,0,0,15,0,0
370798,1,1,1997,0,0,0,0,0,0,0,0,0,0
370799,1,1,1997,0,0,0,0,0,0,0,0,0,0
370799,2,1,1997,0,0,0,0,0,0,0,0,0,0
370799,3,1,1997,0,0,0,0,0,0,0,0,0,0
370799,4,1,1997,3,3,3,3,3,3,3,3,3,3
370800,1,1,1997,0,0,0,0,0,0,0,0,0,0
370800,2,1,1997,0,0,0,0,0,0,0,0,9,0
370801,1,1,1997,0,0,0,0,0,0,0,0,0,0
370802,1,1,1997,0,0,0,0,0,0,0,0,0,0
370802,2,1,1997,0,0,0,0,0,0,0,0,0,0
370802,3,1,1997,15,0,0,0,0,0,0,0,0,0
370803,1,1,1997,0,0,0,0,0,0,0,0,0,0
370803,2,1,1997,0,0,0,0,0,0,0,0,0,0
370804,1,1,1997,0,0,0,0,0,0,0,0,0,0
370805,1,1,1997,0,0,0,0,0,0,0,0,0,0
370806,1,1,1997,0,0,0,0,0,0,0,0,0,0
370807,1,1,1997,0,0,0,0,0,0,0,0,0,0
370807,2,1,1997,0,0,0,0,0,0,0,0,0,0
370808,1,1,1997,13,13,13,13,13,13,13,13,13,13
370809,0,1,1997,7,7,7,7,7,7,7,7,7,7
370809,1,1,1997,14,16,0,0,0,10,0,0,0,5
370810,1,1,1997,0,0,0,0,0,0,0,0,0,0
370810,2,1,1997,0,0,0,0,0,0,0,0,0,0
370811,1,1,1997,0,0,0,0,0,0,0,0,0,0
370812,1,1,1997,19,13,20,21,0,13,16,10,11,5
370812,2,1,1997,0,0,0,0,0,0,0,0,0,0
370813,0,1,1997,18,18,18,18,18,18,18,18,18,18
370813,1,1,1997,0,0,0,0,0,0,0,0,0,0
370814,1,1,1997,3,15,23,5,21,3,5,9,13,14
370815,1,1,1997,0,0,0,0,0,0,0,0,0,0
370815,2,1,1997,0,0,0,0,0,0,0,0,0,0
370816,1,1,1997,0,0,0,0,0,0,0,0,0,0
370816,2,1,1997,0,0,0,0,0,0,0,0,0,0
370816,3,1,1997,0,0,0,0,0,0,0,0,0,0
370817,1,1,1997,9,7,6,13,3,27,22,7,21,11
370818,1,1,1997,22,22,22,22,22,22,22,22,22,22
370819,1,1,1997,14,14,14,14,14,14,14,14,14,14
370820,1,1,1997,0,0,0,0,0,0,0,0,0,0
370820,2,1,1997,0,0,0,0,0,0,0,0,0,0
370821,1,1,1997,0,0,0,0,0,0,0,0,0,0
370822,0,1,1997,0,0,0,0,0,0,0,0,0,0
370822,1,1,1997,0,0,0,0,0,15,0,0,0,0
370823,1,1,1997,0,0,0,3,0,0,0,9,23,20
370823,2,1,1997,14,0,0,0,0,0,3,0,0,0
370823,3,1,1997,0,0,0,0,0,0,0,0,0,0
370823,4,1,1997,0,23,0,0,0,0,0,0,0,0
370823,5,1,1997,0,0,0,0,0,0,0,0,0,0
370824,1,1,1997,0,0,0,0,0,0,0,0,0,0
370824,2,1,1997,0,0,0,0,0,0,0,0,0,0
370825,1,1,1997,0,0,0,0,0,0,0,0,0,0
370826,1,1,1997,0,0,0,0,0,0,0,0,0,0
370826,2,1,1997,0,0,0,0,0,0,0,0,0,0
370827,0,1,1997,0,0,0,0,0,0,0,0,0,0
370827,1,1,1997,0,0,0,0,0,0,0,0,0,0
370828,1,1,1997,0,0,0,0,0,0,0,0,0,0
370828,2,1,1997,0,0,0,0,0,0,0,0,0,0
370829,1,1,1997,0,0,0,0,0,0,0,0,0,0
370830,0,1,1997,0,0,0,0,0,0,0,0,0,0
370830,1,1,1997,0,0,0,0,0,0,0,0,0,0
370831,1,1,1997,0,0,0,0,0,0,0,0,0,0
370831,2,1,1997,0,0,0,0,0,0,0,0,0,0
370832,1,1,1997,0,0,0,0,0,0,0,0,0,0
370833,1,1,1997,0,0,0,0,0,0,0,0,0,0
370834,0,1,1997,22,22,22,22,22,22,22,22,22,22
370834,1,1,1997,0,0,0,0,0,0,0,0,0,0
370835,0,1,1997,15,15,15,15,15,15,15,15,15,15
370835,1,1,1997,0,0,0,0,0,0,0,0,0,9
370836,0,1,1997,0,0,0,0,0,0,0,0,0,0
370836,1,1,1997,0,0,0,0,0,0,0,0,0,0
370837,1,1,1997,0,0,0,0,0,0,0,0,0,0
370837,2,1,1997,0,0,0,0,0,0,0,0,0,0
370838,1,1,1997,0,0,0,0,0,0,0,0,0,0
370839,1,1,1997,11,11,11,11,11,11,11,11,11,11
370840,1,1,1997,0,0,0,0,0,0,0,0,0,0
370840,2,1,1997,0,0,0,0,0,0,0,0,0,0
370841,0,1,1997,0,0,0,0,0,0,0,0,0,0
370841,1,1,1997,0,0,0,0,0,0,0,0,0,0
370842,1,1,1997,0,0,0,0,0,0,0,0,0,0
370843,1,1,1997,0,0,0,0,0,0,0,0,0,0
370844,0,1,1997,0,0,0,0,0,0,0,0,0,0
370844,1,1,1997,0,0,0,0,0,0,0,0,0,0
370845,1,1,1997,0,0,0,0,0,0,0,0,0,0
370845,2,1,1997,0,0,0,0,0,0,0,0,0,0
370845,3,1,1997,0,0,0,0,0,0,0,0,0,0
370846,1,1,1997,0,0,0,0,0,0,0,0,0,0
370846,2,1,1997,0,0,0,0,0,0,0,0,0,0
370847,1,1,1997,9,9,9,9,9,9,9,9,9,9
370848,1,1,1997,0,0,0,0,0,0,0,0,0,0
370849,1,1,1997,0,8,17,8,14,17,18,4,14,15
370850,1,1,1997,0,0,0,0,0,0,0,0,0,0
370851,1,1,1997,0,0,0,0,0,0,0,0,0,0
370851,2,1,1997,0,0,0,0,0,0,0,0,0,0
370851,3,1,1997,0,0,0,0,0,0,0,0,0,0
370852,0,1,1997,15,15,15,15,15,15,15,15,15,15
370852,1,1,1997,17,0,5,4,0,3,11,0,3,17
370853,0,1,1997,35,35,35,35,35,35,35,35,35,35
370853,1,1,1997,8,0,0,22,0,0,0,0,0,0
370854,1,1,1997,0,0,10,0,0,0,0,0,0,0
370855,1,1,1997,0,0,0,0,0,0,0,0,0,0
370855,2,1,1997,0,0,0,0,0,0,0,0,0,0
370856,1,1,1997,0,0,0,0,0,0,0,0,0,0
370856,2,1,1997,0,0,0,0,0,0,0,0,0,0
370857,1,1,1997,0,0,0,0,0,0,0,0,0,0
370857,2,1,1997,0,0,0,0,10,0,0,0,0,0
370857,3,1,1997,0,0,0,0,0,0,0,0,0,0
370858,1,1,1997,0,0,0,0,0,0,0,0,0,0
370858,2,1,1997,0,0,0,0,0,0,0,0,0,0
370859,0,1,1997,0,0,0,0,0,0,0,0,0,0
370859,1,1,1997,0,0,0,0,0,0,0,0,0,0
370860,1,1,1997,0,27,27,15,22,9,22,3,23,8
370860,2,1,1997,0,0,0,0,0,0,0,0,0,0
370861,1,1,1997,22,22,22,22,22,22,22,22,22,22
370862,1,1,1997,0,0,0,0,0,0,0,0,0,0
370862,2,1,1997,0,0,0,0,0,0,0,0,0,0
370862,3,1,1997,0,0,0,0,0,0,0,0,0,0
370863,1,1,1997,0,0,0,0,0,0,0,0,0,0
370864,1,1,1997,0,0,0,0,0,0,0,0,0,0
370864,2,1,1997,0,0,0,0,0,0,0,0,0,0