ST_CASE,VEH_NO,PER_NO,YEAR,P1,P2,P3,P4,P5,P6,P7,P8,P9,P10
370864,3,1,1997,0,0,0,0,0,0,0,0,0,0
370865,0,1,1997,0,0,0,0,0,0,0,0,0,0
370865,1,1,1997,0,6,0,0,0,0,0,0,0,0
370866,1,1,1997,0,0,0,0,0,0,0,0,0,0
370866,2,1,1997,0,0,0,0,0,0,0,0,0,0
370867,1,1,1997,0,0,0,0,0,0,0,0,0,0
370867,2,1,1997,0,0,0,0,0,0,0,0,0,0
370868,1,1,1997,0,0,0,0,0,0,0,0,0,0
370868,2,1,1997,0,0,0,0,0,0,0,0,0,0
370869,1,1,1997,0,0,0,0,0,0,0,0,0,0
370869,2,1,1997,0,0,0,0,0,0,0,0,0,0
370870,1,1,1997,0,0,0,0,0,0,0,11,10,0
370871,1,1,1997,0,0,0,0,0,0,6,0,0,0
370872,1,1,1997,2,2,2,2,2,2,2,2,2,2
370872,2,1,1997,3,15,17,0,21,9,14,0,24,15
370873,1,1,1997,0,0,0,0,0,0,0,0,0,0
370874,1,1,1997,7,7,7,7,7,7,7,7,7,7
370875,0,1,1997,0,0,0,0,0,0,0,24,0,0
370875,1,1,1997,0,0,0,0,0,0,0,0,0,0
370876,1,1,1997,23,23,23,23,23,23,23,23,23,23
370877,0,1,1997,0,0,0,0,0,0,0,0,0,0
370877,1,1,1997,0,0,0,0,0,0,0,0,0,0
370878,1,1,1997,13,13,13,13,13,13,13,13,13,13
370879,0,1,1997,0,0,0,0,0,0,0,0,0,0
370879,1,1,1997,0,0,0,0,0,0,0,0,0,0
370880,0,1,1997,0,0,0,0,0,0,0,0,0,0
370880,1,1,1997,0,0,0,0,0,0,0,0,0,0
370881,1,1,1997,0,0,0,0,0,0,10,0,0,0
370881,2,1,1997,0,0,0,0,0,0,0,0,0,0
370881,3,1,1997,0,0,0,0,0,0,0,0,0,0
370882,1,1,1997,13,13,13,13,13,13,13,13,13,13
370882,2,1,1997,0,5,0,0,0,0,0,0,0,0
370883,1,1,1997,0,0,0,0,0,0,0,0,0,0
370883,2,1,1997,0,0,0,0,0,0,0,0,0,0
370884,1,1,1997,19,30,14,21,19,3,0,8,21,13
370885,1,1,1997,0,0,0,0,0,0,0,0,0,0
370885,2,1,1997,0,0,0,0,0,0,0,0,8,0
370886,1,1,1997,6,18,7,21,22,15,24,4,0,3
370887,1,1,1997,15,15,15,15,15,15,15,15,15,15
370888,0,1,1997,0,0,0,0,0,0,0,0,0,0
370888,1,1,1997,0,0,0,0,0,0,0,0,0,0
370889,1,1,1997,0,0,0,0,0,0,0,0,0,0
370889,2,1,1997,0,0,0,0,0,0,0,0,0,0
370890,1,1,1997,10,10,10,10,10,10,10,10,10,10
370891,1,1,1997,0,0,0,0,0,0,0,0,0,0
370891,2,1,1997,0,0,0,0,0,0,0,0,20,0
370892,1,1,1997,0,0,0,0,0,0,0,0,0,0
370892,2,1,1997,0,0,0,0,0,0,0,0,0,0
370893,0,1,1997,21,21,21,21,21,21,21,21,21,21
370893,0,2,1997,23,23,23,23,23,23,23,23,23,23
370893,1,1,1997,0,0,0,0,0,0,0,0,0,0
370894,1,1,1997,11,7,13,24,21,0,17,15,7,4
370894,2,1,1997,0,0,0,0,0,0,0,0,0,0
370895,1,1,1997,0,0,0,0,0,0,0,0,0,0
370895,2,1,1997,0,0,0,0,0,0,0,0,0,0
370896,1,1,1997,24,24,24,24,24,24,24,24,24,24
370897,1,1,1997,0,0,0,0,0,0,0,0,0,0
370897,2,1,1997,0,0,0,0,0,0,0,0,0,0
370898,1,1,1997,15,15,15,15,15,15,15,15,15,15
370899,1,1,1997,0,0,0,0,0,0,0,0,0,0
370900,1,1,1997,0,0,0,0,0,0,8,0,0,0
370900,2,1,1997,0,0,0,0,0,0,0,0,0,0
370901,1,1,1997,0,0,0,0,0,0,0,0,0,0
370901,2,1,1997,0,0,0,0,0,0,0,0,0,0
370902,1,1,1997,0,0,0,0,0,0,0,0,0,0
370902,2,1,1997,0,0,0,0,0,0,0,0,0,0
370902,3,1,1997,0,0,0,0,0,0,0,0,0,0
370903,1,1,1997,0,0,0,0,0,0,0,0,0,0
370904,1,1,1997,0,0,0,0,0,0,0,0,0,0
370904,2,1,1997,0,0,0,14,0,0,0,0,0,0
370905,0,1,1997,0,0,0,0,0,0,0,0,0,0
370905,1,1,1997,36,0,0,0,0,13,0,0,0,0
370906,1,1,1997,0,0,0,0,0,0,0,0,0,0
370906,2,1,1997,0,0,0,0,0,0,0,0,0,0
370907,1,1,1997,14,29,0,0,0,0,0,13,0,0
370908,1,1,1997,0,0,0,0,0,0,0,0,0,0
370908,2,1,1997,0,0,0,0,0,0,0,0,0,0
370909,0,1,1997,0,0,0,0,0,0,0,0,0,0
370909,1,1,1997,0,0,0,0,0,0,0,0,0,0
370910,1,1,1997,0,0,0,0,0,0,0,0,0,0
370911,1,1,1997,0,0,0,0,0,0,0,0,0,0
370912,0,1,1997,17,17,17,17,17,17,17,17,17,17
370912,1,1,1997,0,0,0,0,0,0,0,0,0,0
370913,1,1,1997,2,2,2,2,2,2,2,2,2,2
370914,1,1,1997,0,0,0,0,0,0,0,0,0,0
370915,0,1,1997,0,0,0,0,0,0,0,0,0,0
370915,1,1,1997,0,0,0,0,0,0,0,0,0,0
370916,1,1,1997,0,0,0,0,0,0,0,0,0,0
370916,2,1,1997,0,0,0,0,0,0,0,0,0,0
370917,1,1,1997,0,0,0,0,0,0,0,0,0,0
370918,1,1,1997,0,0,0,0,0,0,0,0,0,0
370918,2,1,1997,0,0,0,0,0,0,0,0,0,0
370918,3,1,1997,0,0,0,0,0,0,0,0,0,0
370918,4,1,1997,0,0,0,0,0,0,0,0,0,0
370919,1,1,1997,0,0,0,0,0,0,0,0,0,0
370920,0,1,1997,0,0,0,0,0,0,0,0,0,0
370920,1,1,1997,0,0,0,0,0,0,0,0,0,0
370921,1,1,1997,10,10,10,10,10,10,10,10,10,10
370922,1,1,1997,0,0,0,0,0,0,0,0,0,0
370922,2,1,1997,0,0,0,0,0,0,0,0,0,0
370922,3,1,1997,5,5,5,5,5,5,5,5,5,5
370923,1,1,1997,0,0,0,0,0,0,0,0,0,0
370924,0,1,1997,0,0,0,0,0,0,0,0,0,0
370924,1,1,1997,0,0,0,0,0,0,0,11,0,8
370925,1,1,1997,19,19,19,19,19,19,19,19,19,19
370926,1,1,1997,17,17,17,17,17,17,17,17,17,17
370927,1,1,1997,0,0,0,0,0,12,0,21,0,0
370927,2,1,1997,0,0,0,0,0,0,0,0,0,0
370928,0,1,1997,0,0,0,0,0,0,0,0,0,0
370928,1,1,1997,0,0,0,0,0,0,17,18,0,0
370929,1,1,1997,14,14,14,14,14,14,14,14,14,14
370930,0,1,1997,0,0,0,0,0,0,0,0,0,0
370930,1,1,1997,0,0,0,0,13,0,0,0,0,0
370931,1,1,1997,26,26,26,26,26,26,26,26,26,26
370932,1,1,1997,18,18,18,18,18,18,18,18,18,18
370932,2,1,1997,0,0,0,0,0,0,0,0,0,0
370933,1,1,1997,0,0,0,0,0,0,0,0,0,0
370933,2,1,1997,0,0,1,0,0,0,0,0,0,0
370934,0,1,1997,0,25,23,11,10,11,18,18,13,21
370934,1,1,1997,0,0,0,0,0,0,0,0,0,0
370935,0,1,1997,0,19,0,35,13,0,0,29,20,10
370935,1,1,1997,0,0,0,0,0,0,0,0,0,0
370936,1,1,1997,0,0,0,0,0,0,0,0,0,0
370936,2,1,1997,0,0,0,0,0,0,0,0,0,0
370937,1,1,1997,0,0,0,0,0,0,0,0,0,0
370938,1,1,1997,0,0,0,0,0,0,0,0,0,0
370938,2,1,1997,0,0,0,0,0,0,0,0,0,0
370939,1,1,1997,0,0,0,0,0,0,0,0,0,0
370939,2,1,1997,0,0,0,0,0,0,0,0,0,0
370939,3,1,1997,0,0,0,0,0,0,0,0,0,0
370940,1,1,1997,0,0,0,0,0,0,0,0,0,0
370940,2,1,1997,0,0,0,0,0,0,0,0,0,0
370941,1,1,1997,0,0,0,0,0,0,0,0,0,0
370941,2,1,1997,0,0,0,0,0,0,0,0,0,0
370942,1,1,1997,13,17,0,16,10,19,24,20,12,13
370943,1,1,1997,0,0,0,0,0,0,0,0,0,0
370943,2,1,1997,0,0,0,0,0,0,0,0,0,0
370944,1,1,1997,14,0,0,18,9,7,0,7,6,14
370945,1,1,1997,26,26,26,26,26,26,26,26,26,26
370946,1,1,1997,35,35,35,35,35,35,35,35,35,35
370946,2,1,1997,0,0,0,0,0,0,0,0,0,0
370946,3,1,1997,0,0,0,0,0,0,0,0,0,0
370947,0,1,1997,0,0,0,0,0,0,0,0,0,0
370947,1,1,1997,15,22,19,15,0,23,25,7,22,12
370948,1,1,1997,0,0,0,0,0,0,0,0,0,0
370948,2,1,1997,0,0,5,0,0,15,0,0,0,0
370949,1,1,1997,23,38,0,26,0,13,20,16,35,0
370949,2,1,1997,0,0,0,0,0,0,0,0,0,0
370950,0,1,1997,0,0,0,0,0,0,0,0,0,0
370950,1,1,1997,8,27,0,6,22,16,22,9,4,19
370951,1,1,1997,0,0,0,0,0,0,0,0,0,0
370952,1,1,1997,0,0,0,0,0,0,0,0,0,0
370952,2,1,1997,0,0,0,0,0,0,0,0,0,0
370953,1,1,1997,0,0,0,0,0,0,0,0,0,0
370953,2,1,1997,0,0,0,0,0,6,0,0,0,0
370954,1,1,1997,0,0,0,0,0,0,0,0,0,0
370954,2,1,1997,0,11,16,0,0,0,0,0,0,0
370955,1,1,1997,0,0,0,0,0,10,0,0,0,0
370955,2,1,1997,0,0,0,0,0,0,0,0,0,0
370956,1,1,1997,29,4,9,0,22,0,0,0,0,10
370957,1,1,1997,0,0,0,0,0,0,0,0,0,0
370957,2,1,1997,0,0,0,0,0,0,0,12,0,0
370957,3,1,1997,0,0,0,0,0,0,0,0,0,0
370958,0,1,1997,0,0,0,0,0,0,0,0,0,0
370958,1,1,1997,0,0,0,0,0,0,0,0,0,0
370959,1,1,1997,21,6,18,34,0,0,0,0,0,15
370960,1,1,1997,0,0,0,0,6,0,0,0,0,0
370960,2,1,1997,0,0,0,0,0,0,0,0,0,0
370961,1,1,1997,19,19,19,19,19,19,19,19,19,19
370961,2,1,1997,0,0,0,0,0,0,0,0,0,0
370962,1,1,1997,0,0,0,0,0,0,0,0,0,0
370963,1,1,1997,0,0,0,0,0,0,0,0,0,0
370964,1,1,1997,7,7,7,7,7,7,7,7,7,7
370965,1,1,1997,9,6,15,7,4,0,13,16,0,8
370966,1,1,1997,30,0,27,14,28,22,10,12,18,0
370966,2,1,1997,0,0,0,0,0,0,0,0,0,0
370967,1,1,1997,0,0,0,0,0,0,0,0,0,0
370967,2,1,1997,17,0,0,0,0,0,0,0,0,0
370968,0,1,1997,32,20,0,0,11,0,0,0,0,7
370968,0,2,1997,11,0,0,0,0,0,0,0,0,0
370968,1,1,1997,0,0,0,0,0,0,0,0,0,0
370969,1,1,1997,15,15,15,15,15,15,15,15,15,15
370969,2,1,1997,0,0,0,0,7,0,0,0,0,0
370970,1,1,1997,0,0,0,0,0,0,0,0,0,0
370970,2,1,1997,0,0,0,0,0,0,0,0,0,0
370971,1,1,1997,0,0,0,0,0,0,0,0,0,0
370971,2,1,1997,0,0,0,0,0,0,0,0,0,0
370972,1,1,1997,0,0,0,0,0,0,0,0,0,0
370973,1,1,1997,0,0,0,0,0,0,0,0,0,0
370973,2,1,1997,16,12,19,0,0,0,0,0,0,0
370974,1,1,1997,8,8,8,8,8,8,8,8,8,8
370975,0,1,1997,0,0,0,0,0,0,0,0,0,0
370975,1,1,1997,10,6,4,7,6,0,10,18,15,0
370976,1,1,1997,0,0,0,0,0,0,0,0,0,0
370976,2,1,1997,0,0,0,0,0,0,0,0,0,0
370976,3,1,1997,0,0,0,0,0,0,0,0,0,0
370977,1,1,1997,0,0,0,0,0,0,0,0,0,0
370977,2,1,1997,0,0,0,0,0,0,0,0,0,0
370978,1,1,1997,0,0,0,0,0,0,0,0,0,0
370978,2,1,1997,0,0,0,0,0,0,0,0,0,0
370978,3,1,1997,0,0,0,0,0,0,0,0,0,0
370978,4,1,1997,0,0,0,0,0,0,0,0,0,0
370978,5,1,1997,0,0,0,0,0,0,0,0,0,0
370978,6,1,1997,0,0,0,0,0,0,0,8,0,0
370978,7,1,1997,0,0,0,0,0,0,0,0,0,0
370978,8,1,1997,0,0,0,0,0,0,0,0,0,0
370978,9,1,1997,0,0,0,0,0,0,0,0,0,0
370978,10,1,1997,0,0,0,0,0,0,0,0,0,0
370979,1,1,1997,0,0,0,0,0,0,0,0,0,0
370979,2,1,1997,0,0,0,0,0,0,0,0,0,0
370980,1,1,1997,0,0,0,0,0,0,0,0,0,0
370981,1,1,1997,0,0,0,0,0,0,0,0,0,0
370981,2,1,1997,0,0,0,0,0,0,0,0,0,0
370982,1,1,1997,0,0,0,0,0,0,0,0,0,0
370982,2,1,1997,0,0,0,0,0,0,0,0,0,0
370983,1,1,1997,0,0,0,0,0,0,0,0,0,0
370983,2,1,1997,0,0,0,0,0,0,0,0,0,0
370984,1,1,1997,0,0,0,0,0,0,0,0,0,0
370984,2,1,1997,0,0,0,0,0,0,0,0,0,0
370985,1,1,1997,0,0,0,0,0,0,13,0,0,0
370986,1,1,1997,0,0,12,14,19,0,38,16,10,29
370987,1,1,1997,20,11,26,16,14,16,17,17,17,13
370987,2,1,1997,0,0,0,0,0,0,0,0,0,0
370988,1,1,1997,0,0,0,0,0,0,0,0,0,0
370988,2,1,1997,0,0,0,0,0,0,0,0,0,0
370989,1,1,1997,28,0,0,30,0,14,0,0,0,0
370989,2,1,1997,0,0,0,0,0,0,0,0,0,0
370990,1,1,1997,21,13,6,9,21,0,13,26,15,16
370990,2,1,1997,0,18,0,0,0,0,0,0,0,0
370991,1,1,1997,14,14,14,14,14,14,14,14,14,14
370992,1,1,1997,17,17,17,17,17,17,17,17,17,17
370993,1,1,1997,0,0,0,0,0,0,0,0,0,0
370993,2,1,1997,0,0,0,0,0,0,0,0,0,0
370994,1,1,1997,0,0,0,0,0,0,0,0,0,0
370994,2,1,1997,0,0,0,0,0,0,0,0,0,0
370995,1,1,1997,0,0,0,0,0,0,0,0,0,0
370995,2,1,1997,0,0,0,0,0,0,0,0,0,0
370996,1,1,1997,0,0,27,0,0,0,0,0,0,0
370997,1,1,1997,0,0,0,0,0,0,0,0,0,0
370997,2,1,1997,0,0,0,0,0,0,0,0,0,0
370998,1,1,1997,0,0,0,0,0,0,0,0,0,0
370999,1,1,1997,21,22,0,12,0,0,27,0,0,15
371000,1,1,1997,0,0,0,0,0,0,0,0,0,0
371000,2,1,1997,14,0,0,0,0,0,0,0,0,0
371001,1,1,1997,0,0,0,0,0,0,0,0,0,0
371001,2,1,1997,0,0,0,0,0,0,0,0,0,0
371001,3,1,1997,0,0,0,0,0,0,0,0,0,0
371001,4,1,1997,0,0,0,0,0,0,0,0,0,0
371001,5,1,1997,0,0,0,0,0,0,0,0,0,0
371001,6,1,1997,0,0,0,0,0,0,0,12,0,0
371002,1,1,1997,0,0,0,0,0,0,0,0,0,0
371002,2,1,1997,0,0,0,0,0,0,0,0,0,0
371003,1,1,1997,0,0,0,0,0,0,0,0,0,0
371003,2,1,1997,0,0,0,0,0,0,0,0,0,0
371004,1,1,1997,0,0,0,0,0,0,0,0,0,0
371004,2,1,1997,15,0,0,18,0,0,0,0,0,0
371005,1,1,1997,8,6,7,11,10,4,23,9,7,19
371005,2,1,1997,0,0,0,0,0,0,0,0,0,0
371006,1,1,1997,0,0,4,15,20,0,15,10,0,0
371006,2,1,1997,0,0,0,29,0,0,0,0,0,0
371007,1,1,1997,15,15,15,15,15,15,15,15,15,15
371008,1,1,1997,0,0,0,0,0,0,0,0,0,0
371008,2,1,1997,0,0,0,0,0,0,0,0,0,0
371008,3,1,1997,0,0,0,0,0,0,0,0,0,0
371008,4,1,1997,0,0,0,0,0,0,0,0,0,8
371009,0,1,1997,16,0,2,43,0,14,0,0,0,0
371009,1,1,1997,0,0,0,0,0,0,0,0,0,0
371010,1,1,1997,0,0,0,0,0,0,0,0,0,0
371011,1,1,1997,0,0,0,0,0,0,0,0,0,0
371012,1,1,1997,11,15,15,21,12,4,25,25,11,21
371013,0,1,1997,0,0,0,0,0,0,0,0,0,0
371013,1,1,1997,0,0,0,0,0,0,0,0,0,0
371014,1,1,1997,0,0,0,0,0,0,0,0,0,0
371015,1,1,1997,28,11,5,21,15,13,24,11,13,11
371016,1,1,1997,0,0,0,0,0,0,0,0,0,0
371017,1,1,1997,0,0,0,0,0,0,0,0,0,0
371017,2,1,1997,0,0,0,0,0,0,0,0,0,0
371018,1,1,1997,0,0,0,0,0,0,0,0,0,0
371018,2,1,1997,0,0,0,7,0,0,0,3,0,0
371019,1,1,1997,0,0,0,0,0,0,0,0,0,0
371019,2,1,1997,0,0,0,0,21,0,0,0,0,0
371020,1,1,1997,0,0,0,0,0,0,0,0,0,0
371020,2,1,1997,0,0,0,0,0,0,0,0,0,0
371021,1,1,1997,0,0,0,0,0,0,0,0,0,0
371021,2,1,1997,0,0,0,0,0,0,0,0,0,0
371022,1,1,1997,14,14,14,14,14,14,14,14,14,14
371023,1,1,1997,8,11,2,21,13,12,19,16,17,16
371023,2,1,1997,0,33,0,0,0,8,0,0,0,0
371024,1,1,1997,0,0,0,0,0,0,0,0,0,0
371024,2,1,1997,0,0,0,0,0,0,0,0,0,0
371025,0,1,1997,0,0,0,0,0,0,0,0,0,0
371025,1,1,1997,0,0,0,0,0,0,0,0,0,0
371026,0,1,1997,39,39,39,39,39,39,39,39,39,39
371026,1,1,1997,0,0,18,0,0,0,0,0,0,0
371027,1,1,1997,25,14,3,22,7,0,0,0,5,0
371028,1,1,1997,6,6,6,6,6,6,6,6,6,6
371028,2,1,1997,0,0,0,0,0,0,0,0,0,0
371029,1,1,1997,0,0,0,0,0,0,0,0,0,0
371029,2,1,1997,0,0,0,0,0,0,0,0,0,0
371030,1,1,1997,12,12,12,12,12,12,12,12,12,12
371031,0,1,1997,0,0,0,22,0,0,0,0,0,0
371031,1,1,1997,0,0,0,0,0,0,0,0,0,0
371032,1,1,1997,0,0,0,0,0,0,0,19,0,0
371033,1,1,1997,17,13,20,11,0,21,27,19,25,40
371034,1,1,1997,0,0,0,0,0,0,0,0,0,0
371034,2,1,1997,0,0,0,0,0,0,0,0,0,0
371035,1,1,1997,0,30,0,0,0,0,0,22,0,0
371035,2,1,1997,0,0,0,0,0,0,0,0,0,0
371036,0,1,1997,0,12,17,0,13,20,13,21,0,17
371036,1,1,1997,0,5,0,0,16,0,0,0,0,0
371037,1,1,1997,26,26,26,26,26,26,26,26,26,26
371038,1,1,1997,4,18,9,13,25,4,10,9,21,14
371039,1,1,1997,34,14,20,19,0,0,10,19,4,26
371040,1,1,1997,0,0,0,0,6,17,3,0,0,11
371040,2,1,1997,0,0,0,0,0,0,0,0,0,0
371041,1,1,1997,0,0,0,0,0,0,0,0,0,0
371041,2,1,1997,0,0,0,0,0,0,0,0,0,0
371042,1,1,1997,0,0,0,0,0,0,0,0,0,0
371042,2,1,1997,0,0,0,0,0,0,0,0,0,0
371043,1,1,1997,0,0,0,0,0,0,0,0,0,0
371043,2,1,1997,0,0,0,0,0,0,0,0,0,0
371044,1,1,1997,24,22,21,6,21,14,19,6,20,29
371045,1,1,1997,14,14,14,14,14,14,14,14,14,14
371045,2,1,1997,0,0,0,0,7,0,0,0,0,0
371046,1,1,1997,0,0,0,0,0,0,0,0,0,0
371047,1,1,1997,7,10,23,7,11,20,14,9,15,4
371048,1,1,1997,0,0,0,24,0,0,0,0,0,0
371049,1,1,1997,0,0,0,0,0,0,0,0,0,0
371049,2,1,1997,0,0,0,0,0,0,0,0,0,0
371049,3,1,1997,0,0,0,0,0,0,0,0,0,0
371050,0,1,1997,0,0,0,0,0,0,0,0,0,0
371050,1,1,1997,0,0,0,0,0,0,0,0,0,0
371051,1,1,1997,23,0,0,0,0,8,0,0,0,0
371052,1,1,1997,0,0,0,14,0,0,0,0,0,0
371052,2,1,1997,0,0,0,0,0,0,0,0,0,0
371053,1,1,1997,0,0,0,0,0,0,0,0,0,0
371053,2,1,1997,0,0,0,0,0,0,0,0,0,0
371054,1,1,1997,0,0,0,0,0,0,0,0,0,0
371054,2,1,1997,0,0,0,0,0,0,0,0,0,0
371055,1,1,1997,0,0,0,0,0,12,0,0,0,0
371056,1,1,1997,0,0,0,0,0,0,0,0,0,0
371057,1,1,1997,0,0,0,0,0,0,0,0,0,0
371057,2,1,1997,0,0,0,0,0,0,0,0,0,0
371058,1,1,1997,0,0,0,0,0,0,0,0,0,0
371058,2,1,1997,0,0,0,0,0,0,0,0,0,0
371059,1,1,1997,0,0,0,0,0,0,0,0,0,0
371060,1,1,1997,0,0,0,0,0,0,0,0,0,0
371060,2,1,1997,15,15,15,15,15,15,15,15,15,15
371061,1,1,1997,0,17,21,27,17,0,3,17,11,11
371062,0,1,1997,29,29,29,29,29,29,29,29,29,29
371062,1,1,1997,0,0,0,0,0,0,0,0,0,0
371063,1,1,1997,0,0,0,0,0,0,0,0,0,0
371063,2,1,1997,0,0,0,0,0,0,0,0,0,0
371063,3,1,1997,0,0,0,0,0,0,0,0,0,0
371064,1,1,1997,0,0,0,0,0,0,0,0,0,0
371064,2,1,1997,0,0,0,0,0,0,0,0,0,0
371065,0,1,1997,0,0,0,0,0,0,0,0,0,0
371065,1,1,1997,0,0,0,0,0,0,0,0,0,0
371066,1,1,1997,0,0,0,0,0,0,0,0,0,0
371067,1,1,1997,0,0,0,0,0,0,0,0,0,0
371068,1,1,1997,0,0,0,0,0,0,0,0,0,0
371069,0,1,1997,27,27,27,27,27,27,27,27,27,27
371069,1,1,1997,0,0,0,0,0,0,0,0,0,0
371070,1,1,1997,0,0,28,0,0,0,8,25,0,0
371071,1,1,1997,0,0,0,0,0,0,0,0,0,0
371071,2,1,1997,12,0,0,0,0,0,23,0,0,0
371072,1,1,1997,0,0,0,0,0,0,0,0,0,0
371072,2,1,1997,0,0,0,0,0,0,0,0,0,0
371073,1,1,1997,0,0,0,0,0,0,0,0,0,0
371073,2,1,1997,0,0,0,0,0,0,0,0,0,0
371073,3,1,1997,0,0,0,12,0,0,0,0,0,0
371074,1,1,1997,0,0,0,0,0,0,0,0,0,0
371075,1,1,1997,0,0,0,0,0,0,0,0,0,0
371075,2,1,1997,0,0,0,0,25,0,0,0,0,0
371076,1,1,1997,0,0,0,0,0,0,0,0,0,0
371076,2,1,1997,0,0,0,0,0,0,0,0,0,0
371077,1,1,1997,0,0,0,0,0,0,0,0,0,0
371077,2,1,1997,0,0,5,0,0,0,0,0,12,0
371078,0,1,1997,0,0,0,0,0,0,0,0,0,0
371078,1,1,1997,0,0,0,0,0,0,0,0,0,0
371079,1,1,1997,16,14,31,20,0,0,9,0,16,13
371080,0,1,1997,0,0,0,0,0,0,0,0,0,0
371080,1,1,1997,0,0,0,0,0,0,0,0,0,0
371081,1,1,1997,0,0,0,0,0,0,0,0,0,0
371081,2,1,1997,0,0,0,0,0,0,0,0,0,0
371082,1,1,1997,0,0,0,0,0,0,0,0,0,0
371083,1,1,1997,0,0,0,0,0,0,0,0,0,0
371083,2,1,1997,0,0,0,0,7,0,0,0,0,0
371083,3,1,1997,0,0,0,10,0,0,0,0,0,0
371084,1,1,1997,0,0,0,0,0,0,0,0,0,0
371084,2,1,1997,0,0,0,0,0,0,0,0,0,0
371084,3,1,1997,0,0,0,0,0,0,0,0,0,0
371085,1,1,1997,0,0,0,0,0,0,0,0,0,0
371085,2,1,1997,0,0,0,0,23,0,0,0,0,0
371086,1,1,1997,0,0,0,0,0,0,0,0,0,0
371086,2,1,1997,0,0,0,0,0,0,0,0,0,0
371087,0,1,1997,0,0,0,0,0,0,0,0,0,0
371087,1,1,1997,0,0,0,0,0,0,0,0,0,0
371088,1,1,1997,4,7,0,18,11,17,7,13,0,10
371089,1,1,1997,7,7,7,7,7,7,7,7,7,7
371089,2,1,1997,19,19,19,19,19,19,19,19,19,19
371089,3,1,1997,0,9,0,0,0,0,0,0,0,0
371090,1,1,1997,0,0,0,0,0,0,0,0,0,0
371090,2,1,1997,14,8,25,2,15,28,9,20,22,17
371091,1,1,1997,0,0,0,0,0,0,0,0,0,0
371091,2,1,1997,0,0,0,0,0,0,0,0,0,0
371091,3,1,1997,0,0,0,0,0,0,0,0,0,0
371092,1,1,1997,0,0,0,0,0,0,0,0,0,0
371092,2,1,1997,0,0,3,11,11,0,15,16,14,16
371092,3,1,1997,0,0,0,0,0,0,0,0,0,0
371092,4,1,1997,0,0,0,0,0,0,0,0,0,0
371093,1,1,1997,0,12,10,27,0,3,15,11,29,12
371094,1,1,1997,0,0,0,0,0,0,0,0,0,0
371095,0,1,1997,0,0,0,0,0,0,0,0,0,0
371095,1,1,1997,0,0,0,0,0,0,0,0,0,0
371096,1,1,1997,0,0,0,0,0,0,5,0,0,0
371097,1,1,1997,0,0,0,0,0,0,17,0,0,0
371097,2,1,1997,14,0,10,30,21,15,8,0,16,34
371097,3,1,1997,0,0,0,0,0,0,0,0,0,0
371098,1,1,1997,0,0,0,0,0,0,0,0,0,36
371098,2,1,1997,0,0,0,0,0,0,0,0,0,0
371099,0,1,1997,0,0,0,0,0,0,0,0,0,0
371099,1,1,1997,0,0,0,0,0,0,0,0,0,0
371100,1,1,1997,0,12,0,0,0,0,0,0,0,0
371101,1,1,1997,0,0,0,0,0,0,0,0,0,0
371101,2,1,1997,0,0,0,0,0,0,0,0,0,0
371102,1,1,1997,0,0,0,0,0,0,0,0,0,0
371102,2,1,1997,0,0,0,0,0,0,0,0,0,0
371103,1,1,1997,0,0,0,0,0,0,0,0,0,0
371103,2,1,1997,0,0,0,0,0,6,0,0,0,0
371104,1,1,1997,0,0,0,0,0,0,0,0,0,0
371104,2,1,1997,0,0,0,0,0,0,0,0,0,0
371105,1,1,1997,14,14,14,14,14,14,14,14,14,14
371106,1,1,1997,14,14,14,14,14,14,14,14,14,14
371106,2,1,1997,15,15,0,7,0,0,0,18,0,0
371107,1,1,1997,0,0,0,0,0,0,0,0,0,0
371107,2,1,1997,0,0,0,0,0,0,0,0,0,0
371108,1,1,1997,17,17,17,17,17,17,17,17,17,17
371109,1,1,1997,0,0,0,0,0,0,0,0,0,0
371109,2,1,1997,0,0,0,0,0,0,0,0,0,0
371109,3,1,1997,0,0,0,0,0,0,0,0,0,0
371110,1,1,1997,16,16,16,16,16,16,16,16,16,16
371111,1,1,1997,9,9,9,9,9,9,9,9,9,9
371112,1,1,1997,0,0,0,0,0,0,0,0,0,0
371112,2,1,1997,0,0,0,0,0,0,0,0,0,0
371113,1,1,1997,24,24,24,24,24,24,24,24,24,24
371114,1,1,1997,0,0,0,0,0,0,0,0,0,0
371115,1,1,1997,0,10,0,0,0,0,0,17,16,0
371116,0,1,1997,0,20,37,20,14,17,13,0,26,0
371116,1,1,1997,0,0,0,0,0,0,0,0,0,0
371117,1,1,1997,0,0,0,0,4,0,0,0,22,0
371117,2,1,1997,0,0,0,0,0,0,0,0,0,0
371118,1,1,1997,0,0,0,0,0,0,0,0,0,0
371118,2,1,1997,0,0,0,0,0,0,0,0,0,0
371118,3,1,1997,0,0,0,0,0,0,0,0,0,0
371120,1,1,1997,26,26,26,26,26,26,26,26,26,26
371121,1,1,1997,0,0,0,0,0,0,0,0,0,0
371122,1,1,1997,0,0,0,0,0,0,0,0,0,0
371122,2,1,1997,0,0,0,0,0,0,0,0,0,0
371123,0,1,1997,3,3,3,3,3,3,3,3,3,3
371123,1,1,1997,0,0,0,0,0,0,0,0,0,0
371124,1,1,1997,0,0,13,0,0,0,0,0,0,0
371124,2,1,1997,0,0,0,0,0,0,0,0,0,0