ST_CASE,VEH_NO,PER_NO,YEAR,P1,P2,P3,P4,P5,P6,P7,P8,P9,P10
391100,1,1,1997,30,0,0,0,0,18,0,0,0,0
391101,1,1,1997,0,0,0,0,0,0,0,0,0,0
391102,1,1,1997,0,0,0,0,0,0,0,0,0,0
391103,1,1,1997,0,0,0,0,0,0,0,0,0,0
391103,2,1,1997,13,18,0,16,16,13,15,4,0,0
391104,1,1,1997,0,0,0,0,0,0,0,0,0,0
391104,2,1,1997,0,0,0,0,0,0,0,0,0,0
391105,1,1,1997,0,0,0,0,0,0,0,0,0,0
391105,2,1,1997,0,0,0,0,0,0,0,0,0,0
391106,1,1,1997,27,40,15,24,22,14,11,19,18,22
391107,1,1,1997,0,0,0,0,0,0,0,0,0,0
391107,2,1,1997,0,0,0,0,0,0,0,0,0,0
391108,0,1,1997,16,16,16,16,16,16,16,16,16,16
391108,1,1,1997,0,0,0,0,0,0,0,0,0,0
391109,1,1,1997,0,0,0,0,0,0,0,0,0,0
391110,1,1,1997,17,17,17,17,17,17,17,17,17,17
391111,1,1,1997,0,0,0,0,0,0,0,0,0,0
391111,2,1,1997,0,0,0,0,0,0,0,0,0,0
391112,1,1,1997,0,0,0,0,0,0,0,0,0,0
391112,2,1,1997,0,0,0,0,0,0,0,0,0,0
391112,3,1,1997,0,0,0,0,0,0,0,0,0,0
391112,4,1,1997,0,0,0,0,0,0,0,0,0,0
391113,0,1,1997,0,0,0,0,0,0,0,0,0,0
391113,1,1,1997,0,0,0,0,0,0,0,0,0,0
391114,1,1,1997,0,0,0,0,0,0,0,0,0,0
391114,2,1,1997,0,0,0,0,0,0,0,0,0,0
391115,1,1,1997,25,25,25,25,25,25,25,25,25,25
391116,1,1,1997,0,0,0,0,0,0,0,0,0,0
391117,0,1,1997,0,0,0,0,3,0,31,0,0,17
391117,1,1,1997,0,0,0,0,0,0,0,0,0,0
391118,0,1,1997,0,0,0,0,0,0,0,0,0,0
391118,1,1,1997,0,0,0,0,0,0,0,0,0,0
391119,1,1,1997,0,0,0,0,0,0,0,0,0,0
391119,2,1,1997,0,0,0,0,0,0,0,0,0,0
391120,1,1,1997,0,0,0,0,0,0,0,0,0,0
391120,2,1,1997,0,0,0,0,0,0,0,0,0,0
391121,1,1,1997,0,0,0,0,0,0,0,0,0,0
391121,2,1,1997,0,0,23,0,0,0,0,0,0,0
391122,1,1,1997,28,28,28,28,28,28,28,28,28,28
391123,1,1,1997,18,18,18,18,18,18,18,18,18,18
391123,2,1,1997,0,0,0,13,0,0,0,0,0,0
391125,1,1,1997,0,0,0,0,7,0,0,0,13,0
391125,2,1,1997,7,22,11,20,25,12,17,17,18,6
391126,1,1,1997,8,8,8,8,8,8,8,8,8,8
391127,1,1,1997,12,12,12,12,12,12,12,12,12,12
391128,1,1,1997,0,0,0,0,0,0,0,0,0,0
391128,2,1,1997,0,0,0,0,0,0,27,0,0,0
391129,1,1,1997,0,0,0,0,0,0,0,0,0,0
391129,2,1,1997,0,0,0,0,0,0,0,0,0,0
391130,1,1,1997,0,0,0,0,0,0,0,0,0,0
391131,1,1,1997,0,0,0,0,15,0,0,0,0,0
391131,2,1,1997,0,0,0,0,0,0,0,0,0,0
391132,0,1,1997,6,0,0,33,0,22,31,0,0,0
391132,0,2,1997,0,0,0,0,45,0,0,15,0,0
391132,0,3,1997,0,0,0,12,0,0,0,0,0,0
391132,1,1,1997,7,7,7,7,7,7,7,7,7,7
391133,1,1,1997,11,11,11,11,11,11,11,11,11,11
391134,1,1,1997,27,27,27,27,27,27,27,27,27,27
391134,2,1,1997,0,25,0,0,0,13,0,0,0,0
391135,1,1,1997,30,30,30,30,30,30,30,30,30,30
391136,0,1,1997,0,0,0,0,0,0,0,0,0,0
391136,1,1,1997,0,0,0,0,0,0,0,0,0,0
391137,1,1,1997,18,18,18,18,18,18,18,18,18,18
391137,2,1,1997,0,0,0,0,0,0,0,0,0,0
391138,0,1,1997,0,0,0,0,0,0,0,0,0,0
391138,1,1,1997,0,0,0,0,0,0,0,0,0,0
391138,2,1,1997,0,0,0,0,0,0,0,0,0,0
391139,1,1,1997,0,0,0,5,0,0,0,0,0,0
391139,2,1,1997,11,12,0,37,6,16,13,31,26,10
391140,0,1,1997,0,0,0,0,0,0,0,0,0,0
391140,1,1,1997,0,0,0,0,0,0,0,0,0,0
391141,1,1,1997,0,0,0,0,0,0,0,0,0,0
391141,2,1,1997,0,0,0,0,0,0,0,0,0,0
391142,1,1,1997,0,0,0,0,0,29,0,0,8,0
391143,1,1,1997,0,0,0,0,0,0,0,0,0,0
391143,2,1,1997,0,0,0,0,0,0,0,0,0,0
391144,1,1,1997,0,0,0,0,0,0,0,0,0,0
391145,1,1,1997,0,0,0,0,0,0,0,0,0,0
391145,2,1,1997,0,0,0,0,0,0,0,0,0,0
391145,3,1,1997,0,0,0,0,0,0,0,0,0,0
391146,1,1,1997,0,13,0,27,10,16,0,14,19,3
391147,1,1,1997,14,30,21,21,21,16,5,14,12,18
391148,1,1,1997,20,20,20,20,20,20,20,20,20,20
391149,1,1,1997,0,0,23,0,0,29,13,21,17,20
391150,1,1,1997,0,0,16,0,0,0,0,0,0,0
391150,2,1,1997,0,0,0,0,0,0,0,0,0,0
391151,1,1,1997,1,1,1,1,1,1,1,1,1,1
391152,1,1,1997,0,0,0,0,0,0,0,0,0,0
391152,2,1,1997,0,0,0,0,0,0,0,0,0,0
391153,1,1,1997,0,0,0,0,0,0,0,0,0,0
391153,2,1,1997,0,0,0,0,0,0,0,0,0,0
391154,1,1,1997,18,18,18,18,18,18,18,18,18,18
391155,0,1,1997,0,0,0,0,0,0,0,0,0,0
391155,1,1,1997,0,0,0,0,0,0,0,0,0,0
391156,1,1,1997,5,5,5,5,5,5,5,5,5,5
391157,1,1,1997,4,35,0,0,0,0,0,0,0,0
391157,2,1,1997,0,0,0,0,16,0,0,0,0,0
391158,1,1,1997,19,18,13,13,11,14,14,29,41,20
391159,0,1,1997,0,0,0,0,0,0,0,0,0,0
391159,1,1,1997,0,0,0,0,0,0,0,0,0,0
391160,1,1,1997,27,27,27,27,27,27,27,27,27,27
391161,1,1,1997,0,0,0,0,0,0,0,0,0,0
391161,2,1,1997,0,0,0,0,0,0,0,0,0,0
391162,1,1,1997,0,0,0,0,0,0,0,0,0,0
391162,2,1,1997,0,0,0,0,0,0,0,0,0,0
391162,3,1,1997,0,0,0,0,0,0,0,0,0,0
391163,1,1,1997,10,10,10,10,10,10,10,10,10,10
391163,2,1,1997,0,0,0,0,0,0,5,0,0,0
391164,1,1,1997,0,0,0,0,0,0,0,0,0,0
391164,2,1,1997,24,0,23,0,13,0,0,0,31,0
391165,1,1,1997,0,0,0,0,0,0,0,0,0,0
391165,2,1,1997,16,0,14,0,0,0,0,0,0,0
391166,1,1,1997,0,0,0,0,0,0,0,0,0,0
391166,2,1,1997,0,0,0,0,0,0,0,0,0,0
391167,1,1,1997,0,0,0,0,0,0,0,0,0,0
391168,1,1,1997,20,20,20,20,20,20,20,20,20,20
391169,1,1,1997,0,0,0,0,0,0,0,0,0,0
391170,1,1,1997,0,0,0,0,0,0,0,0,0,0
391171,1,1,1997,0,0,0,0,0,0,0,0,0,0
391171,2,1,1997,0,0,0,0,0,0,0,0,0,0
391172,1,1,1997,0,0,0,0,0,0,0,0,0,0
391173,1,1,1997,0,0,0,0,0,0,0,0,0,0
391173,2,1,1997,0,0,0,0,0,0,0,0,0,0
391174,0,1,1997,13,0,0,0,0,0,0,0,0,0
391174,1,1,1997,23,0,38,0,7,0,23,0,30,0
391175,1,1,1997,0,0,0,0,0,0,0,0,0,0
391175,2,1,1997,0,0,0,0,0,0,0,0,0,0
391175,3,1,1997,0,0,0,0,0,0,0,0,0,0
391176,0,1,1997,9,9,9,9,9,9,9,9,9,9
391176,1,1,1997,0,0,0,0,0,0,0,0,0,0
391177,0,1,1997,0,0,0,0,0,0,0,0,0,0
391177,1,1,1997,16,16,16,16,16,16,16,16,16,16
391178,1,1,1997,0,0,0,0,0,0,0,0,0,0
391178,2,1,1997,0,0,0,0,0,0,0,0,0,0
391179,1,1,1997,0,0,0,0,0,0,0,0,0,0
391179,2,1,1997,0,0,0,0,0,0,0,0,0,0
391179,3,1,1997,0,0,0,0,0,0,0,0,0,0
391180,1,1,1997,12,12,12,12,12,12,12,12,12,12
391181,1,1,1997,0,12,0,0,0,13,13,0,0,0
391182,1,1,1997,0,0,0,0,0,0,0,0,0,0
391183,1,1,1997,0,0,0,0,0,0,0,0,0,0
391183,2,1,1997,0,0,0,0,0,0,0,0,0,0
391184,1,1,1997,15,0,0,0,43,29,0,0,10,0
391184,2,1,1997,15,18,7,20,22,8,0,3,3,17
391185,1,1,1997,14,14,18,12,14,20,28,17,8,17
391186,1,1,1997,0,0,0,0,0,0,0,0,0,0
391186,2,1,1997,0,0,0,0,0,0,0,0,0,0
391187,1,1,1997,0,0,0,0,0,0,0,0,0,0
391188,1,1,1997,21,21,21,21,21,21,21,21,21,21
391188,2,1,1997,0,0,0,0,0,0,12,0,0,20
391188,3,1,1997,0,0,0,0,0,0,0,0,0,0
391189,1,1,1997,0,0,0,0,0,0,0,0,0,0
391190,0,1,1997,0,0,0,0,0,0,0,0,0,0
391190,1,1,1997,0,0,0,0,0,0,0,0,0,0
391191,0,1,1997,18,0,0,0,0,0,0,0,0,0
391191,1,1,1997,0,0,0,0,0,0,0,0,0,0
391192,1,1,1997,0,0,0,0,0,0,0,0,0,0
391192,2,1,1997,0,0,0,0,0,0,0,0,0,0
391193,1,1,1997,0,0,0,0,0,0,0,0,0,0
391193,2,1,1997,0,0,0,0,0,0,0,0,0,0
391194,1,1,1997,0,0,0,0,0,0,0,0,0,0
391194,2,1,1997,0,0,0,0,0,0,0,0,0,0
391195,1,1,1997,0,0,0,0,12,23,29,0,11,0
391195,2,1,1997,15,15,15,15,15,15,15,15,15,15
391196,1,1,1997,14,14,14,14,14,14,14,14,14,14
391197,1,1,1997,0,0,0,0,0,0,0,0,0,0
391197,2,1,1997,0,0,0,0,0,0,0,0,0,0
391198,1,1,1997,0,0,0,0,0,0,0,0,0,0
391198,2,1,1997,18,15,23,17,16,23,16,13,0,13
391199,0,1,1997,26,26,26,26,26,26,26,26,26,26
391199,1,1,1997,0,0,0,0,0,0,0,14,0,0
391200,1,1,1997,0,0,0,9,0,0,0,0,0,0
391200,2,1,1997,0,0,0,0,0,0,0,0,0,0
391201,1,1,1997,0,0,0,0,0,0,0,0,0,0
391201,2,1,1997,0,15,0,0,10,0,0,0,0,13
391202,1,1,1997,0,0,0,0,0,0,0,0,0,0
391203,1,1,1997,0,0,0,0,0,0,0,0,0,0
391203,2,1,1997,13,13,13,13,13,13,13,13,13,13
391204,1,1,1997,9,9,9,9,9,9,9,9,9,9
391204,2,1,1997,14,0,0,0,0,0,0,0,0,0
391204,3,1,1997,0,0,0,0,0,0,0,0,0,0
391205,1,1,1997,0,0,0,21,28,0,0,0,0,0
391205,2,1,1997,0,0,0,0,0,0,0,0,0,0
391206,1,1,1997,0,0,0,0,0,0,0,0,0,0
391206,2,1,1997,0,0,0,0,0,0,0,0,0,0
391206,3,1,1997,0,0,0,0,0,0,0,0,0,0
391207,1,1,1997,13,13,13,13,13,13,13,13,13,13
391208,1,1,1997,28,28,28,28,28,28,28,28,28,28
391209,1,1,1997,0,0,0,0,0,0,0,0,0,0
391210,1,1,1997,0,0,0,0,0,0,0,0,0,0
391210,2,1,1997,0,0,0,0,0,0,0,0,0,0
391211,1,1,1997,0,0,0,0,0,11,0,0,25,0
391212,1,1,1997,0,0,0,0,0,0,0,0,0,0
391212,2,1,1997,0,0,0,0,0,0,11,0,0,0
391213,1,1,1997,0,0,0,0,0,0,0,0,0,0
391213,2,1,1997,0,0,0,0,0,0,0,0,0,0
391214,1,1,1997,0,0,0,0,0,0,0,0,0,0
391214,2,1,1997,0,0,0,0,0,0,0,0,0,0
391215,1,1,1997,0,0,0,0,0,0,0,0,10,0
391216,0,1,1997,0,0,0,0,0,0,0,0,0,0
391216,1,1,1997,8,8,8,8,8,8,8,8,8,8
391217,1,1,1997,0,0,0,0,0,0,0,0,0,0
391218,1,1,1997,0,0,0,0,0,0,0,0,0,0
391218,2,1,1997,0,0,0,0,0,0,0,0,0,0
391219,1,1,1997,16,5,12,10,14,19,6,0,11,16
391220,1,1,1997,19,19,19,19,19,19,19,19,19,19
391221,1,1,1997,0,9,0,0,0,0,0,0,0,0
391221,2,1,1997,0,0,0,0,0,0,0,0,0,0
391222,1,1,1997,0,0,0,0,0,0,0,0,0,0
391222,2,1,1997,0,0,0,0,0,0,0,0,0,0
391223,1,1,1997,0,0,0,0,0,0,0,0,22,0
391223,2,1,1997,0,0,0,0,0,0,0,0,0,0
391224,1,1,1997,0,0,0,0,0,0,0,0,0,0
391224,2,1,1997,0,0,0,0,0,0,0,0,0,0
391225,0,1,1997,0,0,0,0,0,0,0,0,0,0
391225,1,1,1997,0,0,0,0,0,0,0,0,0,0
391226,1,1,1997,17,17,17,17,17,17,17,17,17,17
391226,2,1,1997,0,0,0,0,0,0,0,0,0,0
391227,0,1,1997,0,0,0,0,7,0,0,0,0,0
391228,1,1,1997,19,19,19,19,19,19,19,19,19,19
391228,2,1,1997,0,0,0,0,0,0,0,0,0,0
391229,1,1,1997,0,0,0,0,0,0,0,0,0,0
391229,2,1,1997,0,0,0,0,0,0,0,0,0,0
391230,1,1,1997,0,0,0,0,0,0,0,0,0,0
391230,2,1,1997,0,0,0,0,0,0,0,0,0,0
391230,3,1,1997,0,0,0,0,0,0,0,0,0,0
391231,1,1,1997,0,0,0,0,0,0,0,0,15,0
391231,2,1,1997,0,0,0,0,0,0,0,0,0,0
391232,0,1,1997,28,28,28,28,28,28,28,28,28,28
391232,0,2,1997,22,26,0,0,0,0,29,0,25,26
391232,1,1,1997,17,0,0,0,0,0,14,9,0,0
391233,1,1,1997,0,0,0,0,23,0,0,0,0,0
391234,1,1,1997,0,0,0,0,0,0,0,0,0,0
391234,2,1,1997,0,0,0,0,0,0,0,0,0,0
391235,1,1,1997,0,0,0,0,0,0,0,0,0,0
391236,1,1,1997,0,0,0,6,0,0,18,0,0,0
391237,1,1,1997,0,0,0,0,0,0,0,0,0,0
391238,1,1,1997,17,0,0,0,0,0,0,0,0,0
391238,2,1,1997,0,0,0,0,0,0,0,0,0,0
391239,1,1,1997,0,0,0,16,0,0,0,0,11,0
391240,1,1,1997,16,0,10,0,0,21,0,0,0,0
391240,2,1,1997,0,0,0,0,0,0,0,0,0,0
391241,1,1,1997,0,0,0,0,0,0,0,0,0,0
391241,2,1,1997,0,0,0,0,0,0,0,0,0,0
391242,1,1,1997,0,0,0,0,0,0,0,0,0,0
391242,2,1,1997,0,0,0,0,0,0,0,0,0,0
391243,1,1,1997,0,0,0,0,0,0,0,0,0,0
391244,1,1,1997,0,0,0,15,0,0,0,0,0,0
391245,1,1,1997,12,0,0,0,0,0,0,0,0,0
391245,2,1,1997,0,28,6,16,8,4,10,10,7,28
391246,1,1,1997,0,0,0,0,0,0,0,0,0,0
391247,0,1,1997,13,45,9,25,20,30,7,17,23,41
391247,1,1,1997,16,21,6,22,30,2,0,0,0,17
391248,1,1,1997,0,0,0,0,0,0,7,0,0,0
391248,2,1,1997,0,0,0,0,0,0,0,0,0,0
391249,1,1,1997,0,0,0,0,0,0,0,0,0,0
391249,2,1,1997,18,23,15,5,10,22,27,12,13,4
391250,1,1,1997,0,0,0,0,0,4,0,0,0,0
391251,1,1,1997,0,0,0,0,0,0,0,17,0,0
391251,2,1,1997,0,0,0,0,0,0,0,0,0,0
391252,1,1,1997,7,0,25,0,21,19,17,0,11,16
391253,1,1,1997,0,0,0,0,0,0,0,0,0,0
391253,2,1,1997,0,0,0,0,0,0,0,0,0,0
391253,3,1,1997,0,0,0,0,0,0,0,0,0,8
391253,4,1,1997,8,0,0,0,0,0,0,0,0,0
391254,1,1,1997,18,18,18,18,18,18,18,18,18,18
391254,2,1,1997,0,20,0,0,25,0,0,9,0,0
391255,1,1,1997,0,19,0,0,0,0,0,0,0,4
391255,2,1,1997,0,0,0,0,6,0,0,0,0,0
391256,1,1,1997,18,18,18,18,18,18,18,18,18,18
391257,1,1,1997,0,0,0,0,0,0,0,0,0,0
391258,0,1,1997,17,15,0,32,19,0,8,47,25,18
391258,1,1,1997,0,0,0,0,0,0,0,0,0,16
391259,0,1,1997,0,0,0,0,25,0,0,18,0,0
391259,1,1,1997,0,31,0,0,0,0,0,0,0,0
391260,1,1,1997,10,8,26,7,9,16,24,20,15,14
391261,1,1,1997,18,18,18,18,18,18,18,18,18,18
391261,2,1,1997,18,18,18,18,18,18,18,18,18,18
391262,1,1,1997,0,0,0,0,0,0,0,15,0,0
391262,2,1,1997,0,11,0,0,0,0,0,0,0,0
391263,1,1,1997,20,20,20,20,20,20,20,20,20,20
391264,0,1,1997,33,33,33,33,33,33,33,33,33,33
391264,1,1,1997,0,0,0,0,0,0,0,0,0,0
391265,1,1,1997,0,0,0,13,0,0,0,0,0,0
391265,2,1,1997,0,0,0,0,0,0,0,0,0,0
391266,1,1,1997,0,0,0,0,0,0,0,0,0,0
391266,2,1,1997,0,0,0,0,0,0,0,0,0,0
391267,1,1,1997,18,0,0,0,0,0,0,0,0,0
391267,2,1,1997,0,0,0,0,0,0,0,0,0,0
391268,1,1,1997,0,0,0,0,0,0,0,0,0,0
391268,2,1,1997,0,0,0,0,0,0,0,0,0,0
391269,1,1,1997,0,0,25,0,0,0,0,0,0,19
391270,1,1,1997,0,0,0,0,0,0,0,0,0,0
391271,1,1,1997,0,0,0,0,0,0,0,0,0,0
391271,2,1,1997,0,0,0,0,0,0,0,0,0,0
391272,1,1,1997,0,0,0,0,0,0,0,0,0,0
391272,2,1,1997,0,0,0,0,0,0,0,0,0,0
391273,1,1,1997,0,0,0,0,0,0,0,0,0,0
391274,1,1,1997,0,0,0,0,0,0,0,0,0,0
391275,0,1,1997,0,24,0,15,0,8,0,23,13,18
391275,1,1,1997,0,0,0,0,0,0,0,0,0,0
391276,1,1,1997,0,0,0,5,0,0,0,0,0,0
391276,2,1,1997,0,0,0,0,0,0,0,0,0,0
391281,1,1,1997,0,0,0,0,0,0,0,0,0,0
391282,0,1,1997,0,0,0,0,14,29,0,0,4,17
391282,1,1,1997,0,0,0,0,0,0,0,0,0,0
391283,1,1,1997,0,0,0,0,0,0,0,0,0,0
400001,1,1,1997,0,0,0,0,0,0,0,0,0,0
400001,2,1,1997,0,0,0,0,0,0,0,0,0,0
400002,1,1,1997,27,27,27,27,27,27,27,27,27,27
400003,1,1,1997,0,15,0,17,0,0,0,0,0,0
400004,1,1,1997,0,0,0,0,0,0,0,0,0,0
400004,2,1,1997,0,0,0,0,0,0,0,0,0,0
400005,1,1,1997,0,0,0,0,0,0,0,0,0,0
400006,1,1,1997,14,15,5,7,16,0,42,21,0,28
400007,1,1,1997,0,0,0,0,0,0,0,0,16,0
400007,2,1,1997,0,0,0,0,0,0,0,0,0,0
400008,0,1,1997,0,0,0,0,0,0,0,0,0,0
400008,1,1,1997,20,24,19,0,12,0,0,22,0,0
400008,2,1,1997,0,0,0,0,0,14,0,0,0,0
400008,3,1,1997,0,0,0,0,0,0,0,13,0,0
400009,1,1,1997,0,0,0,0,0,0,0,0,0,0
400009,2,1,1997,0,0,0,0,0,0,0,0,0,0
400010,1,1,1997,0,0,0,0,0,0,0,0,0,0
400010,2,1,1997,0,0,0,0,0,0,0,0,0,0
400011,1,1,1997,0,0,17,0,0,0,0,0,10,0
400011,2,1,1997,0,0,0,0,0,0,0,0,0,0
400011,3,1,1997,0,0,0,0,0,0,0,0,0,0
400012,1,1,1997,0,0,0,0,0,0,0,0,0,0
400013,1,1,1997,0,0,0,0,0,21,0,21,0,0
400014,1,1,1997,0,0,0,0,0,0,0,0,0,0
400015,1,1,1997,6,21,18,35,24,18,0,0,34,15
400016,1,1,1997,20,20,20,20,20,20,20,20,20,20
400016,2,1,1997,0,0,0,0,0,0,0,0,0,0
400017,1,1,1997,0,0,0,0,0,0,0,0,0,0
400017,2,1,1997,0,0,0,0,0,0,0,0,0,0
400018,1,1,1997,0,0,0,0,0,0,0,0,0,0
400018,2,1,1997,0,0,0,0,0,0,0,0,0,0
400019,1,1,1997,0,0,0,0,0,0,0,0,0,0
400020,1,1,1997,27,27,27,27,27,27,27,27,27,27
400021,1,1,1997,0,0,0,0,0,0,0,0,0,0
400021,2,1,1997,0,0,0,0,0,0,0,0,0,0
400022,1,1,1997,0,0,0,0,0,0,0,0,0,0
400022,2,1,1997,0,0,0,0,0,0,0,0,0,0
400022,3,1,1997,0,0,0,0,0,0,0,0,0,0
400022,4,1,1997,0,0,0,0,0,0,0,0,0,0
400023,1,1,1997,0,0,0,0,14,0,0,0,0,0
400023,2,1,1997,0,0,0,0,0,0,0,0,0,0
400024,1,1,1997,23,17,38,18,9,27,27,26,26,21
400025,1,1,1997,15,23,25,17,17,22,15,18,14,5
400026,1,1,1997,6,6,6,6,6,6,6,6,6,6
400027,1,1,1997,0,0,0,0,0,0,0,0,0,0
400027,2,1,1997,0,0,0,0,0,0,0,0,0,0
400028,1,1,1997,0,0,0,0,0,0,0,0,0,0
400029,1,1,1997,18,18,18,18,18,18,18,18,18,18
400030,1,1,1997,0,14,0,0,0,28,0,0,0,0
400030,2,1,1997,0,0,0,0,0,0,0,0,0,0
400031,1,1,1997,0,0,0,0,0,0,0,0,0,0
400031,2,1,1997,0,0,0,0,0,0,0,0,0,0
400031,3,1,1997,0,0,0,0,0,0,0,0,0,0
400032,1,1,1997,17,11,18,12,9,14,9,21,2,7
400033,1,1,1997,25,0,0,0,0,0,0,0,0,0
400033,2,1,1997,0,0,0,0,0,0,0,0,0,0
400034,0,1,1997,0,0,0,0,0,0,13,23,17,0
400034,1,1,1997,5,5,5,5,5,5,5,5,5,5
400034,2,1,1997,16,0,0,0,0,0,0,0,0,5
400035,1,1,1997,13,13,13,13,13,13,13,13,13,13
400036,1,1,1997,0,0,0,13,0,0,0,0,20,0
400037,0,1,1997,0,0,0,0,0,0,0,0,0,0
400037,1,1,1997,0,0,0,0,0,0,0,0,0,0
400038,1,1,1997,0,0,0,0,0,0,0,0,23,0
400038,2,1,1997,0,0,0,0,0,0,0,0,0,0
400039,1,1,1997,11,11,11,11,11,11,11,11,11,11
400040,1,1,1997,0,0,0,0,0,0,0,0,0,23
400041,1,1,1997,0,0,0,0,0,0,0,0,0,0
400041,2,1,1997,0,0,0,0,0,0,0,0,0,0
400042,1,1,1997,0,0,0,0,0,0,0,0,0,0
400043,0,1,1997,0,0,0,0,0,0,0,0,0,0
400043,1,1,1997,0,0,0,0,0,0,0,0,0,0
400044,1,1,1997,30,21,14,19,21,17,39,24,26,26
400045,1,1,1997,5,5,5,5,5,5,5,5,5,5
400046,1,1,1997,18,8,0,10,0,0,15,4,18,14
400047,1,1,1997,13,13,13,13,13,13,13,13,13,13
400048,1,1,1997,20,20,20,20,20,20,20,20,20,20
400049,1,1,1997,15,13,24,18,0,17,30,19,0,10
400050,1,1,1997,19,13,17,18,16,9,27,18,24,42
400050,2,1,1997,0,0,0,0,0,0,0,0,0,0
400051,1,1,1997,16,14,16,18,9,14,26,18,19,42
400052,1,1,1997,0,0,0,0,0,0,0,0,0,0
400052,2,1,1997,0,0,0,0,0,0,0,0,0,10
400053,1,1,1997,11,11,11,11,11,11,11,11,11,11
400053,2,1,1997,0,0,0,0,0,0,0,0,0,0
400054,1,1,1997,0,0,0,0,0,0,0,0,0,0
400054,2,1,1997,25,25,25,25,25,25,25,25,25,25
400055,1,1,1997,0,0,17,0,0,0,0,20,0,0
400055,2,1,1997,0,0,0,0,0,0,0,0,0,0
400056,1,1,1997,0,0,0,0,0,0,0,0,0,0
400056,2,1,1997,0,0,0,0,0,0,0,0,0,0
400057,1,1,1997,0,0,0,0,0,0,0,0,0,0
400058,1,1,1997,10,10,10,10,10,10,10,10,10,10
400058,2,1,1997,4,22,12,17,14,12,9,14,11,12
400059,1,1,1997,0,0,0,0,0,0,0,0,0,0
400059,2,1,1997,0,0,0,0,0,0,0,0,0,0
400060,1,1,1997,0,0,0,0,0,0,0,0,0,0
400061,0,1,1997,0,0,0,0,0,0,24,0,0,29
400061,1,1,1997,0,0,0,0,0,0,0,0,0,0
400062,1,1,1997,12,12,12,12,12,12,12,12,12,12
400063,1,1,1997,0,0,0,0,0,0,0,0,0,0
400063,2,1,1997,0,0,0,0,0,0,0,0,0,0
400064,1,1,1997,11,19,14,2,6,7,21,18,17,0
400065,1,1,1997,0,0,0,0,0,0,0,0,0,0
400066,1,1,1997,0,0,0,0,0,0,0,0,0,0
400066,2,1,1997,0,0,0,0,0,0,0,0,0,0
400066,3,1,1997,0,0,0,0,0,0,0,0,0,0
400067,1,1,1997,0,0,0,0,0,0,0,0,0,0
400067,2,1,1997,0,0,0,0,0,0,0,0,0,0
400068,1,1,1997,0,0,0,0,0,0,0,0,0,0
400068,2,1,1997,0,0,0,0,0,0,0,0,0,0
400069,1,1,1997,20,20,20,20,20,20,20,20,20,20
400070,0,1,1997,9,9,9,9,9,9,9,9,9,9
400070,1,1,1997,0,0,0,0,0,0,0,0,0,0
400071,1,1,1997,0,0,0,0,0,0,0,0,0,0
400072,1,1,1997,0,0,0,0,0,0,0,0,0,0
400073,1,1,1997,0,0,0,0,0,0,0,0,0,0
400073,2,1,1997,0,0,0,0,0,0,0,0,0,0
400074,0,1,1997,24,24,24,24,24,24,24,24,24,24
400074,1,1,1997,0,0,0,0,0,0,0,0,0,0
400075,1,1,1997,0,0,0,0,0,0,0,0,0,0
400075,2,1,1997,0,0,0,0,0,0,0,0,0,0
400076,1,1,1997,2,6,11,13,7,14,8,11,9,10
400076,2,1,1997,0,0,0,0,0,0,0,0,0,0
400077,1,1,1997,18,4,20,25,10,16,6,16,0,20
400077,2,1,1997,31,45,0,11,0,26,23,26,17,12
400078,1,1,1997,10,9,12,27,14,3,18,32,21,24
400079,1,1,1997,10,10,10,10,10,10,10,10,10,10
400080,1,1,1997,0,0,0,0,0,0,10,0,0,0
400080,2,1,1997,0,0,0,0,0,2,0,0,0,0
400080,3,1,1997,0,0,0,0,0,0,0,0,0,0
400080,4,1,1997,0,0,0,0,0,0,0,0,0,0
400080,5,1,1997,0,0,0,0,0,0,0,0,0,0
400081,1,1,1997,0,0,0,0,0,0,0,0,0,0
400081,2,1,1997,0,0,0,0,0,0,0,0,0,0
400082,1,1,1997,23,23,23,23,23,23,23,23,23,23
400082,2,1,1997,0,0,0,0,0,0,0,0,0,0
400083,1,1,1997,19,0,7,8,30,0,0,0,34,22
400084,1,1,1997,4,27,9,10,8,15,7,4,18,0
400085,1,1,1997,0,0,0,0,16,0,0,0,0,0
400086,1,1,1997,0,0,0,0,0,0,0,0,0,0
400086,2,1,1997,0,0,0,0,0,0,0,0,0,0
400086,3,1,1997,0,0,0,0,0,0,0,0,0,0
400087,1,1,1997,0,25,0,0,0,0,0,13,0,0
400087,2,1,1997,0,0,0,0,0,0,0,0,0,0
400088,1,1,1997,20,20,20,20,20,20,20,20,20,20
400088,2,1,1997,0,0,0,0,0,0,0,0,0,0
400089,1,1,1997,14,16,15,34,19,23,7,16,26,20
400090,1,1,1997,0,0,0,0,0,0,0,0,14,0
400090,2,1,1997,0,0,0,0,0,0,0,0,0,0