ST_CASE,VEH_NO,PER_NO,YEAR,P1,P2,P3,P4,P5,P6,P7,P8,P9,P10
410221,1,1,1997,22,22,22,22,22,22,22,22,22,22
410222,1,1,1997,0,0,0,0,0,0,0,0,0,0
410222,2,1,1997,0,0,0,0,0,0,0,0,0,0
410223,0,1,1997,8,8,8,8,8,8,8,8,8,8
410223,1,1,1997,0,0,0,0,0,0,0,0,0,0
410224,0,1,1997,0,0,0,0,0,0,0,0,0,0
410224,1,1,1997,17,0,0,0,0,0,0,8,0,18
410225,1,1,1997,0,0,0,0,0,0,0,0,0,0
410226,0,1,1997,0,0,0,0,0,0,0,0,0,0
410226,1,1,1997,0,0,0,0,0,0,0,0,0,0
410227,1,1,1997,21,21,21,21,21,21,21,21,21,21
410227,2,1,1997,0,0,0,0,0,0,0,0,0,0
410228,1,1,1997,0,0,0,0,0,0,0,0,0,0
410228,2,1,1997,0,0,0,0,0,0,0,0,0,0
410229,0,1,1997,0,0,0,0,0,0,0,0,0,0
410229,1,1,1997,0,0,0,0,0,0,0,0,0,0
410230,1,1,1997,0,0,0,0,0,0,0,0,0,0
410230,2,1,1997,0,0,0,0,0,0,0,0,0,0
410230,3,1,1997,0,0,0,0,0,7,0,0,0,0
410231,1,1,1997,0,0,0,0,0,0,0,0,0,0
410231,2,1,1997,0,0,0,0,0,0,0,0,0,0
410232,0,1,1997,0,0,0,0,0,0,0,0,0,0
410232,1,1,1997,0,0,0,0,0,0,0,0,0,0
410233,1,1,1997,0,0,0,0,0,0,0,0,0,0
410234,1,1,1997,0,0,0,0,0,0,0,0,0,0
410235,1,1,1997,9,9,9,9,9,9,9,9,9,9
410236,0,1,1997,33,33,33,33,33,33,33,33,33,33
410236,1,1,1997,6,6,6,6,6,6,6,6,6,6
410237,1,1,1997,0,0,0,0,0,0,0,0,0,0
410238,1,1,1997,0,0,0,0,0,0,0,0,0,0
410238,2,1,1997,0,0,0,0,0,0,0,0,0,0
410238,3,1,1997,0,0,0,0,0,0,0,0,0,0
410239,0,1,1997,2,2,2,2,2,2,2,2,2,2
410239,1,1,1997,6,6,6,6,6,6,6,6,6,6
410240,1,1,1997,9,9,9,9,9,9,9,9,9,9
410240,2,1,1997,16,16,16,16,16,16,16,16,16,16
410241,1,1,1997,0,0,0,0,0,0,0,0,0,0
410241,2,1,1997,0,0,0,0,0,4,0,0,0,0
410242,1,1,1997,0,0,0,0,0,0,0,0,0,0
410242,2,1,1997,0,0,0,0,0,0,0,0,0,0
410243,1,1,1997,23,23,23,23,23,23,23,23,23,23
410244,1,1,1997,0,0,0,0,0,0,0,0,0,0
410245,0,1,1997,0,0,0,0,0,0,0,0,0,0
410245,1,1,1997,0,0,0,0,0,0,0,0,0,0
410246,1,1,1997,0,0,0,0,0,0,0,0,0,0
410246,2,1,1997,0,0,0,0,0,0,0,0,0,0
410247,1,1,1997,14,14,14,14,14,14,14,14,14,14
410247,2,1,1997,0,0,0,0,0,0,0,0,0,0
410248,1,1,1997,0,0,0,0,0,0,0,0,0,0
410249,1,1,1997,0,0,0,0,0,0,0,0,0,0
410249,2,1,1997,0,0,0,0,0,0,0,0,0,0
410249,3,1,1997,0,0,0,0,0,0,0,0,0,0
410250,0,1,1997,0,0,0,0,0,0,0,0,0,0
410250,1,1,1997,19,19,19,19,19,19,19,19,19,19
410251,1,1,1997,24,24,24,24,24,24,24,24,24,24
410251,2,1,1997,0,0,0,0,0,0,0,0,0,0
410251,3,1,1997,0,0,0,0,0,0,0,0,0,0
410252,1,1,1997,17,17,17,17,17,17,17,17,17,17
410253,1,1,1997,21,21,21,21,21,21,21,21,21,21
410254,1,1,1997,17,17,17,17,17,17,17,17,17,17
410255,1,1,1997,9,9,9,9,9,9,9,9,9,9
410256,1,1,1997,25,25,25,25,25,25,25,25,25,25
410256,2,1,1997,0,0,0,0,0,0,0,0,0,0
410257,1,1,1997,6,6,6,6,6,6,6,6,6,6
410258,1,1,1997,0,0,0,0,0,0,0,0,0,0
410258,2,1,1997,0,0,0,0,0,0,0,0,0,0
410259,1,1,1997,0,0,0,0,0,0,0,0,0,0
410260,0,1,1997,0,0,0,0,0,0,0,0,0,0
410260,1,1,1997,0,0,0,0,0,0,0,0,0,0
410261,1,1,1997,20,0,0,0,0,0,0,0,0,0
410262,1,1,1997,0,0,0,0,0,0,0,0,0,0
410263,1,1,1997,0,0,0,0,0,0,0,0,0,0
410263,2,1,1997,0,0,0,0,0,0,0,0,0,0
410264,1,1,1997,0,0,0,0,0,0,0,0,0,0
410265,0,1,1997,0,10,0,11,20,12,0,26,0,0
410265,1,1,1997,15,15,15,15,15,15,15,15,15,15
410266,1,1,1997,0,0,0,0,0,0,0,0,0,0
410266,2,1,1997,0,0,0,0,0,0,0,0,0,0
410266,3,1,1997,0,0,0,0,0,0,0,0,0,0
410266,4,1,1997,0,0,0,0,0,0,0,0,0,0
410267,1,1,1997,0,0,0,0,0,0,0,0,0,0
410268,1,1,1997,6,6,6,6,6,6,6,6,6,6
410269,1,1,1997,0,0,0,0,0,0,0,0,0,0
410269,2,1,1997,0,0,0,0,0,0,15,0,0,0
410270,1,1,1997,0,0,0,0,0,0,0,0,0,0
410270,2,1,1997,0,0,0,0,0,0,0,0,0,0
410271,1,1,1997,1,1,1,1,1,1,1,1,1,1
410272,1,1,1997,0,0,0,0,0,0,0,0,0,0
410272,2,1,1997,0,0,0,0,0,0,0,0,0,0
410273,0,1,1997,16,0,16,20,0,0,18,0,32,16
410273,1,1,1997,0,0,0,0,0,0,0,3,0,0
410274,1,1,1997,0,0,0,0,0,0,0,0,7,0
410275,1,1,1997,10,10,10,10,10,10,10,10,10,10
410276,1,1,1997,25,25,25,25,25,25,25,25,25,25
410277,1,1,1997,16,16,16,16,16,16,16,16,16,16
410278,1,1,1997,0,0,0,0,0,0,0,0,0,0
410278,2,1,1997,0,0,0,0,0,0,0,0,0,0
410279,1,1,1997,0,0,0,0,0,0,0,0,0,0
410279,2,1,1997,0,0,0,0,0,0,0,0,0,0
410280,1,1,1997,0,0,0,0,0,0,0,0,0,0
410281,1,1,1997,0,0,0,0,0,0,0,0,0,0
410282,1,1,1997,24,24,24,24,24,24,24,24,24,24
410283,1,1,1997,0,0,0,0,0,0,0,0,0,0
410284,1,1,1997,25,25,25,25,25,25,25,25,25,25
410284,2,1,1997,0,0,0,0,0,0,0,0,20,0
410285,1,1,1997,19,19,19,19,19,19,19,19,19,19
410285,2,1,1997,0,0,0,0,0,0,0,0,0,0
410286,1,1,1997,0,0,0,0,0,0,0,0,0,0
410287,1,1,1997,0,0,0,0,0,0,0,0,0,0
410287,2,1,1997,0,0,0,0,0,0,0,0,0,0
410288,1,1,1997,0,0,0,0,0,0,0,0,0,0
410288,2,1,1997,0,0,0,0,0,0,0,0,0,0
410289,0,1,1997,0,0,0,0,0,0,0,0,0,0
410289,1,1,1997,0,0,0,0,0,0,0,0,0,0
410290,1,1,1997,13,13,13,13,13,13,13,13,13,13
410291,1,1,1997,0,0,0,0,0,0,0,0,0,0
410292,1,1,1997,18,18,18,18,18,18,18,18,18,18
410293,0,1,1997,0,0,0,0,0,0,0,0,0,0
410293,1,1,1997,0,0,0,0,0,0,0,0,0,0
410294,1,1,1997,7,7,7,7,7,7,7,7,7,7
410295,1,1,1997,10,10,10,10,10,10,10,10,10,10
410296,1,1,1997,0,0,0,0,0,0,0,0,0,0
410297,1,1,1997,0,0,0,0,0,0,0,0,0,0
410298,1,1,1997,0,0,0,0,0,0,0,0,0,0
410298,2,1,1997,14,14,14,14,14,14,14,14,14,14
410299,1,1,1997,0,0,0,0,0,0,0,0,0,0
410300,1,1,1997,0,0,0,0,0,0,0,0,0,0
410301,1,1,1997,11,11,11,11,11,11,11,11,11,11
410302,1,1,1997,0,0,0,0,0,0,0,0,0,0
410303,1,1,1997,0,0,0,0,0,0,0,0,0,0
410304,1,1,1997,0,0,0,0,0,0,0,0,0,0
410305,0,1,1997,0,0,0,0,0,0,0,0,0,0
410305,1,1,1997,0,0,0,0,0,0,0,0,0,0
410306,0,1,1997,23,23,23,23,23,23,23,23,23,23
410306,1,1,1997,0,0,0,0,0,0,0,0,0,0
410307,1,1,1997,16,16,16,16,16,16,16,16,16,16
410308,1,1,1997,0,0,0,0,0,0,0,0,0,0
410308,2,1,1997,0,0,0,0,0,0,0,0,0,0
410309,1,1,1997,0,0,0,0,0,0,0,0,0,0
410309,2,1,1997,0,0,0,0,0,0,0,0,0,0
410310,1,1,1997,14,14,14,14,14,14,14,14,14,14
410310,2,1,1997,0,0,0,0,0,0,0,0,0,0
410311,1,1,1997,0,0,0,0,0,0,0,0,0,0
410312,1,1,1997,20,20,20,20,20,20,20,20,20,20
410312,2,1,1997,0,0,0,0,0,0,0,0,0,0
410313,1,1,1997,0,0,0,0,0,0,0,0,0,0
410313,2,1,1997,0,0,0,0,0,0,0,0,0,0
410314,1,1,1997,0,0,0,0,0,0,0,0,0,0
410314,2,1,1997,0,0,0,0,0,0,0,0,0,0
410315,1,1,1997,11,0,0,0,0,0,0,0,0,0
410315,2,1,1997,0,0,0,0,0,0,0,0,0,0
410316,1,1,1997,3,3,3,3,3,3,3,3,3,3
410317,1,1,1997,19,19,19,19,19,19,19,19,19,19
410317,2,1,1997,0,0,0,0,0,0,0,0,0,0
410317,3,1,1997,0,0,0,0,0,0,0,0,0,0
410318,1,1,1997,0,0,0,0,0,0,0,0,0,0
410318,2,1,1997,0,0,0,0,0,0,0,0,0,0
410319,1,1,1997,0,0,0,0,0,0,0,0,0,0
410319,2,1,1997,0,0,0,0,0,0,0,0,0,0
410320,1,1,1997,0,0,0,0,0,0,0,0,0,0
410321,1,1,1997,0,0,0,20,0,0,0,0,0,0
410321,2,1,1997,0,0,0,0,0,0,0,16,0,0
410322,1,1,1997,27,27,27,27,27,27,27,27,27,27
410323,1,1,1997,18,18,18,18,18,18,18,18,18,18
410324,1,1,1997,0,0,0,0,0,0,0,0,0,0
410324,2,1,1997,0,0,0,12,0,0,0,0,0,0
410325,1,1,1997,0,0,0,0,0,0,0,0,0,0
410325,2,1,1997,0,0,0,0,0,0,0,0,0,0
410326,1,1,1997,0,0,0,0,0,0,0,0,0,0
410326,2,1,1997,0,0,0,0,0,0,0,0,0,0
410327,1,1,1997,0,0,0,0,0,0,0,0,0,0
410327,2,1,1997,0,0,0,0,0,0,0,0,0,0
410328,1,1,1997,0,0,0,0,0,0,0,0,0,0
410328,2,1,1997,0,0,0,0,0,0,0,0,0,0
410329,1,1,1997,0,0,0,0,0,0,0,0,0,0
410329,2,1,1997,0,0,0,0,0,0,0,0,0,0
410330,1,1,1997,0,0,0,0,0,0,0,0,0,0
410330,2,1,1997,0,0,0,0,0,0,0,0,0,0
410331,1,1,1997,0,0,0,0,0,0,0,0,0,0
410331,2,1,1997,0,0,0,0,0,0,0,0,0,0
410332,1,1,1997,0,0,0,0,0,0,0,0,0,0
410332,2,1,1997,0,0,0,0,0,0,0,0,0,0
410333,1,1,1997,0,0,0,0,0,0,0,0,0,0
410333,2,1,1997,0,0,0,0,0,0,0,0,0,0
410334,1,1,1997,0,0,0,0,0,0,0,0,0,0
410335,0,1,1997,0,0,0,0,0,0,0,0,0,0
410335,0,2,1997,0,0,0,0,0,0,0,0,0,0
410335,1,1,1997,0,0,0,0,0,0,0,0,0,0
410336,1,1,1997,7,0,0,0,0,0,0,0,0,0
410336,2,1,1997,0,0,0,0,0,0,0,0,0,0
410337,1,1,1997,7,7,7,7,7,7,7,7,7,7
410338,1,1,1997,6,6,6,6,6,6,6,6,6,6
410338,2,1,1997,0,0,0,0,0,0,0,0,0,0
410339,1,1,1997,0,0,0,0,0,0,0,0,0,0
410339,2,1,1997,0,0,0,0,0,0,0,0,0,0
410340,0,1,1997,7,7,7,7,7,7,7,7,7,7
410340,1,1,1997,0,0,0,0,0,0,0,0,0,0
410341,1,1,1997,13,13,13,13,13,13,13,13,13,13
410341,2,1,1997,0,0,0,0,0,0,0,0,0,0
410342,1,1,1997,18,18,18,18,18,18,18,18,18,18
410343,1,1,1997,24,24,24,24,24,24,24,24,24,24
410344,1,1,1997,0,0,4,0,0,8,8,15,4,18
410344,2,1,1997,0,0,0,0,0,0,0,0,0,0
410345,1,1,1997,0,0,0,0,0,0,0,0,0,0
410346,1,1,1997,0,0,0,0,0,0,0,0,0,0
410346,2,1,1997,0,0,0,0,0,0,0,0,0,0
410347,1,1,1997,0,0,0,0,0,0,0,0,0,0
410347,2,1,1997,0,0,0,0,0,0,0,0,0,0
410348,0,1,1997,0,0,0,0,0,0,0,0,0,0
410348,1,1,1997,0,0,0,0,0,0,0,0,0,0
410348,2,1,1997,0,0,0,0,0,0,0,0,0,0
410349,1,1,1997,0,0,0,0,0,0,0,0,0,0
410350,1,1,1997,0,0,0,0,0,0,0,0,0,0
410351,1,1,1997,15,15,15,15,15,15,15,15,15,15
410352,1,1,1997,0,0,0,0,0,0,0,0,0,0
410352,2,1,1997,0,0,0,0,0,0,0,0,0,0
410353,1,1,1997,0,0,0,0,0,29,0,0,0,0
410353,2,1,1997,0,0,0,0,0,0,0,0,0,0
410354,1,1,1997,0,0,0,0,0,0,0,0,0,0
410355,1,1,1997,0,27,13,14,39,19,29,29,15,20
410356,1,1,1997,25,25,25,25,25,25,25,25,25,25
410357,1,1,1997,0,0,0,0,0,0,0,0,0,0
410357,2,1,1997,0,0,0,0,0,0,0,0,0,0
410358,1,1,1997,14,12,16,6,10,4,0,17,24,15
410359,1,1,1997,0,0,0,0,0,0,0,0,0,0
410360,1,1,1997,35,35,35,35,35,35,35,35,35,35
410361,1,1,1997,0,0,0,0,0,0,0,0,0,0
410361,2,1,1997,0,0,0,0,0,0,0,0,0,0
410362,1,1,1997,13,13,13,13,13,13,13,13,13,13
410363,1,1,1997,1,1,1,1,1,1,1,1,1,1
410363,2,1,1997,0,0,0,0,0,0,0,0,0,0
410364,1,1,1997,13,13,13,13,13,13,13,13,13,13
410365,1,1,1997,0,0,0,0,0,0,0,0,0,0
410366,1,1,1997,0,0,0,0,0,0,0,0,0,0
410366,2,1,1997,0,0,0,0,0,0,0,0,0,0
410367,1,1,1997,12,0,18,0,0,0,14,16,0,0
410367,2,1,1997,0,0,0,0,0,0,0,0,0,0
410368,1,1,1997,0,0,0,0,0,0,0,0,0,0
410368,2,1,1997,0,0,0,0,0,0,0,0,0,0
410369,1,1,1997,0,0,0,0,0,0,0,0,0,0
410369,2,1,1997,0,0,0,0,0,0,0,0,0,0
410370,1,1,1997,0,0,0,0,0,0,0,0,0,0
410370,2,1,1997,0,10,0,0,0,0,0,0,0,0
410371,1,1,1997,26,26,26,26,26,26,26,26,26,26
410371,2,1,1997,0,0,0,0,0,0,0,0,0,0
410371,3,1,1997,0,0,0,0,0,0,0,0,0,0
410372,1,1,1997,0,0,0,0,0,0,0,0,0,0
410373,1,1,1997,19,19,19,19,19,19,19,19,19,19
410374,1,1,1997,16,16,16,16,16,16,16,16,16,16
410375,1,1,1997,0,0,0,0,0,0,0,0,0,0
410376,1,1,1997,4,4,4,4,4,4,4,4,4,4
410377,1,1,1997,0,0,0,0,0,0,0,0,0,0
410377,2,1,1997,0,0,0,0,0,0,0,0,0,0
410378,1,1,1997,0,0,0,0,3,0,4,0,0,0
410378,2,1,1997,0,0,0,0,0,0,0,0,0,0
410379,1,1,1997,0,0,0,0,0,0,0,0,0,0
410380,1,1,1997,12,12,12,12,12,12,12,12,12,12
410380,2,1,1997,2,0,0,0,0,0,20,0,0,0
410381,1,1,1997,0,0,0,0,0,0,0,0,0,0
410381,2,1,1997,0,0,0,0,0,0,0,0,0,0
410382,1,1,1997,0,0,0,0,0,0,0,0,0,0
410382,2,1,1997,0,0,0,0,0,0,0,15,0,0
410382,3,1,1997,0,0,0,0,0,0,0,0,0,0
410383,0,1,1997,27,27,27,27,27,27,27,27,27,27
410383,1,1,1997,0,0,0,0,0,0,0,0,0,0
410384,1,1,1997,0,0,0,0,0,0,0,0,0,0
410385,1,1,1997,0,0,0,0,0,0,0,0,0,0
410385,2,1,1997,8,8,8,8,8,8,8,8,8,8
410386,1,1,1997,0,0,0,0,0,0,0,0,0,0
410387,0,1,1997,0,0,0,0,0,0,0,0,0,0
410387,1,1,1997,0,0,0,0,0,0,0,0,0,0
410388,1,1,1997,0,0,0,0,0,0,0,0,0,0
410388,2,1,1997,0,0,0,0,0,0,0,0,0,0
410389,1,1,1997,17,17,17,17,17,17,17,17,17,17
410389,2,1,1997,0,0,0,0,0,0,0,0,0,0
410390,1,1,1997,0,0,0,0,0,0,0,0,0,0
410390,2,1,1997,0,0,0,0,0,0,0,0,0,0
410391,0,1,1997,15,15,15,15,15,15,15,15,15,15
410391,0,2,1997,10,10,10,10,10,10,10,10,10,10
410391,1,1,1997,0,0,0,0,0,0,0,0,0,0
410392,1,1,1997,0,0,0,0,0,0,0,0,0,0
410393,1,1,1997,0,0,0,0,0,0,0,0,0,11
410394,1,1,1997,0,0,0,0,0,0,0,0,0,0
410394,2,1,1997,0,0,0,0,0,0,0,0,0,0
410394,3,1,1997,0,0,0,0,0,0,0,0,0,0
410394,4,1,1997,0,0,0,0,0,0,0,0,0,0
410395,1,1,1997,24,24,24,24,24,24,24,24,24,24
410395,2,1,1997,0,0,0,0,0,0,0,0,0,0
410396,1,1,1997,19,19,19,19,19,19,19,19,19,19
410397,1,1,1997,9,9,9,9,9,9,9,9,9,9
410398,0,1,1997,0,0,17,0,17,19,22,0,0,37
410398,1,1,1997,0,0,0,0,0,0,0,0,0,0
410399,0,1,1997,14,14,14,14,14,14,14,14,14,14
410399,1,1,1997,0,0,0,0,0,0,0,0,0,0
410400,1,1,1997,0,0,0,0,0,0,0,14,0,13
410400,2,1,1997,0,0,0,0,0,0,0,0,0,0
410401,1,1,1997,0,0,0,0,0,0,0,0,0,0
410401,2,1,1997,14,14,14,14,14,14,14,14,14,14
410402,1,1,1997,32,32,32,32,32,32,32,32,32,32
410403,0,1,1997,0,0,0,0,0,0,0,0,0,0
410403,1,1,1997,0,0,0,0,0,0,0,0,0,0
410404,1,1,1997,0,0,0,0,0,0,10,0,0,0
410405,1,1,1997,0,0,0,0,0,0,0,0,0,0
410406,0,1,1997,0,0,0,0,0,0,0,0,0,0
410406,1,1,1997,19,30,15,0,0,8,22,0,19,0
410407,1,1,1997,0,0,0,0,0,0,0,0,0,0
410407,2,1,1997,0,0,0,0,0,0,0,0,0,0
410408,1,1,1997,23,23,23,23,23,23,23,23,23,23
410409,1,1,1997,22,22,22,22,22,22,22,22,22,22
410409,2,1,1997,0,0,0,0,0,0,0,0,0,0
410409,3,1,1997,0,0,0,0,0,0,0,0,0,0
410410,0,1,1997,22,22,22,22,22,22,22,22,22,22
410410,1,1,1997,25,0,31,0,0,0,0,0,0,0
410411,0,1,1997,4,4,4,4,4,4,4,4,4,4
410411,1,1,1997,0,0,0,0,0,0,0,0,0,0
410412,0,1,1997,0,0,0,0,0,0,0,0,0,0
410412,1,1,1997,0,0,0,0,0,0,0,0,0,0
410413,1,1,1997,0,0,0,0,0,0,18,0,0,0
410413,2,1,1997,0,0,0,0,0,0,0,0,0,0
410413,3,1,1997,0,0,0,0,0,0,0,0,0,0
410414,0,1,1997,40,40,40,40,40,40,40,40,40,40
410414,1,1,1997,0,0,0,0,0,0,0,0,0,0
410415,0,1,1997,27,27,27,27,27,27,27,27,27,27
410415,1,1,1997,0,0,20,13,0,24,0,0,0,0
410416,1,1,1997,0,0,0,0,0,0,0,0,0,0
410417,1,1,1997,20,20,20,20,20,20,20,20,20,20
410418,1,1,1997,26,26,26,26,26,26,26,26,26,26
410419,0,1,1997,11,11,11,11,11,11,11,11,11,11
410419,1,1,1997,0,0,0,0,0,0,0,0,0,0
410420,1,1,1997,0,0,0,0,0,0,0,0,0,0
410420,2,1,1997,0,0,0,0,0,0,0,0,0,0
410421,0,1,1997,16,16,16,16,16,16,16,16,16,16
410421,1,1,1997,0,0,0,0,0,0,0,0,0,0
410422,1,1,1997,0,0,0,0,0,0,0,0,0,0
410422,2,1,1997,9,0,13,0,0,0,9,0,0,0
410423,1,1,1997,0,0,0,0,0,0,0,0,0,0
410423,2,1,1997,0,0,0,0,0,0,0,0,0,0
410423,3,1,1997,0,0,0,0,0,0,0,0,0,0
410424,1,1,1997,0,0,0,0,0,0,0,0,0,0
410424,2,1,1997,0,0,0,0,0,0,0,0,0,0
410425,1,1,1997,15,15,15,15,15,15,15,15,15,15
410425,2,1,1997,0,0,0,0,0,0,0,0,0,0
410426,1,1,1997,0,0,0,0,0,0,0,0,0,0
410426,2,1,1997,0,0,0,15,0,0,0,0,0,0
410427,1,1,1997,0,0,0,0,0,0,0,0,0,0
410427,2,1,1997,0,0,0,0,0,0,0,0,0,0
410428,0,1,1997,0,0,0,0,0,0,0,0,0,0
410428,1,1,1997,0,0,0,0,0,0,0,0,0,0
410429,1,1,1997,0,0,0,0,0,0,0,0,0,0
410429,2,1,1997,0,0,0,0,0,0,0,0,0,0
410429,3,1,1997,0,0,0,0,0,0,0,0,0,0
410430,1,1,1997,0,0,0,0,0,0,0,0,0,0
410430,2,1,1997,0,0,0,18,0,0,0,0,0,0
410431,1,1,1997,15,15,15,15,15,15,15,15,15,15
410432,0,1,1997,0,0,0,38,0,0,0,0,0,0
410432,1,1,1997,0,18,0,0,0,0,0,0,0,0
410433,1,1,1997,16,16,16,16,16,16,16,16,16,16
410433,2,1,1997,0,0,0,0,0,0,0,0,0,0
410434,1,1,1997,25,25,25,25,25,25,25,25,25,25
410434,2,1,1997,25,25,25,25,25,25,25,25,25,25
410435,1,1,1997,20,20,20,20,20,20,20,20,20,20
410436,1,1,1997,0,0,0,0,0,0,0,0,0,0
410436,2,1,1997,0,0,0,0,0,0,0,0,0,0
410437,0,1,1997,26,26,26,26,26,26,26,26,26,26
410437,1,1,1997,0,0,0,0,0,0,0,0,0,0
410438,1,1,1997,21,21,21,21,21,21,21,21,21,21
410439,1,1,1997,0,0,0,0,0,0,0,0,0,0
410440,0,1,1997,0,0,0,0,0,0,0,0,0,0
410440,1,1,1997,0,0,0,0,0,0,0,0,0,0
410440,2,1,1997,0,0,0,0,0,0,0,0,0,0
410441,1,1,1997,0,0,0,0,0,0,0,0,0,0
410442,1,1,1997,0,0,0,0,0,0,0,0,0,0
410442,2,1,1997,0,0,0,0,0,0,0,0,0,0
410443,1,1,1997,0,0,0,0,0,0,0,0,0,0
410444,1,1,1997,0,0,0,0,0,0,0,0,0,0
410444,2,1,1997,0,0,0,0,0,0,0,12,0,0
410445,1,1,1997,0,0,0,0,0,0,0,0,0,0
410445,2,1,1997,0,0,0,0,0,0,0,0,0,0
410446,1,1,1997,2,2,2,2,2,2,2,2,2,2
410446,2,1,1997,0,0,0,0,0,0,0,0,0,0
410447,0,1,1997,0,0,0,0,0,0,0,0,0,0
410447,1,1,1997,0,0,0,0,0,0,0,0,0,0
410448,1,1,1997,0,0,0,0,0,0,0,0,0,0
410448,2,1,1997,0,0,0,0,0,0,0,0,0,0
410449,1,1,1997,0,0,0,0,0,0,0,0,0,0
410450,1,1,1997,1,1,1,1,1,1,1,1,1,1
410450,2,1,1997,0,0,0,0,0,0,0,0,0,0
410451,1,1,1997,0,0,0,0,0,0,0,0,8,0
410452,0,1,1997,0,0,0,0,0,0,0,0,0,0
410452,1,1,1997,0,0,0,0,0,0,0,0,0,0
410453,0,1,1997,0,0,0,0,0,0,0,0,0,0
410453,1,1,1997,0,0,0,0,0,0,0,0,0,0
410454,1,1,1997,0,0,0,0,0,0,0,0,0,0
410454,2,1,1997,0,0,0,0,0,0,0,0,0,0
410455,1,1,1997,3,3,3,3,3,3,3,3,3,3
410456,0,1,1997,0,0,0,0,0,0,0,0,0,0
410456,1,1,1997,0,17,18,0,0,0,0,0,0,0
410457,0,1,1997,0,0,0,0,0,0,0,0,0,0
410457,1,1,1997,0,0,0,0,0,0,0,0,0,0
410458,1,1,1997,28,28,28,28,28,28,28,28,28,28
410459,1,1,1997,13,13,13,13,13,13,13,13,13,13
410460,1,1,1997,27,21,0,24,8,5,0,10,0,0
410461,1,1,1997,12,12,12,12,12,12,12,12,12,12
410462,1,1,1997,20,20,20,20,20,20,20,20,20,20
410462,2,1,1997,0,0,0,0,0,0,0,0,0,0
410463,1,1,1997,0,0,19,0,0,0,0,0,0,0
410463,2,1,1997,0,0,0,0,0,0,0,0,0,0
410464,1,1,1997,15,15,15,15,15,15,15,15,15,15
410465,1,1,1997,20,12,0,0,0,0,0,0,31,0
410465,2,1,1997,0,0,0,0,0,0,0,0,0,0
420001,1,1,1997,22,22,22,22,22,22,22,22,22,22
420001,2,1,1997,18,18,18,18,18,18,18,18,18,18
420002,1,1,1997,0,0,0,0,0,0,0,0,0,0
420002,2,1,1997,0,0,0,0,0,0,0,0,0,0
420003,1,1,1997,0,0,0,0,0,0,0,0,0,0
420003,2,1,1997,0,0,0,0,0,0,0,0,0,0
420004,1,1,1997,0,0,0,0,0,0,0,0,0,0
420004,2,1,1997,0,0,0,0,0,0,0,0,0,0
420005,1,1,1997,0,0,0,0,0,0,0,0,0,0
420005,2,1,1997,0,0,0,0,0,0,0,0,0,0
420006,1,1,1997,0,0,0,0,0,0,0,0,0,0
420006,2,1,1997,0,0,0,0,0,0,0,0,0,0
420007,0,1,1997,0,0,0,0,0,0,0,0,0,0
420007,1,1,1997,0,0,0,0,0,0,0,0,0,0
420008,0,1,1997,0,0,0,0,0,0,0,0,0,0
420008,1,1,1997,0,0,0,0,0,0,0,7,0,0
420008,2,1,1997,0,0,0,0,0,0,0,0,0,0
420009,0,1,1997,26,26,26,26,26,26,26,26,26,26
420009,1,1,1997,0,0,0,4,0,0,20,0,5,0
420010,1,1,1997,0,0,0,0,0,0,0,0,0,0
420011,1,1,1997,3,3,3,3,3,3,3,3,3,3
420012,0,1,1997,0,0,0,0,0,0,0,0,0,22
420012,1,1,1997,0,0,0,0,0,0,0,0,0,0
420013,1,1,1997,0,0,0,0,0,0,0,0,0,0
420013,2,1,1997,0,0,0,0,0,0,0,0,0,0
420014,1,1,1997,5,0,0,0,0,37,30,0,0,0
420014,2,1,1997,0,0,0,0,0,0,0,0,0,0
420015,1,1,1997,0,0,0,0,0,0,0,0,0,0
420015,2,1,1997,0,0,0,0,0,0,0,0,0,0
420016,0,1,1997,36,15,0,17,0,0,0,0,0,16
420016,0,2,1997,0,0,0,0,0,0,0,0,0,0
420016,1,1,1997,0,0,17,0,0,0,0,25,0,0
420017,1,1,1997,33,11,15,13,0,25,14,8,0,9
420017,2,1,1997,0,0,0,0,0,0,0,0,0,0
420018,1,1,1997,0,0,0,0,0,0,0,0,0,0
420018,2,1,1997,0,0,0,0,0,0,0,0,0,0
420018,3,1,1997,0,0,0,0,0,23,0,0,0,0
420018,4,1,1997,0,0,0,0,0,0,0,0,0,0
420019,1,1,1997,0,0,0,0,0,0,0,0,0,0
420020,1,1,1997,0,0,0,0,0,0,0,0,0,0
420021,1,1,1997,0,0,0,0,0,0,0,0,0,0
420021,2,1,1997,0,0,0,0,0,0,0,0,0,0
420021,3,1,1997,0,0,0,7,0,0,0,0,0,0
420022,1,1,1997,12,12,12,12,12,12,12,12,12,12
420022,2,1,1997,0,0,0,15,0,0,0,0,0,0
420023,1,1,1997,11,11,11,11,11,11,11,11,11,11
420024,1,1,1997,21,21,21,21,21,21,21,21,21,21
420025,1,1,1997,0,21,10,13,20,29,0,36,8,12