ST_CASE,VEH_NO,PER_NO,YEAR,P1,P2,P3,P4,P5,P6,P7,P8,P9,P10
421379,1,1,1997,0,0,0,0,0,0,0,0,0,0
421379,2,1,1997,0,0,0,0,0,0,0,0,0,0
421380,1,1,1997,0,0,0,0,2,0,0,8,0,0
421380,2,1,1997,0,3,0,0,0,0,0,0,0,0
421381,1,1,1997,0,0,0,0,0,0,0,0,0,0
421381,2,1,1997,0,0,0,0,0,0,0,0,0,0
421382,1,1,1997,0,0,0,0,0,0,0,0,0,0
421382,2,1,1997,0,0,0,0,0,0,0,0,0,0
421383,1,1,1997,0,0,0,0,0,0,0,0,0,0
421384,1,1,1997,22,22,22,22,22,22,22,22,22,22
421384,2,1,1997,0,0,0,0,0,0,0,0,0,0
421385,1,1,1997,0,0,0,0,0,0,0,0,0,0
421386,1,1,1997,0,0,0,0,0,0,0,0,0,0
421387,1,1,1997,11,11,11,11,11,11,11,11,11,11
421388,1,1,1997,0,0,0,0,0,0,0,0,12,0
421388,2,1,1997,0,0,0,0,0,0,0,0,0,0
421388,3,1,1997,0,0,0,0,0,0,0,0,0,0
421389,1,1,1997,0,0,0,0,0,0,0,0,0,0
421389,2,1,1997,0,2,0,0,0,8,0,0,0,0
421389,3,1,1997,0,0,0,0,0,9,0,0,0,0
421390,1,1,1997,0,0,0,0,0,0,0,0,0,0
421390,2,1,1997,0,0,0,0,0,0,0,0,0,0
421391,1,1,1997,0,0,0,0,0,0,0,0,0,0
421391,2,1,1997,0,0,0,0,0,0,0,0,0,0
421392,0,1,1997,9,9,9,9,9,9,9,9,9,9
421392,1,1,1997,0,0,0,0,0,0,0,0,0,0
421393,1,1,1997,0,0,0,0,0,0,0,0,0,0
421393,2,1,1997,0,0,0,0,17,0,0,0,0,0
421394,1,1,1997,8,8,8,8,8,8,8,8,8,8
421395,1,1,1997,0,0,0,0,0,0,0,0,0,0
421395,2,1,1997,0,0,0,0,0,0,0,0,0,0
421396,1,1,1997,25,25,25,25,25,25,25,25,25,25
421396,2,1,1997,0,0,0,0,0,0,0,0,0,0
421397,1,1,1997,0,0,0,0,0,0,0,0,0,0
421397,2,1,1997,0,0,0,0,0,0,0,0,0,0
421398,0,1,1997,0,0,0,0,0,0,0,0,0,0
421398,1,1,1997,0,0,0,0,0,0,0,0,0,0
421399,1,1,1997,0,0,0,0,0,0,0,0,0,0
421399,2,1,1997,0,0,0,0,0,0,0,0,0,0
421400,1,1,1997,0,0,0,0,0,0,0,0,0,17
421400,2,1,1997,0,0,0,0,0,0,17,0,0,0
421401,1,1,1997,12,0,23,0,0,0,0,0,0,0
421402,1,1,1997,0,0,0,0,0,0,0,0,0,0
421403,1,1,1997,6,0,0,0,0,0,0,24,0,11
421404,1,1,1997,1,1,1,1,1,1,1,1,1,1
421405,1,1,1997,0,0,0,0,0,0,0,0,0,0
421406,0,1,1997,0,0,0,0,0,0,0,0,0,0
421406,1,1,1997,0,0,0,0,0,0,0,0,0,0
421407,1,1,1997,0,0,0,0,0,0,0,0,0,0
421407,2,1,1997,0,0,30,0,8,0,0,0,19,7
421408,1,1,1997,16,16,16,16,16,16,16,16,16,16
421409,1,1,1997,0,0,0,0,0,0,0,0,0,0
421409,2,1,1997,0,0,0,0,0,0,0,0,0,0
421410,1,1,1997,0,0,0,0,0,0,0,0,0,0
421410,2,1,1997,0,0,0,0,0,0,0,0,0,0
421411,1,1,1997,0,0,0,0,0,0,0,0,0,0
421411,2,1,1997,0,0,0,0,0,0,0,0,0,0
421411,3,1,1997,0,0,0,0,0,0,0,0,0,0
421412,1,1,1997,20,14,28,24,23,25,11,18,8,17
421413,1,1,1997,16,16,16,16,16,16,16,16,16,16
421413,2,1,1997,20,20,20,20,20,20,20,20,20,20
421413,3,1,1997,18,31,0,14,4,21,16,34,23,18
421414,1,1,1997,12,20,12,14,27,23,0,19,10,32
421415,1,1,1997,0,0,0,0,0,0,0,0,0,0
421415,2,1,1997,0,0,0,0,0,0,0,0,0,0
421416,1,1,1997,0,0,0,0,0,0,0,0,0,0
421417,1,1,1997,16,16,16,16,16,16,16,16,16,16
421417,2,1,1997,0,0,0,0,0,0,0,0,0,0
421418,1,1,1997,0,0,0,0,0,0,0,0,0,0
421418,2,1,1997,0,0,0,0,0,9,0,0,0,0
421419,0,1,1997,0,0,0,0,0,0,0,0,0,0
421419,1,1,1997,0,0,0,0,0,0,0,0,0,0
421420,0,1,1997,0,0,0,0,0,0,0,0,0,0
421420,1,1,1997,0,0,0,0,0,0,0,0,0,0
421421,0,1,1997,0,0,0,0,0,0,0,0,0,0
421421,1,1,1997,0,0,0,7,0,0,7,0,0,0
440001,1,1,1997,17,17,17,17,17,17,17,17,17,17
440002,1,1,1997,28,28,28,28,28,28,28,28,28,28
440003,1,2,1997,0,0,0,0,0,0,0,0,0,0
440003,2,1,1997,0,0,27,0,0,0,0,0,0,0
440004,1,2,1997,0,0,0,0,0,0,0,0,0,0
440004,2,1,1997,0,0,0,0,0,0,0,0,0,0
440005,1,1,1997,15,15,15,15,15,15,15,15,15,15
440006,1,1,1997,29,29,29,29,29,29,29,29,29,29
440006,2,1,1997,22,22,22,22,22,22,22,22,22,22
440007,1,1,1997,0,0,0,0,0,0,0,0,0,0
440008,1,1,1997,14,14,14,14,14,14,14,14,14,14
440009,1,1,1997,15,15,15,15,15,15,15,15,15,15
440010,1,1,1997,0,0,0,0,0,0,0,0,0,0
440011,1,1,1997,0,0,0,0,0,0,0,0,0,0
440011,2,1,1997,0,0,0,0,0,0,0,0,0,0
440012,1,1,1997,0,0,0,0,0,0,0,0,0,0
440013,1,3,1997,16,29,16,7,12,12,27,14,3,6
440014,1,1,1997,13,13,13,13,13,13,13,13,13,13
440015,1,1,1997,0,0,0,0,0,0,0,0,0,0
440016,1,1,1997,0,0,0,0,0,0,0,0,0,0
440016,2,1,1997,0,0,0,0,0,0,0,0,0,0
440017,1,1,1997,9,9,9,9,9,9,9,9,9,9
440018,1,1,1997,19,19,19,19,19,19,19,19,19,19
440019,1,1,1997,2,2,2,2,2,2,2,2,2,2
440019,2,1,1997,0,0,0,0,0,0,0,0,19,0
440020,1,1,1997,18,18,18,18,18,18,18,18,18,18
440020,2,1,1997,0,0,0,0,28,0,0,0,0,0
440021,1,1,1997,0,0,0,0,0,0,0,0,0,0
440021,2,1,1997,0,0,0,0,0,0,0,0,0,18
440021,3,1,1997,0,0,0,10,0,0,0,12,18,0
440021,4,1,1997,25,0,0,0,0,0,0,0,0,0
440022,1,1,1997,0,0,0,0,0,0,0,0,0,0
440023,1,1,1997,0,0,0,0,0,0,0,0,0,0
440024,1,1,1997,0,0,0,17,0,0,0,23,0,0
440024,2,1,1997,0,0,0,0,0,0,0,0,0,0
440025,1,1,1997,0,0,0,0,0,0,0,0,0,0
440025,2,1,1997,0,0,0,0,0,0,0,0,0,0
440026,0,1,1997,0,0,0,0,0,0,0,0,0,0
440026,1,1,1997,0,0,0,0,0,0,0,0,0,0
440027,1,1,1997,25,25,25,25,25,25,25,25,25,25
440028,1,1,1997,0,0,0,0,0,0,0,0,0,0
440029,1,2,1997,9,14,0,0,14,0,0,0,22,0
440030,1,2,1997,0,0,0,0,0,0,0,0,0,0
440030,2,1,1997,21,21,21,21,21,21,21,21,21,21
440031,1,2,1997,4,6,16,8,4,8,0,13,29,4
440031,2,1,1997,0,0,0,0,0,0,0,0,0,9
440031,3,1,1997,0,0,0,0,0,0,0,0,0,0
440032,1,1,1997,0,0,0,0,0,0,0,0,0,0
440033,1,1,1997,32,32,32,32,32,32,32,32,32,32
440033,2,1,1997,0,0,0,0,0,0,6,0,0,0
440034,1,1,1997,2,2,2,2,2,2,2,2,2,2
440034,2,1,1997,2,2,2,2,2,2,2,2,2,2
440035,0,1,1997,20,20,20,20,20,20,20,20,20,20
440035,1,1,1997,17,17,17,17,17,17,17,17,17,17
440035,2,1,1997,20,20,20,20,20,20,20,20,20,20
440036,1,2,1997,0,15,7,0,10,15,0,16,19,0
440036,2,1,1997,16,5,10,19,3,0,7,0,17,12
440037,1,1,1997,0,0,0,0,0,0,0,0,0,0
440038,1,2,1997,12,11,3,19,10,16,14,6,17,0
440039,1,2,1997,26,0,0,0,0,12,16,0,0,18
440040,1,2,1997,11,11,11,11,11,11,11,11,11,11
440041,1,1,1997,0,0,0,0,0,0,0,0,0,0
440041,2,1,1997,0,0,0,0,0,0,0,0,0,0
440042,0,1,1997,0,0,0,0,0,0,0,0,0,0
440042,1,1,1997,0,0,0,0,0,5,0,0,0,0
440043,1,1,1997,0,0,0,0,0,0,0,0,0,0
440043,2,1,1997,0,0,0,0,0,0,0,0,0,0
440044,1,1,1997,0,0,0,0,0,0,0,0,0,0
440044,2,1,1997,0,0,0,0,0,0,0,0,0,0
440045,1,1,1997,0,0,0,0,0,0,0,0,0,0
440045,2,1,1997,0,0,12,0,5,0,0,0,0,0
440046,1,2,1997,25,35,21,14,29,3,11,26,7,18
440046,2,1,1997,25,20,14,19,13,19,10,8,9,5
440047,0,1,1997,0,0,0,0,0,0,0,0,0,0
440047,1,1,1997,0,0,0,0,0,0,12,0,0,0
440048,1,2,1997,0,0,0,0,0,0,0,0,0,0
440048,2,1,1997,0,0,0,0,0,0,0,0,0,0
440049,0,1,1997,7,7,7,7,7,7,7,7,7,7
440049,1,1,1997,0,0,0,0,0,0,0,0,0,0
440050,1,1,1997,37,37,37,37,37,37,37,37,37,37
440051,1,1,1997,30,30,30,30,30,30,30,30,30,30
440052,0,1,1997,36,36,36,36,36,36,36,36,36,36
440052,1,1,1997,0,0,0,0,0,0,0,0,0,0
440053,1,1,1997,19,19,19,19,19,19,19,19,19,19
440054,0,1,1997,27,3,0,37,11,0,0,31,0,28
440054,1,1,1997,12,12,12,12,12,12,12,12,12,12
440055,0,1,1997,0,0,0,0,0,0,0,0,0,0
440055,1,1,1997,0,0,0,0,0,0,0,0,0,0
440056,1,1,1997,0,0,0,0,0,0,0,0,0,0
440057,1,1,1997,0,0,0,0,0,0,0,0,0,0
440058,1,1,1997,13,13,13,13,13,13,13,13,13,13
440059,1,2,1997,25,25,25,25,25,25,25,25,25,25
440060,1,2,1997,0,0,0,0,0,0,0,0,0,0
440061,0,1,1997,0,0,0,0,0,0,0,0,0,0
440061,1,1,1997,0,0,4,4,13,11,0,0,0,0
440062,1,1,1997,26,26,26,26,26,26,26,26,26,26
440062,2,1,1997,0,11,0,0,0,18,13,9,0,14
440062,3,1,1997,15,6,0,33,0,0,16,0,16,23
440063,1,1,1997,0,0,0,0,0,0,0,0,0,0
440063,3,1,1997,0,0,0,0,0,0,0,0,0,11
440064,1,1,1997,0,0,0,0,0,0,0,0,0,0
440064,2,1,1997,0,0,0,0,0,0,0,0,0,0
440065,1,1,1997,2,2,2,2,2,2,2,2,2,2
440065,2,1,1997,0,0,0,0,0,0,0,0,0,0
440066,1,1,1997,21,21,21,21,21,21,21,21,21,21
440066,2,1,1997,0,0,7,0,0,16,0,12,0,16
440066,3,1,1997,0,16,0,0,0,0,11,0,0,14
450001,1,1,1997,7,7,7,7,7,7,7,7,7,7
450002,0,1,1997,0,0,0,19,0,0,19,0,0,18
450002,1,1,1997,10,13,0,0,0,0,0,0,9,0
450003,1,1,1997,0,0,0,0,10,17,0,0,0,0
450003,2,1,1997,0,0,0,0,0,0,0,0,0,0
450004,1,1,1997,0,0,10,0,0,0,0,0,15,16
450005,1,1,1997,0,0,0,0,0,0,0,0,0,0
450005,2,1,1997,0,0,0,0,0,3,0,0,0,0
450006,1,1,1997,0,0,0,0,0,0,0,0,0,0
450007,1,1,1997,6,0,15,0,0,0,10,0,0,0
450007,2,1,1997,0,0,0,8,0,0,0,0,0,0
450008,0,1,1997,54,0,0,0,0,0,0,0,0,0
450008,1,1,1997,0,0,0,0,0,0,0,0,0,0
450009,1,1,1997,0,0,0,0,0,0,0,0,0,0
450009,2,1,1997,0,0,0,0,0,0,0,0,0,0
450010,1,1,1997,0,0,0,0,0,0,0,0,0,0
450010,2,1,1997,7,7,7,7,7,7,7,7,7,7
450011,1,1,1997,0,19,19,0,0,0,0,0,14,0
450012,1,1,1997,17,17,17,17,17,17,17,17,17,17
450013,0,1,1997,25,25,25,25,25,25,25,25,25,25
450013,1,1,1997,0,0,0,0,0,0,0,0,0,0
450014,0,1,1997,5,5,5,5,5,5,5,5,5,5
450014,1,1,1997,0,0,0,0,0,0,0,0,0,0
450015,1,1,1997,0,0,0,0,0,0,0,0,0,0
450016,0,1,1997,21,19,17,13,0,27,0,11,0,43
450016,1,1,1997,0,0,0,0,0,0,0,0,0,0
450017,1,1,1997,0,0,0,0,0,0,0,0,0,0
450017,2,1,1997,0,0,0,0,0,0,0,0,0,0
450018,1,1,1997,0,0,0,0,0,0,0,0,0,0
450018,2,1,1997,11,11,11,11,11,11,11,11,11,11
450019,0,1,1997,0,0,0,0,0,0,0,0,0,0
450019,1,1,1997,0,0,0,0,0,0,0,0,0,0
450020,1,1,1997,0,0,0,0,8,0,0,0,0,0
450020,2,1,1997,0,0,0,0,0,0,0,0,0,0
450021,1,1,1997,18,0,0,0,0,0,0,0,0,0
450022,0,1,1997,0,0,0,0,0,0,0,0,0,0
450022,0,2,1997,0,0,0,0,0,0,0,0,0,0
450022,1,1,1997,0,0,17,0,0,0,0,0,0,0
450023,1,1,1997,0,0,0,0,0,0,0,0,0,0
450024,1,1,1997,24,24,24,24,24,24,24,24,24,24
450025,0,1,1997,0,0,0,0,0,0,0,24,0,0
450025,1,1,1997,0,9,0,0,0,0,0,0,0,15
450026,1,1,1997,19,19,19,19,19,19,19,19,19,19
450027,1,1,1997,0,0,0,0,0,0,0,0,0,0
450027,2,1,1997,0,0,0,0,0,0,5,0,0,0
450028,1,1,1997,0,0,0,0,0,0,0,0,0,0
450028,2,1,1997,0,0,0,0,0,0,0,0,0,0
450029,1,1,1997,29,29,29,29,29,29,29,29,29,29
450030,1,1,1997,0,0,0,0,0,0,0,0,0,0
450030,2,1,1997,0,0,0,0,0,0,0,0,0,0
450031,1,1,1997,0,11,0,0,11,22,6,13,15,0
450031,2,1,1997,0,0,0,0,0,0,0,0,0,0
450032,0,1,1997,20,16,0,41,25,38,15,19,32,3
450032,1,1,1997,0,0,0,0,0,0,0,0,0,0
450033,0,1,1997,19,12,0,0,0,41,0,26,12,22
450033,1,1,1997,0,0,0,0,0,0,0,0,0,0
450033,2,1,1997,0,0,0,0,0,0,3,0,0,0
450034,0,1,1997,12,12,12,12,12,12,12,12,12,12
450034,1,1,1997,0,0,0,0,0,0,0,0,9,0
450035,1,1,1997,0,0,0,0,0,0,0,0,0,0
450035,2,1,1997,11,11,11,11,11,11,11,11,11,11
450035,3,1,1997,0,0,0,0,0,0,0,0,0,0
450036,1,1,1997,26,9,21,5,15,7,17,0,0,11
450036,2,1,1997,0,0,0,0,0,0,0,0,0,0
450037,1,1,1997,0,0,0,0,0,0,0,0,0,0
450037,2,1,1997,13,13,13,13,13,13,13,13,13,13
450038,1,1,1997,0,0,0,0,0,14,0,0,0,0
450038,2,1,1997,20,20,20,20,20,20,20,20,20,20
450039,1,1,1997,0,0,0,0,0,0,0,0,0,0
450039,2,1,1997,0,0,0,0,0,0,0,0,0,0
450040,1,1,1997,0,0,0,0,0,0,0,0,0,0
450041,1,1,1997,13,13,13,13,13,13,13,13,13,13
450041,2,1,1997,0,0,0,0,0,0,0,0,0,0
450042,1,1,1997,0,0,30,0,0,0,0,0,0,0
450042,2,1,1997,0,0,0,0,0,0,0,0,0,0
450043,1,1,1997,31,31,31,31,31,31,31,31,31,31
450044,1,1,1997,0,0,0,0,0,0,0,0,0,0
450045,1,1,1997,0,0,0,0,0,0,0,0,0,0
450045,2,1,1997,19,19,19,19,19,19,19,19,19,19
450046,1,1,1997,14,14,14,14,14,14,14,14,14,14
450047,0,1,1997,9,9,9,9,9,9,9,9,9,9
450047,1,1,1997,23,0,0,0,0,0,0,0,0,0
450048,1,1,1997,0,0,0,0,0,0,0,0,0,0
450049,1,1,1997,0,0,0,0,0,0,0,0,0,0
450050,1,1,1997,11,11,11,11,11,11,11,11,11,11
450051,1,1,1997,0,0,0,0,0,0,0,0,0,0
450051,2,1,1997,29,0,16,0,0,0,0,0,0,0
450052,0,1,1997,0,0,0,0,0,0,0,0,0,0
450052,1,1,1997,0,0,0,0,0,0,0,0,0,0
450053,1,1,1997,0,0,0,0,0,0,0,0,0,0
450054,1,1,1997,10,10,10,10,10,10,10,10,10,10
450054,2,1,1997,9,9,9,9,9,9,9,9,9,9
450055,0,1,1997,0,25,0,0,0,0,0,0,0,16
450055,1,1,1997,0,0,0,0,0,0,0,0,0,0
450056,1,1,1997,3,26,0,0,0,9,20,12,0,28
450057,1,1,1997,23,23,23,23,23,23,23,23,23,23
450058,1,1,1997,24,24,24,24,24,24,24,24,24,24
450059,0,1,1997,29,26,38,22,17,29,30,16,38,7
450059,1,1,1997,0,0,7,0,28,0,0,0,23,0
450060,1,1,1997,0,0,0,0,0,0,11,16,0,19
450061,1,1,1997,4,9,18,15,25,20,13,25,11,29
450062,1,1,1997,0,0,0,0,0,0,0,0,0,0
450062,2,1,1997,0,0,0,0,0,0,0,0,0,0
450064,0,1,1997,0,0,0,0,0,0,0,0,0,0
450064,1,1,1997,0,0,0,0,0,0,0,0,0,0
450065,1,1,1997,0,0,0,0,0,0,0,0,0,0
450066,0,1,1997,28,22,21,6,13,13,11,24,5,41
450066,1,1,1997,0,0,0,0,0,0,0,0,0,0
450067,1,1,1997,21,21,21,21,21,21,21,21,21,21
450068,1,1,1997,7,7,7,7,7,7,7,7,7,7
450069,1,1,1997,7,7,7,7,7,7,7,7,7,7
450070,1,1,1997,0,0,0,0,0,0,0,0,0,0
450071,1,1,1997,0,0,0,0,0,14,0,0,0,0
450072,0,1,1997,19,19,19,19,19,19,19,19,19,19
450072,1,1,1997,0,0,0,0,0,0,0,0,0,0
450073,1,1,1997,26,0,12,0,0,0,0,29,0,0
450074,1,1,1997,0,0,0,0,0,0,6,0,0,0
450074,2,1,1997,0,0,0,0,0,0,0,23,0,0
450075,1,1,1997,0,15,0,0,0,0,0,0,0,0
450075,2,1,1997,0,0,0,16,0,0,0,0,0,0
450076,1,1,1997,0,0,10,0,0,0,0,0,0,0
450077,1,1,1997,12,12,12,12,12,12,12,12,12,12
450078,1,1,1997,19,19,19,19,19,19,19,19,19,19
450079,1,1,1997,0,0,0,0,0,0,0,0,0,0
450079,2,1,1997,0,0,0,0,0,0,0,0,13,0
450080,1,1,1997,25,25,25,25,25,25,25,25,25,25
450081,0,1,1997,0,0,0,0,0,0,0,0,0,0
450081,1,1,1997,0,0,0,0,2,0,0,0,0,0
450082,1,1,1997,0,0,0,0,0,0,0,14,0,0
450082,2,1,1997,0,0,0,0,0,0,0,0,0,0
450083,1,1,1997,31,31,31,31,31,31,31,31,31,31
450084,1,1,1997,0,0,0,0,0,0,0,0,0,0
450084,2,1,1997,22,7,20,0,11,10,13,13,14,8
450084,3,1,1997,0,0,0,0,0,0,0,0,0,0
450084,4,1,1997,0,0,0,0,0,0,0,0,0,0
450085,1,1,1997,0,0,0,0,0,0,0,0,0,0
450085,2,1,1997,28,28,28,28,28,28,28,28,28,28
450086,1,1,1997,0,0,0,0,0,0,0,0,0,0
450087,1,1,1997,0,12,0,0,0,0,0,0,28,0
450087,2,1,1997,0,0,0,0,0,0,0,0,0,0
450088,1,1,1997,0,0,0,0,0,0,0,0,0,0
450088,2,1,1997,0,0,0,0,0,0,0,0,0,0
450089,1,1,1997,0,0,0,0,0,0,0,0,0,0
450089,2,1,1997,0,0,0,0,0,0,0,0,0,0
450090,1,1,1997,7,0,0,11,0,0,0,0,0,0
450091,1,1,1997,0,0,0,0,0,0,0,0,0,0
450091,2,1,1997,0,0,0,0,0,0,0,0,0,0
450092,1,1,1997,23,23,23,23,23,23,23,23,23,23
450093,1,1,1997,0,0,0,0,0,0,0,0,0,0
450093,2,1,1997,0,0,0,0,0,0,0,0,0,0
450093,3,1,1997,0,0,0,0,0,0,0,0,0,0
450093,4,1,1997,0,0,0,0,0,0,0,0,0,0
450094,1,1,1997,0,0,0,0,0,0,0,0,0,0
450094,2,1,1997,0,0,0,0,0,0,0,14,0,0
450095,1,1,1997,0,0,0,0,0,0,0,0,0,0
450095,2,1,1997,0,0,0,0,0,0,0,0,0,0
450096,1,1,1997,0,0,0,5,0,5,8,0,0,17
450097,1,1,1997,0,14,7,0,0,0,0,0,0,0
450098,1,1,1997,0,0,0,0,0,0,0,0,0,0
450099,1,1,1997,7,7,7,7,7,7,7,7,7,7
450100,1,1,1997,16,6,11,0,14,8,0,0,0,6
450101,0,1,1997,0,0,0,0,0,0,0,0,0,0
450101,1,1,1997,0,0,0,0,0,0,0,0,0,0
450101,2,1,1997,0,0,0,0,0,0,0,0,0,0
450102,1,1,1997,0,0,0,0,0,0,0,0,0,0
450102,2,1,1997,24,24,24,24,24,24,24,24,24,24
450103,1,1,1997,0,9,0,0,0,0,0,0,0,0
450103,2,1,1997,0,0,0,0,0,0,0,0,0,0
450103,3,1,1997,0,0,0,12,0,0,0,0,0,0
450104,1,1,1997,0,0,0,0,0,0,0,0,0,0
450104,2,1,1997,0,0,0,0,0,0,0,0,0,0
450105,1,1,1997,14,5,0,16,28,0,0,3,0,0
450106,0,1,1997,30,30,30,30,30,30,30,30,30,30
450106,1,1,1997,0,0,0,0,0,0,0,0,19,0
450107,1,1,1997,20,20,20,20,20,20,20,20,20,20
450108,1,1,1997,21,27,21,30,22,18,26,6,14,21
450109,1,1,1997,0,0,0,0,0,0,0,0,0,0
450109,2,1,1997,0,0,0,0,0,0,0,0,0,0
450110,1,1,1997,0,0,0,0,0,0,0,0,0,0
450110,2,1,1997,0,0,0,0,0,0,0,0,0,0
450111,1,1,1997,0,0,0,0,0,0,0,0,0,0
450111,2,1,1997,0,0,0,0,0,0,0,0,0,0
450112,1,1,1997,0,0,0,0,0,0,0,0,0,0
450112,2,1,1997,0,0,0,3,0,0,0,0,0,0
450113,1,1,1997,0,0,0,0,0,0,0,0,0,0
450113,2,1,1997,0,0,0,0,0,0,0,0,0,0
450114,1,1,1997,0,0,0,0,0,0,0,0,0,0
450115,1,1,1997,0,0,0,0,0,0,0,0,0,0
450115,2,1,1997,0,0,0,0,0,0,0,0,0,0
450116,1,1,1997,0,0,0,0,0,0,0,0,0,0
450117,1,1,1997,18,18,18,18,18,18,18,18,18,18
450117,2,1,1997,22,0,0,0,0,0,0,0,0,0
450118,1,1,1997,0,0,0,14,0,0,0,0,0,0
450119,1,1,1997,21,21,21,21,21,21,21,21,21,21
450120,1,1,1997,22,15,18,5,24,16,22,12,20,26
450121,1,1,1997,7,21,11,20,9,18,13,8,10,7
450122,1,1,1997,27,27,27,27,27,27,27,27,27,27
450122,2,1,1997,0,0,0,0,0,0,0,0,0,0
450123,1,1,1997,5,0,0,0,0,0,0,0,0,0
450123,2,1,1997,0,0,10,0,0,0,0,0,0,0
450124,1,1,1997,0,0,0,0,0,0,0,0,0,0
450125,1,1,1997,0,18,0,0,0,0,0,0,0,0
450125,2,1,1997,0,0,0,0,0,0,0,0,0,0
450125,3,1,1997,0,0,0,0,0,0,0,0,0,0
450126,0,1,1997,0,0,0,0,0,0,0,0,0,0
450126,1,1,1997,0,0,0,0,0,0,0,0,0,0
450127,1,1,1997,0,0,0,20,0,0,0,0,0,36
450127,2,1,1997,0,0,0,0,0,0,0,5,0,0
450128,1,1,1997,0,0,0,0,0,0,0,0,0,0
450128,2,1,1997,0,0,0,0,0,0,0,0,0,0
450129,1,1,1997,2,5,9,0,18,11,23,20,12,18
450130,1,1,1997,1,1,1,1,1,1,1,1,1,1
450131,1,1,1997,23,23,23,23,23,23,23,23,23,23
450132,0,1,1997,32,32,32,32,32,32,32,32,32,32
450132,1,1,1997,0,0,0,0,0,0,0,0,0,0
450133,1,1,1997,0,0,0,0,0,0,0,0,0,0
450133,2,1,1997,0,0,0,10,0,0,0,0,0,0
450133,3,1,1997,0,0,0,0,0,0,0,0,0,0
450134,1,1,1997,11,0,0,0,0,0,0,0,0,0
450135,1,1,1997,16,11,14,19,8,13,11,4,8,11
450135,2,1,1997,0,0,0,0,0,0,0,0,0,0
450136,1,1,1997,0,0,0,0,0,0,0,0,0,0
450136,2,1,1997,0,0,0,0,0,0,0,0,0,0
450136,3,1,1997,0,0,0,0,0,0,0,0,0,0
450136,4,1,1997,0,0,0,0,0,0,0,0,0,0
450137,0,1,1997,32,21,32,29,29,19,20,24,36,24
450137,1,1,1997,0,0,0,0,0,0,0,0,0,0
450138,1,1,1997,0,0,0,0,0,0,0,0,0,0
450138,2,1,1997,0,0,0,0,0,0,0,0,0,0
450139,1,1,1997,11,0,13,18,15,0,0,15,0,17
450139,2,1,1997,0,0,0,0,0,0,0,10,0,0
450140,1,1,1997,13,0,0,0,14,15,0,12,0,0
450141,1,1,1997,0,0,0,0,0,0,0,0,0,0
450141,2,1,1997,0,0,0,0,0,0,0,0,0,0
450142,1,1,1997,0,0,33,3,0,0,9,0,0,0
450143,0,1,1997,30,30,30,30,30,30,30,30,30,30
450143,1,1,1997,0,0,0,0,0,0,0,0,0,0
450144,1,1,1997,0,0,0,0,0,0,0,0,0,0
450144,2,1,1997,0,11,0,0,0,0,0,0,0,0
450145,1,1,1997,10,10,10,10,10,10,10,10,10,10
450146,1,1,1997,13,13,13,13,13,13,13,13,13,13
450147,1,1,1997,20,29,30,6,22,20,13,0,18,28
450148,1,1,1997,0,0,0,0,0,0,0,0,0,0
450149,1,1,1997,12,12,12,12,12,12,12,12,12,12
450151,1,1,1997,0,0,0,0,0,0,0,0,0,0
450151,2,1,1997,0,0,0,0,0,0,0,0,0,0
450152,1,1,1997,15,15,15,15,15,15,15,15,15,15
450153,0,1,1997,0,0,0,0,0,0,0,0,0,0
450153,1,1,1997,20,20,20,20,20,20,20,20,20,20
450154,1,1,1997,0,0,0,0,0,0,0,0,0,0
450154,2,1,1997,0,0,0,0,0,0,0,0,0,0
450154,3,1,1997,0,8,0,18,0,0,0,0,0,0
450155,1,1,1997,0,0,22,0,0,0,0,18,0,14
450156,1,1,1997,13,0,0,0,0,0,0,0,0,0
450156,2,1,1997,22,0,13,28,25,21,21,0,0,17
450157,1,1,1997,5,13,7,18,12,12,9,17,13,30
450158,1,1,1997,0,20,0,0,0,0,0,0,12,0
450159,1,1,1997,6,2,0,10,14,15,9,4,12,12
450160,0,1,1997,0,0,0,0,0,0,0,0,0,0
450160,1,1,1997,0,0,0,0,0,0,0,0,0,0
450161,1,1,1997,0,29,0,0,13,0,0,0,0,0
450162,1,1,1997,0,0,0,0,0,0,0,0,9,0
450162,2,1,1997,0,0,0,0,20,0,0,0,0,0
450163,1,1,1997,10,8,16,3,21,21,19,10,0,10
450164,1,1,1997,24,24,24,24,24,24,24,24,24,24
450165,1,1,1997,3,0,0,0,0,0,0,0,0,0
450165,2,1,1997,0,0,0,0,19,0,0,0,0,0
450165,3,1,1997,0,0,0,0,0,0,0,0,0,0
450166,1,1,1997,0,0,0,0,0,0,0,0,0,0