ST_CASE,VEH_NO,PER_NO,YEAR,P1,P2,P3,P4,P5,P6,P7,P8,P9,P10
450167,0,1,1997,26,26,26,26,26,26,26,26,26,26
450167,1,1,1997,0,0,0,0,0,0,31,12,0,0
450168,1,1,1997,0,19,0,0,21,0,0,0,0,0
450169,1,1,1997,20,20,20,20,20,20,20,20,20,20
450170,1,1,1997,0,0,0,0,0,0,0,0,0,0
450170,2,1,1997,0,0,0,0,0,0,0,0,0,0
450171,1,1,1997,7,7,7,7,7,7,7,7,7,7
450172,1,1,1997,0,0,0,0,0,0,0,0,0,0
450172,2,1,1997,0,0,0,0,0,0,0,0,0,0
450173,1,1,1997,0,0,0,0,0,0,0,0,0,0
450173,2,1,1997,0,0,0,0,0,0,0,0,0,0
450173,3,1,1997,0,0,0,0,0,0,0,0,0,0
450174,1,1,1997,11,29,20,32,31,19,19,17,13,17
450175,1,1,1997,12,12,14,16,16,20,8,19,18,24
450176,1,1,1997,0,0,0,0,0,0,0,0,0,0
450176,2,1,1997,0,0,0,0,0,14,0,24,0,0
450177,1,1,1997,0,0,0,0,0,0,0,0,0,0
450177,2,1,1997,0,0,0,0,0,0,0,0,0,0
450178,1,1,1997,0,0,0,0,0,0,0,0,0,0
450179,1,1,1997,0,0,0,0,0,0,0,0,0,0
450179,2,1,1997,0,0,0,0,0,0,0,0,0,0
450180,1,1,1997,9,0,0,0,0,0,0,0,0,0
450181,1,1,1997,0,0,0,0,0,0,0,0,0,0
450181,2,1,1997,14,12,17,9,23,4,19,0,9,14
450182,1,1,1997,0,0,0,0,18,0,0,24,16,0
450182,2,1,1997,0,0,0,0,0,0,0,0,0,0
450183,0,1,1997,0,0,0,0,0,0,0,0,0,0
450183,1,1,1997,0,0,0,0,0,0,0,0,0,0
450184,1,1,1997,11,11,11,11,11,11,11,11,11,11
450185,1,1,1997,12,12,12,12,12,12,12,12,12,12
450186,1,1,1997,0,0,0,0,0,0,0,0,0,0
450186,2,1,1997,0,0,0,0,0,0,0,0,0,0
450187,0,1,1997,33,33,33,33,33,33,33,33,33,33
450187,1,1,1997,5,0,0,0,0,0,0,0,0,0
450188,1,1,1997,0,0,0,0,0,0,0,0,0,0
450188,2,1,1997,0,0,0,0,0,0,0,0,0,0
450189,1,1,1997,0,0,0,0,0,0,0,0,0,0
450190,1,1,1997,21,21,21,21,21,21,21,21,21,21
450191,0,1,1997,0,0,0,0,0,0,0,16,0,0
450191,1,1,1997,0,0,0,0,0,0,0,0,13,0
450192,1,1,1997,0,0,0,0,0,0,0,0,0,0
450192,2,1,1997,0,0,0,0,0,0,0,0,0,0
450193,1,1,1997,0,0,0,0,0,0,0,0,0,0
450193,2,1,1997,0,0,0,0,0,0,0,0,0,0
450194,1,1,1997,0,0,0,0,0,0,0,0,0,0
450194,2,1,1997,0,0,0,0,0,0,0,0,0,0
450195,1,1,1997,0,0,0,0,0,0,0,0,0,0
450196,0,1,1997,15,15,15,15,15,15,15,15,15,15
450196,2,1,1997,2,0,0,0,0,0,0,0,0,0
450196,3,1,1997,0,0,0,0,0,0,0,0,0,0
450197,1,1,1997,14,14,14,14,14,14,14,14,14,14
450198,1,1,1997,0,0,0,0,0,0,0,0,0,0
450199,0,1,1997,28,28,28,28,28,28,28,28,28,28
450199,1,1,1997,0,0,0,0,0,0,0,0,0,0
450200,1,1,1997,0,0,0,0,0,0,0,0,0,0
450200,2,1,1997,11,11,11,11,11,11,11,11,11,11
450200,3,1,1997,0,0,0,0,0,0,0,0,0,0
450201,1,1,1997,26,17,0,0,0,0,28,0,0,11
450202,1,1,1997,0,0,21,0,0,0,0,0,0,0
450202,2,1,1997,0,0,0,0,0,0,0,0,0,0
450203,0,1,1997,0,14,0,0,0,0,0,0,0,0
450203,1,1,1997,0,0,0,0,0,0,0,0,0,0
450203,2,1,1997,0,0,0,0,0,0,0,0,0,0
450204,1,1,1997,0,0,0,0,0,0,0,0,0,0
450204,2,1,1997,0,0,0,0,0,19,0,0,0,0
450205,1,1,1997,27,27,27,27,27,27,27,27,27,27
450206,1,1,1997,0,0,0,0,0,0,0,0,0,0
450206,2,1,1997,0,0,0,0,0,0,0,0,0,0
450207,1,1,1997,0,0,15,13,26,0,0,0,0,0
450208,1,1,1997,26,0,8,8,2,0,0,6,2,16
450208,2,1,1997,13,8,13,17,21,11,20,20,0,8
450209,1,1,1997,0,0,0,0,0,0,0,0,0,0
450209,2,1,1997,0,0,0,0,0,0,0,0,0,0
450210,1,1,1997,0,0,0,0,0,0,16,0,0,5
450211,1,1,1997,5,5,5,5,5,5,5,5,5,5
450211,2,1,1997,0,0,0,0,0,0,0,0,0,0
450211,3,1,1997,0,0,0,0,0,0,0,0,0,0
450212,1,1,1997,0,0,0,0,12,10,0,0,0,0
450212,2,1,1997,0,25,12,0,0,0,0,0,0,0
450213,1,1,1997,0,18,21,24,29,2,7,19,15,33
450214,1,1,1997,0,0,0,0,0,0,0,0,0,0
450214,2,1,1997,0,0,0,0,0,0,0,0,0,0
450214,3,1,1997,0,0,0,0,0,0,0,0,0,0
450215,1,1,1997,0,0,0,0,0,0,0,0,0,0
450215,2,1,1997,0,0,0,0,0,0,0,0,0,0
450216,1,1,1997,0,0,0,16,0,0,0,0,0,9
450216,2,1,1997,12,12,12,12,12,12,12,12,12,12
450217,1,1,1997,0,0,0,0,0,0,0,0,0,0
450217,2,1,1997,0,0,0,0,0,0,0,0,0,0
450218,1,1,1997,0,0,0,0,0,0,0,0,0,0
450218,2,1,1997,0,0,0,0,0,0,0,0,0,0
450219,1,1,1997,23,0,8,0,0,0,0,13,0,0
450220,1,1,1997,14,14,14,14,14,14,14,14,14,14
450221,1,1,1997,0,0,0,0,0,23,0,22,0,20
450222,1,1,1997,0,0,0,0,0,0,0,0,0,0
450222,2,1,1997,0,0,0,0,0,0,0,0,0,0
450223,1,1,1997,0,0,26,0,0,0,9,17,0,0
450224,1,1,1997,0,0,10,0,0,0,20,0,0,0
450224,2,1,1997,17,17,17,17,17,17,17,17,17,17
450225,1,1,1997,0,0,0,0,0,0,0,0,0,0
450225,2,1,1997,0,0,0,0,0,0,0,0,0,0
450226,1,1,1997,22,22,22,22,22,22,22,22,22,22
450227,1,1,1997,19,19,19,19,19,19,19,19,19,19
450228,1,1,1997,26,26,26,26,26,26,26,26,26,26
450229,1,1,1997,12,0,0,0,0,0,0,0,0,0
450230,1,1,1997,0,0,0,0,0,0,0,0,0,0
450230,2,1,1997,19,19,19,19,19,19,19,19,19,19
450231,1,1,1997,0,0,0,0,0,0,0,0,0,2
450231,2,1,1997,27,27,27,27,27,27,27,27,27,27
450232,1,1,1997,0,0,0,0,0,0,0,0,0,0
450232,2,1,1997,0,0,0,0,0,0,0,0,0,0
450233,1,1,1997,0,10,0,10,12,0,8,0,0,10
450234,1,1,1997,0,0,0,0,0,0,0,0,0,0
450234,2,1,1997,0,0,0,0,0,0,0,0,0,0
450235,1,1,1997,18,18,18,18,18,18,18,18,18,18
450236,0,1,1997,0,0,0,0,0,0,0,0,0,0
450236,0,2,1997,44,0,0,0,24,14,18,0,13,10
450236,1,1,1997,17,17,17,17,17,17,17,17,17,17
450237,1,1,1997,0,0,0,0,0,0,0,0,0,0
450237,2,2,1997,0,0,0,0,0,0,0,0,0,0
450237,3,1,1997,0,0,0,0,0,0,0,0,0,0
450238,0,1,1997,26,9,21,12,21,23,18,10,37,5
450238,1,1,1997,12,15,14,18,14,6,22,4,15,10
450239,1,1,1997,0,0,0,0,0,0,0,0,0,17
450240,1,1,1997,12,12,12,12,12,12,12,12,12,12
450241,1,1,1997,0,0,0,0,0,0,0,0,0,0
450241,2,1,1997,0,0,0,0,0,0,0,0,0,0
450241,3,1,1997,0,0,0,0,0,0,0,0,9,0
450242,0,1,1997,0,0,0,0,0,0,0,0,0,0
450242,1,1,1997,0,0,0,0,0,0,0,0,0,0
450243,1,1,1997,0,0,0,0,22,0,0,0,0,0
450243,2,1,1997,0,0,0,0,0,0,0,0,0,0
450244,1,1,1997,0,0,28,0,0,3,0,0,0,0
450244,2,1,1997,0,0,0,0,0,0,0,0,0,0
450245,1,1,1997,0,0,0,0,0,0,0,0,0,0
450246,1,1,1997,16,16,16,16,16,16,16,16,16,16
450246,2,1,1997,0,0,0,0,0,24,0,16,0,0
450247,1,1,1997,0,0,0,0,0,0,0,0,0,0
450248,1,1,1997,0,0,0,0,0,0,0,0,0,0
450248,2,1,1997,0,0,0,0,0,0,0,0,0,0
450248,3,1,1997,0,0,0,0,0,0,0,0,0,0
450249,1,1,1997,13,16,14,13,10,17,7,9,14,24
450250,1,1,1997,0,0,0,0,17,0,0,0,0,0
450250,2,1,1997,0,0,0,0,9,0,0,0,0,0
450251,1,1,1997,0,0,0,14,0,0,0,0,0,0
450252,1,1,1997,0,0,0,0,0,0,0,0,0,0
450253,0,1,1997,30,30,30,30,30,30,30,30,30,30
450253,1,1,1997,0,0,15,0,0,0,0,0,0,0
450254,1,1,1997,0,0,0,0,0,0,0,0,0,0
450254,2,1,1997,0,0,0,0,0,0,0,0,0,0
450255,1,1,1997,0,0,0,0,0,0,0,0,0,0
450256,1,1,1997,0,0,0,0,0,0,0,0,0,0
450256,2,1,1997,0,0,0,0,0,0,0,0,0,0
450256,3,1,1997,0,0,0,0,0,0,0,0,0,13
450256,4,1,1997,0,0,0,0,0,0,0,0,0,0
450257,1,1,1997,10,20,38,0,13,0,11,0,0,0
450258,1,1,1997,0,0,0,0,0,0,0,0,0,0
450258,2,1,1997,0,0,9,0,0,0,0,0,0,0
450258,3,1,1997,0,0,0,0,0,0,0,0,0,0
450259,1,1,1997,0,0,0,0,0,0,0,0,0,0
450259,2,1,1997,17,0,0,0,0,0,0,15,0,0
450260,1,1,1997,0,16,19,14,0,0,0,26,0,8
450260,2,1,1997,0,0,0,0,0,0,0,0,20,0
450260,3,1,1997,12,12,12,12,12,12,12,12,12,12
450261,1,1,1997,0,0,0,0,0,0,0,0,0,0
450261,2,1,1997,22,22,22,22,22,22,22,22,22,22
450262,1,1,1997,0,18,0,12,14,0,5,0,0,0
450263,1,1,1997,0,0,26,0,14,0,14,0,0,0
450264,0,1,1997,28,30,16,19,14,16,12,0,16,29
450264,1,1,1997,0,0,0,0,0,0,0,0,0,0
450265,1,1,1997,0,6,0,0,16,0,0,0,0,0
450266,1,1,1997,0,0,0,0,0,0,0,0,0,0
450266,2,1,1997,0,0,0,0,0,0,0,0,0,0
450267,1,1,1997,0,0,0,0,0,0,0,0,0,0
450268,1,1,1997,0,22,0,0,15,0,0,0,0,7
450269,1,1,1997,0,0,15,11,0,0,0,22,0,0
450270,1,1,1997,0,0,0,0,18,0,0,0,0,0
450270,2,1,1997,0,0,0,0,0,0,0,0,0,0
450271,1,1,1997,0,0,0,0,0,0,0,0,0,0
450271,2,1,1997,9,0,0,0,0,0,0,0,0,0
450272,1,1,1997,7,13,20,12,12,3,34,4,6,21
450273,1,1,1997,0,10,0,0,23,0,0,0,0,0
450274,0,1,1997,0,0,0,0,0,0,0,20,16,0
450274,1,1,1997,0,0,0,0,0,0,0,0,0,0
450275,1,1,1997,0,0,0,0,0,0,0,0,0,0
450275,2,2,1997,0,0,0,0,0,0,0,0,0,0
450275,3,1,1997,0,0,0,0,0,0,0,0,0,0
450276,1,1,1997,15,0,0,26,0,0,0,0,0,0
450277,1,1,1997,0,0,0,0,0,0,0,0,0,0
450277,2,1,1997,0,0,0,0,0,0,0,0,0,0
450277,3,1,1997,10,10,10,10,10,10,10,10,10,10
450278,1,1,1997,0,0,0,0,0,0,0,0,0,0
450278,2,1,1997,17,13,0,0,0,0,21,0,10,0
450279,1,1,1997,20,20,20,20,20,20,20,20,20,20
450280,1,1,1997,0,0,0,0,0,13,0,0,0,0
450281,1,1,1997,0,31,0,0,0,27,10,15,0,0
450282,1,1,1997,11,11,11,11,11,11,11,11,11,11
450283,1,1,1997,8,12,0,3,0,0,0,28,0,0
450283,2,1,1997,0,0,0,0,0,0,0,0,0,0
450284,1,1,1997,0,0,0,0,0,13,0,0,0,0
450284,2,1,1997,0,10,0,0,0,0,0,19,8,0
450285,1,1,1997,16,25,0,0,18,14,23,12,0,0
450286,1,1,1997,0,0,0,0,0,0,0,0,0,0
450287,1,1,1997,16,8,12,26,7,15,10,9,23,17
450289,1,1,1997,9,9,9,9,9,9,9,9,9,9
450289,2,1,1997,11,11,11,11,11,11,11,11,11,11
450290,1,1,1997,14,23,18,10,15,8,26,21,5,0
450290,2,1,1997,0,0,0,0,0,0,0,0,0,0
450291,1,1,1997,0,0,0,0,0,0,0,0,0,0
450291,2,1,1997,0,0,0,0,0,17,0,0,15,0
450292,1,1,1997,0,0,0,0,0,0,0,0,0,0
450292,2,1,1997,0,0,0,0,0,0,0,9,0,0
450293,1,1,1997,0,0,0,0,0,0,0,0,0,0
450293,2,1,1997,0,0,0,0,0,0,0,0,0,0
450294,0,1,1997,19,19,19,19,19,19,19,19,19,19
450294,1,1,1997,0,0,0,0,0,0,0,0,0,0
450295,1,1,1997,0,0,0,0,0,0,0,0,0,0
450295,2,1,1997,0,0,0,0,0,0,0,0,0,0
450296,1,1,1997,0,0,0,0,0,0,0,0,0,0
450296,2,1,1997,0,0,0,0,0,0,0,0,0,0
450297,1,1,1997,0,0,0,0,0,0,0,0,0,0
450297,2,1,1997,0,0,0,0,0,0,0,0,0,0
450298,1,1,1997,0,0,0,0,0,0,0,0,0,0
450298,2,1,1997,0,0,0,0,0,0,0,0,0,0
450298,3,1,1997,0,0,0,0,0,0,0,0,0,0
450298,4,1,1997,0,0,0,0,0,0,0,0,0,0
450299,1,1,1997,0,0,0,0,0,0,0,0,0,0
450299,2,1,1997,0,0,0,0,0,0,0,0,0,0
450300,1,1,1997,0,16,0,0,0,13,0,0,0,0
450301,1,1,1997,18,0,24,22,20,17,14,23,32,9
450301,2,1,1997,0,0,0,0,0,0,0,0,0,0
450302,1,1,1997,25,25,25,25,25,25,25,25,25,25
450303,1,1,1997,0,0,0,0,0,0,0,0,0,0
450304,1,1,1997,0,0,0,0,0,0,0,0,0,0
450304,2,1,1997,0,0,0,0,0,0,0,0,0,0
450305,1,1,1997,0,0,0,0,0,0,0,0,0,0
450305,2,1,1997,0,0,0,0,0,0,0,0,0,0
450305,3,1,1997,0,0,0,0,0,0,0,0,0,0
450306,1,1,1997,0,0,0,0,0,0,0,0,0,0
450306,2,1,1997,0,0,0,0,0,0,0,0,0,0
450307,1,1,1997,0,0,5,0,0,0,0,26,0,14
450308,1,1,1997,12,12,12,12,12,12,12,12,12,12
450308,2,1,1997,0,0,0,17,0,0,0,0,0,0
450309,1,1,1997,0,0,0,0,0,0,0,0,0,0
450309,2,1,1997,0,0,0,0,0,0,0,0,0,0
450310,1,1,1997,28,28,28,28,28,28,28,28,28,28
450310,2,1,1997,0,0,0,0,0,0,0,0,0,0
450311,1,1,1997,0,0,0,0,0,0,0,0,0,0
450311,2,1,1997,0,0,0,0,8,29,0,0,0,0
450312,1,1,1997,32,32,32,32,32,32,32,32,32,32
450312,2,1,1997,0,0,0,0,0,0,0,0,0,0
450313,1,1,1997,14,14,14,14,14,14,14,14,14,14
450314,0,1,1997,0,0,0,0,0,0,0,0,0,0
450314,1,1,1997,0,0,0,0,0,0,0,0,0,0
450315,0,1,1997,28,28,28,28,28,28,28,28,28,28
450315,1,1,1997,0,0,0,0,0,0,7,0,0,20
450316,1,1,1997,0,0,0,0,0,0,0,0,0,0
450316,2,1,1997,0,0,0,0,0,0,0,0,0,0
450317,1,1,1997,0,0,0,0,0,0,0,0,0,18
450317,2,1,1997,0,0,0,0,0,26,0,0,0,0
450318,1,1,1997,32,32,32,32,32,32,32,32,32,32
450319,1,1,1997,0,0,0,0,0,0,0,0,0,0
450320,0,1,1997,0,0,0,0,0,0,0,0,0,0
450320,1,1,1997,0,0,0,0,0,0,0,0,0,0
450321,1,1,1997,39,39,39,39,39,39,39,39,39,39
450322,1,1,1997,0,0,0,0,0,0,0,0,0,0
450323,0,1,1997,0,0,0,0,0,0,0,0,0,0
450323,1,1,1997,0,0,0,0,0,0,0,0,0,8
450324,0,1,1997,34,34,34,34,34,34,34,34,34,34
450324,1,1,1997,0,0,0,0,0,0,0,0,0,0
450325,1,1,1997,0,0,0,0,15,0,0,0,0,0
450325,2,1,1997,0,0,0,0,0,0,0,0,0,0
450326,1,1,1997,0,0,0,0,0,0,0,0,0,0
450326,2,1,1997,15,0,0,0,0,0,0,0,0,0
450326,3,1,1997,0,0,0,0,0,0,0,0,0,0
450326,4,1,1997,0,0,0,0,0,0,0,0,0,0
450327,1,1,1997,0,0,0,0,0,0,0,0,0,0
450328,1,1,1997,10,2,35,24,11,10,6,18,0,12
450329,1,1,1997,5,5,5,5,5,5,5,5,5,5
450329,2,1,1997,0,0,0,0,0,0,0,0,0,0
450330,1,1,1997,0,6,0,0,0,0,0,0,0,0
450331,0,1,1997,0,0,0,0,0,0,0,0,0,0
450331,0,2,1997,0,0,0,0,0,0,0,0,0,0
450331,1,1,1997,0,0,0,0,0,0,0,0,0,0
450332,1,1,1997,16,16,16,16,16,16,16,16,16,16
450333,1,1,1997,0,0,22,0,0,0,0,0,0,0
450334,1,1,1997,0,0,0,0,0,19,0,0,0,0
450335,1,1,1997,0,0,0,0,0,0,0,0,0,0
450335,2,1,1997,0,4,0,11,0,0,0,0,0,0
450336,0,1,1997,34,15,27,11,15,30,0,23,32,32
450336,1,1,1997,11,11,11,11,11,11,11,11,11,11
450337,1,1,1997,21,21,21,21,21,21,21,21,21,21
450338,1,1,1997,0,0,0,0,4,0,0,0,0,0
450338,2,1,1997,0,0,0,0,0,0,0,0,0,0
450339,0,1,1997,0,0,0,0,54,23,9,0,0,0
450339,1,1,1997,17,21,0,0,0,0,0,0,0,0
450340,1,1,1997,0,0,29,0,10,19,0,16,0,0
450340,2,1,1997,0,0,0,15,0,0,0,0,0,0
450341,1,1,1997,0,0,0,0,0,0,0,0,0,0
450341,2,1,1997,0,0,0,0,0,0,0,0,0,0
450342,1,1,1997,0,0,0,0,0,0,0,0,0,0
450342,2,1,1997,0,0,0,0,0,0,0,0,0,0
450343,1,1,1997,0,0,0,18,0,0,0,0,0,0
450344,1,1,1997,0,0,0,0,0,0,0,0,0,0
450345,1,1,1997,0,0,0,0,0,0,0,0,0,0
450345,2,1,1997,0,0,0,0,15,8,0,0,0,0
450345,3,1,1997,0,0,0,0,0,0,0,0,0,0
450346,1,1,1997,0,0,0,0,0,0,0,0,0,0
450346,2,1,1997,0,0,0,0,0,0,0,0,0,0
450346,3,1,1997,0,0,0,0,0,0,0,0,0,0
450347,1,1,1997,0,19,0,16,0,9,0,0,0,0
450348,1,1,1997,23,19,12,19,18,23,25,38,17,7
450349,1,1,1997,30,30,30,30,30,30,30,30,30,30
450350,0,1,1997,22,22,22,22,22,22,22,22,22,22
450350,1,1,1997,0,0,0,0,0,0,0,0,0,0
450351,1,1,1997,0,0,0,0,0,0,0,0,0,0
450351,2,1,1997,0,0,0,0,0,0,0,0,0,0
450351,3,1,1997,0,0,0,0,0,0,0,0,0,0
450351,4,1,1997,0,0,0,0,0,0,0,0,0,0
450352,1,1,1997,0,0,0,0,0,0,0,0,0,0
450352,2,1,1997,0,0,0,0,0,0,0,0,0,0
450353,1,1,1997,0,0,0,0,0,0,0,0,0,0
450353,2,1,1997,0,0,0,0,0,26,0,0,0,0
450354,1,1,1997,0,0,0,0,0,0,0,0,0,0
450355,0,1,1997,28,28,28,28,28,28,28,28,28,28
450355,1,1,1997,0,0,0,0,0,0,0,0,0,0
450356,1,1,1997,19,19,19,19,19,19,19,19,19,19
450357,1,1,1997,10,10,10,10,10,10,10,10,10,10
450357,2,1,1997,0,3,8,9,20,36,5,22,8,4
450358,1,1,1997,25,25,25,25,25,25,25,25,25,25
450359,1,1,1997,0,0,0,0,0,0,0,0,0,0
450360,1,1,1997,0,0,0,0,0,0,0,0,0,0
450361,1,1,1997,0,0,0,0,0,0,0,0,0,0
450361,2,1,1997,0,0,0,0,0,0,0,0,0,0
450362,1,1,1997,0,0,0,0,0,0,0,0,0,0
450362,2,1,1997,0,5,0,0,0,0,0,0,0,0
450363,1,1,1997,0,0,0,0,0,0,0,0,0,0
450363,2,1,1997,0,0,0,0,0,0,0,0,0,0
450364,0,1,1997,0,0,0,0,0,0,0,0,0,0
450364,1,1,1997,0,0,0,0,0,0,0,0,0,0
450365,1,1,1997,0,0,0,0,0,0,0,0,0,0
450366,1,1,1997,0,0,0,0,0,0,0,0,0,0
450367,1,1,1997,18,18,18,18,18,18,18,18,18,18
450367,2,1,1997,0,0,0,6,0,0,0,0,0,0
450368,1,1,1997,0,0,0,0,0,0,0,0,0,0
450369,0,1,1997,0,0,0,0,0,23,0,13,0,50
450369,1,1,1997,0,0,0,0,0,0,0,0,0,0
450370,1,1,1997,0,0,0,0,0,0,0,0,0,0
450371,1,1,1997,0,0,0,0,0,24,0,0,0,0
450372,0,1,1997,0,0,0,0,0,0,0,0,0,0
450372,1,1,1997,0,0,0,0,0,0,0,0,0,0
450373,0,1,1997,0,29,11,22,0,33,0,0,14,32
450373,1,1,1997,0,0,0,0,0,0,0,0,10,0
450374,1,1,1997,0,0,0,0,0,0,0,9,0,0
450374,2,1,1997,0,0,0,0,0,0,0,28,0,18
450375,1,1,1997,0,0,11,0,0,21,0,13,0,0
450376,1,1,1997,0,0,0,0,0,0,0,0,0,0
450376,2,1,1997,0,0,0,0,0,0,0,0,19,0
450376,3,1,1997,0,0,0,0,0,0,0,0,0,0
450376,4,1,1997,0,0,0,0,0,0,0,0,0,0
450377,0,1,1997,0,0,0,0,0,0,0,0,0,0
450377,1,1,1997,0,0,0,0,0,0,0,0,0,0
450378,1,1,1997,15,15,15,15,15,15,15,15,15,15
450379,1,1,1997,17,8,13,6,7,5,16,13,7,9
450380,1,1,1997,24,24,24,24,24,24,24,24,24,24
450381,0,1,1997,0,21,9,0,0,0,0,14,0,31
450381,1,1,1997,0,0,0,0,0,0,0,0,0,0
450382,1,1,1997,24,24,24,24,24,24,24,24,24,24
450383,1,2,1997,0,0,0,0,0,0,25,0,0,0
450383,2,1,1997,20,20,20,20,20,20,20,20,20,20
450384,1,1,1997,0,0,0,0,0,0,0,0,0,0
450384,2,1,1997,0,0,0,0,12,0,0,0,0,0
450385,1,1,1997,21,21,21,21,21,21,21,21,21,21
450386,1,1,1997,0,0,0,0,0,0,0,0,0,0
450386,2,1,1997,0,0,0,0,0,0,0,0,0,0
450387,1,1,1997,0,0,0,0,0,0,0,0,0,0
450387,2,1,1997,0,0,0,0,0,0,0,0,0,0
450388,1,1,1997,0,0,0,0,0,0,0,0,0,0
450389,0,1,1997,0,0,0,0,0,0,0,0,0,0
450389,1,1,1997,0,0,0,0,0,0,0,0,0,0
450390,1,1,1997,8,0,0,0,0,0,0,0,0,0
450390,2,1,1997,0,0,0,0,0,0,0,0,0,0
450391,1,1,1997,27,27,27,27,27,27,27,27,27,27
450392,1,1,1997,16,16,16,16,16,16,16,16,16,16
450393,1,1,1997,0,0,0,0,0,0,0,0,0,0
450393,2,1,1997,15,15,15,15,15,15,15,15,15,15
450393,3,1,1997,0,0,0,0,0,0,0,0,0,0
450394,0,1,1997,24,0,0,0,0,0,0,0,0,0
450394,1,1,1997,0,0,0,0,0,0,0,0,0,0
450395,0,1,1997,0,0,0,0,0,0,0,0,17,0
450395,1,1,1997,0,0,0,0,0,0,0,0,0,0
450396,1,1,1997,0,0,0,0,0,0,0,0,0,0
450396,2,1,1997,0,0,0,0,0,0,0,0,0,0
450397,1,1,1997,18,0,0,0,0,0,0,0,21,0
450398,1,1,1997,30,30,30,30,30,30,30,30,30,30
450399,1,1,1997,0,10,0,0,0,0,0,0,0,17
450400,1,1,1997,16,0,0,0,0,0,0,0,0,0
450400,2,1,1997,20,20,20,20,20,20,20,20,20,20
450401,1,1,1997,0,0,0,0,0,0,0,0,0,0
450402,1,1,1997,0,0,0,0,13,0,0,0,20,8
450403,1,1,1997,0,0,0,0,0,0,0,0,0,0
450404,1,1,1997,0,0,0,0,0,0,0,0,0,0
450404,2,1,1997,0,0,0,0,0,0,0,0,0,0
450405,1,1,1997,0,0,0,0,0,0,0,0,0,0
450405,2,1,1997,0,0,0,0,0,0,0,0,0,0
450406,1,1,1997,0,0,0,0,0,0,0,0,0,0
450406,2,1,1997,0,0,0,0,0,0,0,0,0,0
450407,1,1,1997,0,0,0,0,0,0,0,10,0,0
450407,2,1,1997,0,0,0,0,0,0,0,0,0,0
450407,3,1,1997,0,0,0,0,0,0,0,25,0,0
450408,1,1,1997,17,17,17,17,17,17,17,17,17,17
450409,1,1,1997,15,15,15,15,15,15,15,15,15,15
450410,1,1,1997,0,0,0,0,0,20,0,0,0,0
450411,1,1,1997,20,20,20,20,20,20,20,20,20,20
450412,1,1,1997,0,0,0,0,0,0,0,0,0,0
450413,1,1,1997,0,0,0,0,13,17,0,0,0,6
450414,1,1,1997,0,0,0,0,0,0,0,0,0,12
450414,2,1,1997,0,0,0,0,0,0,0,0,0,0
450415,1,1,1997,26,26,26,26,26,26,26,26,26,26
450416,1,1,1997,13,13,13,13,13,13,13,13,13,13
450416,2,1,1997,17,17,17,17,17,17,17,17,17,17
450417,0,1,1997,18,18,18,18,18,18,18,18,18,18
450417,1,1,1997,0,0,0,0,0,0,0,0,0,7
450418,1,1,1997,0,0,0,0,0,0,0,0,0,0
450418,2,1,1997,0,0,0,0,0,0,0,0,0,0
450419,1,1,1997,0,0,0,0,0,13,0,0,0,0
450419,2,1,1997,0,0,0,0,0,0,0,0,0,0
450420,1,1,1997,0,0,0,0,0,0,0,0,0,0
450420,2,1,1997,0,0,0,0,0,0,0,0,0,0
450421,1,1,1997,44,0,0,30,15,0,0,0,0,33
450421,2,1,1997,15,0,0,0,0,0,0,0,4,0
450422,1,1,1997,0,0,0,0,0,0,0,0,0,0
450422,2,1,1997,0,0,0,0,0,0,0,0,0,0
450423,1,1,1997,0,0,0,0,0,0,0,0,0,0
450423,2,1,1997,0,0,0,0,0,0,0,0,0,0
450424,1,1,1997,0,0,0,0,0,0,0,0,0,0
450424,2,1,1997,0,0,0,0,0,0,0,0,0,0
450425,0,1,1997,0,0,0,0,0,0,0,0,0,0
450425,1,1,1997,0,0,0,0,0,0,0,0,0,15
450426,1,1,1997,0,0,0,0,0,0,0,0,0,0
450426,2,1,1997,0,0,0,0,0,0,0,0,0,0
450427,1,1,1997,11,11,11,11,11,11,11,11,11,11
450428,1,1,1997,14,14,14,14,14,14,14,14,14,14
450428,2,1,1997,0,0,0,0,0,0,0,0,0,0
450429,1,1,1997,0,0,0,0,0,0,0,0,0,0
450430,1,1,1997,0,0,0,0,0,0,0,0,0,0
450431,1,1,1997,0,0,0,0,0,0,0,0,0,0
450432,1,1,1997,14,16,32,0,0,0,0,6,0,0
450433,1,1,1997,5,5,5,5,5,5,5,5,5,5
450434,0,1,1997,0,0,0,0,0,0,0,0,0,0
450434,1,1,1997,0,0,0,0,0,0,0,0,0,0
450435,1,1,1997,0,0,0,0,0,0,0,0,0,0
450435,2,1,1997,0,0,0,0,0,0,0,0,0,0
450436,1,1,1997,0,0,0,31,0,0,14,0,0,0