ST_CASE,VEH_NO,PER_NO,YEAR,P1,P2,P3,P4,P5,P6,P7,P8,P9,P10
470079,2,1,1997,10,10,10,10,10,10,10,10,10,10
470080,1,1,1997,25,25,25,25,25,25,25,25,25,25
470081,1,1,1997,0,0,0,0,0,0,0,0,0,0
470081,2,1,1997,0,0,0,0,0,0,0,0,0,0
470082,1,1,1997,0,0,0,0,0,0,0,0,0,0
470082,2,1,1997,0,0,0,0,14,0,14,0,0,0
470083,1,1,1997,0,0,0,0,0,0,0,0,0,0
470083,2,1,1997,0,0,0,0,0,0,0,0,0,0
470084,1,1,1997,4,4,4,4,4,4,4,4,4,4
470085,0,1,1997,0,0,0,0,0,0,0,0,0,0
470085,1,1,1997,0,0,0,0,0,0,0,0,0,0
470086,1,1,1997,0,8,0,0,10,0,0,22,18,0
470087,1,1,1997,0,0,0,0,0,0,0,0,0,0
470088,1,1,1997,0,0,0,8,5,0,0,0,0,0
470089,1,1,1997,11,11,11,11,11,11,11,11,11,11
470089,2,1,1997,0,0,0,0,0,0,0,0,0,0
470090,1,1,1997,16,16,16,16,16,16,16,16,16,16
470091,1,1,1997,6,6,6,6,6,6,6,6,6,6
470091,2,1,1997,0,0,0,0,0,0,0,0,0,0
470092,1,1,1997,2,2,2,2,2,2,2,2,2,2
470092,2,1,1997,0,0,0,0,0,0,0,0,0,0
470093,1,1,1997,0,0,0,0,0,0,0,0,0,0
470093,2,1,1997,0,0,0,0,0,0,0,0,0,0
470094,1,1,1997,24,24,24,24,24,24,24,24,24,24
470094,2,1,1997,0,0,0,0,0,0,0,0,0,0
470095,1,1,1997,0,0,0,0,13,0,0,0,0,0
470095,2,1,1997,0,0,0,0,0,0,0,0,0,0
470096,1,1,1997,0,0,0,0,0,0,0,0,0,0
470097,1,1,1997,20,20,20,20,20,20,20,20,20,20
470098,1,1,1997,0,0,0,0,0,0,0,0,0,0
470099,1,1,1997,35,35,35,35,35,35,35,35,35,35
470099,2,1,1997,0,0,0,0,0,0,0,0,0,0
470100,1,1,1997,0,0,0,0,0,0,0,0,0,0
470101,0,1,1997,0,0,0,0,0,0,0,0,0,0
470101,1,1,1997,0,0,0,0,0,0,0,0,0,0
470102,1,1,1997,0,0,0,0,0,0,0,0,0,0
470102,2,1,1997,0,0,0,0,0,0,0,0,0,0
470103,1,1,1997,0,0,0,0,0,0,0,0,0,0
470104,1,1,1997,0,0,0,0,0,0,0,0,0,0
470105,1,1,1997,0,0,0,0,0,0,0,0,0,2
470105,2,1,1997,18,18,18,18,18,18,18,18,18,18
470106,0,1,1997,0,0,0,0,0,0,0,0,0,0
470106,1,1,1997,0,0,0,0,0,0,0,0,0,0
470107,1,1,1997,14,14,14,14,14,14,14,14,14,14
470107,2,1,1997,0,0,0,0,0,0,0,0,0,0
470108,1,1,1997,9,9,9,9,9,9,9,9,9,9
470109,1,1,1997,14,14,14,14,14,14,14,14,14,14
470110,1,1,1997,0,0,0,0,0,0,0,0,0,0
470110,2,1,1997,0,0,0,0,0,0,0,0,0,0
470111,1,1,1997,0,0,0,0,0,0,0,0,0,0
470112,1,1,1997,19,19,19,19,19,19,19,19,19,19
470112,2,1,1997,0,0,0,0,0,0,0,4,0,0
470112,3,1,1997,0,0,0,0,0,0,0,0,0,0
470113,0,1,1997,43,43,43,43,43,43,43,43,43,43
470113,1,1,1997,0,17,0,0,0,0,0,0,29,0
470114,1,1,1997,0,0,0,0,0,0,0,0,0,0
470114,2,1,1997,0,0,0,0,0,5,0,0,0,0
470115,1,1,1997,2,2,2,2,2,2,2,2,2,2
470115,2,1,1997,0,0,0,0,39,0,0,0,0,0
470116,1,1,1997,0,0,0,0,0,0,0,0,0,0
470116,2,1,1997,0,0,0,0,0,0,0,0,0,0
470116,3,1,1997,0,0,0,0,0,0,0,0,0,0
470117,1,1,1997,0,0,0,0,0,0,0,0,17,0
470118,1,1,1997,0,0,0,0,0,0,0,0,0,0
470118,2,1,1997,0,0,0,0,0,0,0,0,0,0
470119,1,1,1997,14,14,14,14,14,14,14,14,14,14
470120,1,1,1997,0,0,0,0,0,0,0,0,0,0
470120,2,1,1997,8,8,8,8,8,8,8,8,8,8
470121,1,1,1997,0,0,0,13,0,21,0,9,19,8
470122,0,1,1997,0,0,0,0,0,0,0,0,0,0
470122,1,1,1997,0,0,0,8,0,0,0,0,0,0
470123,1,1,1997,0,0,0,0,0,0,0,0,0,0
470123,2,1,1997,0,0,0,0,0,0,0,0,0,0
470123,3,1,1997,0,0,0,0,0,0,0,0,0,0
470124,1,1,1997,0,0,0,0,0,0,0,17,0,0
470125,1,1,1997,12,12,12,12,12,12,12,12,12,12
470126,1,1,1997,0,0,0,0,0,0,0,0,0,0
470126,2,1,1997,0,0,0,0,0,0,0,0,0,0
470127,0,1,1997,0,0,0,0,0,0,0,0,0,0
470127,1,1,1997,0,0,0,0,0,0,0,0,0,0
470128,1,1,1997,0,0,0,0,0,0,0,0,0,0
470128,2,1,1997,0,0,0,0,0,0,0,0,0,0
470128,3,1,1997,0,0,0,0,0,0,0,0,0,0
470128,4,1,1997,0,0,0,0,0,0,0,0,0,0
470129,1,1,1997,0,0,0,0,0,0,0,0,0,0
470130,1,1,1997,0,0,0,0,0,0,0,0,0,0
470130,2,1,1997,0,0,0,0,0,0,0,0,0,0
470131,1,1,1997,0,11,0,31,0,0,0,0,0,29
470132,1,1,1997,34,34,34,34,34,34,34,34,34,34
470134,1,1,1997,0,6,24,9,0,10,0,32,0,14
470135,1,1,1997,0,0,0,0,0,0,0,0,0,0
470135,2,1,1997,0,0,0,0,0,0,0,0,0,0
470135,3,1,1997,0,0,0,0,0,0,0,0,0,0
470136,0,1,1997,7,7,7,7,7,7,7,7,7,7
470136,1,1,1997,0,0,0,0,0,0,0,0,0,0
470137,1,1,1997,0,0,0,0,0,0,0,0,0,0
470138,1,1,1997,0,0,0,0,0,0,0,0,0,0
470138,2,1,1997,0,0,0,0,0,0,0,0,0,0
470139,1,1,1997,18,18,18,18,18,18,18,18,18,18
470140,1,1,1997,14,14,14,14,14,14,14,14,14,14
470141,1,1,1997,0,0,0,0,0,0,0,0,0,0
470141,2,1,1997,0,0,0,0,0,0,0,0,0,0
470142,1,1,1997,5,5,5,5,5,5,5,5,5,5
470143,1,1,1997,0,0,0,0,0,0,0,0,0,0
470144,1,1,1997,0,0,0,0,0,0,0,0,0,0
470144,2,1,1997,0,0,0,0,0,0,0,0,0,0
470145,0,1,1997,0,0,0,0,0,0,0,0,0,0
470145,1,1,1997,0,0,0,0,0,0,0,0,0,0
470146,1,1,1997,0,0,0,0,0,0,0,0,0,0
470148,1,1,1997,0,0,0,0,0,23,18,0,5,0
470148,2,1,1997,0,0,0,0,0,0,0,0,0,0
470149,1,1,1997,0,0,0,0,0,0,0,0,0,0
470149,2,1,1997,0,0,0,0,0,0,0,0,0,0
470150,1,1,1997,0,0,0,0,0,0,0,0,0,0
470150,2,1,1997,0,0,0,0,0,0,0,0,0,0
470151,1,1,1997,0,0,0,0,0,0,0,0,0,0
470151,2,1,1997,0,0,0,0,0,0,0,0,0,0
470152,1,1,1997,0,0,0,0,0,0,0,0,0,0
470153,1,1,1997,0,0,0,0,0,0,0,0,0,0
470153,2,1,1997,0,0,0,0,0,0,0,0,0,0
470153,3,1,1997,0,0,0,0,0,0,0,0,0,0
470154,1,1,1997,0,0,0,0,12,0,0,0,0,0
470154,2,1,1997,0,0,0,0,0,0,0,0,0,0
470155,1,1,1997,11,11,11,11,11,11,11,11,11,11
470156,1,1,1997,26,26,26,26,26,26,26,26,26,26
470157,1,1,1997,0,0,0,8,0,0,0,0,0,0
470157,2,1,1997,0,0,0,0,0,0,0,0,0,0
470158,1,1,1997,0,0,0,0,0,0,0,0,0,0
470158,2,1,1997,0,0,0,0,0,0,0,0,0,0
470158,3,1,1997,0,0,0,0,0,0,0,0,0,0
470159,1,1,1997,0,0,0,0,0,0,0,0,0,0
470159,2,1,1997,0,0,0,0,0,0,0,0,0,0
470160,1,1,1997,19,21,6,0,12,0,22,24,0,14
470160,2,1,1997,0,0,0,0,4,0,0,0,0,0
470160,3,1,1997,0,0,0,0,0,0,0,0,0,0
470160,4,1,1997,0,0,11,0,0,0,0,0,0,0
470161,1,1,1997,0,0,0,0,0,0,0,0,0,0
470161,2,1,1997,0,0,0,0,0,0,0,0,0,0
470162,1,1,1997,0,0,0,0,0,0,0,0,15,0
470163,1,1,1997,0,0,0,0,0,0,0,0,0,0
470163,2,1,1997,0,0,0,0,0,15,0,0,0,0
470163,3,1,1997,0,0,0,0,0,0,0,0,0,0
470164,1,1,1997,0,0,0,17,0,0,0,0,0,0
470165,1,1,1997,15,15,15,15,15,15,15,15,15,15
470166,1,1,1997,0,0,0,0,0,0,0,0,0,0
470166,2,1,1997,0,0,0,0,0,0,0,0,0,0
470167,1,1,1997,0,0,0,0,0,0,0,0,0,0
470167,2,1,1997,0,0,0,0,0,0,0,0,0,0
470168,1,1,1997,0,0,0,0,0,0,0,0,0,0
470169,1,1,1997,24,24,24,24,24,24,24,24,24,24
470170,1,1,1997,0,0,0,0,0,0,0,0,0,0
470170,2,1,1997,0,0,0,0,0,0,0,0,0,0
470171,1,1,1997,0,0,0,0,0,0,0,0,0,0
470171,2,1,1997,0,0,0,0,0,0,0,0,0,0
470172,1,1,1997,11,11,11,11,11,11,11,11,11,11
470173,1,1,1997,0,0,0,0,0,0,0,5,0,0
470173,2,1,1997,0,0,0,0,0,0,0,0,0,0
470173,3,1,1997,0,0,0,0,0,0,0,0,0,0
470173,4,1,1997,0,0,0,0,0,0,0,0,0,0
470174,1,1,1997,0,0,0,0,0,0,0,0,0,0
470174,2,1,1997,0,0,0,0,0,0,11,0,0,0
470175,1,1,1997,0,0,0,0,0,0,0,0,0,0
470175,2,1,1997,0,0,0,0,0,0,0,0,0,0
470176,1,1,1997,23,23,23,23,23,23,23,23,23,23
470177,1,1,1997,0,0,0,0,0,0,0,0,0,0
470178,1,1,1997,0,0,0,0,0,0,0,0,0,0
470179,1,1,1997,0,0,0,0,0,0,0,0,0,0
470180,1,1,1997,0,0,0,0,0,0,0,0,0,0
470181,1,1,1997,0,0,0,0,0,0,0,0,0,0
470182,0,1,1997,0,0,0,0,0,0,0,0,0,0
470182,1,1,1997,0,0,0,0,0,0,0,0,0,0
470183,1,1,1997,17,17,17,17,17,17,17,17,17,17
470184,1,1,1997,0,0,0,0,0,0,0,0,0,0
470184,2,1,1997,0,0,0,0,0,0,0,0,0,0
470184,3,1,1997,7,7,7,7,7,7,7,7,7,7
470185,1,1,1997,0,0,0,0,0,0,0,0,0,0
470185,2,1,1997,0,0,0,0,22,0,0,0,0,0
470185,3,1,1997,0,0,0,0,0,0,0,0,0,0
470186,1,1,1997,0,0,0,0,0,0,0,0,0,0
470186,2,1,1997,0,0,0,0,0,0,0,0,0,0
470187,1,1,1997,0,0,0,0,0,0,0,0,0,0
470188,1,1,1997,0,0,0,0,0,0,0,0,0,0
470189,1,1,1997,1,1,1,1,1,1,1,1,1,1
470190,1,1,1997,16,16,16,16,16,16,16,16,16,16
470191,1,1,1997,0,0,0,0,0,0,0,0,0,0
470191,2,1,1997,0,0,0,0,0,0,0,0,0,0
470192,1,1,1997,21,21,21,21,21,21,21,21,21,21
470193,1,1,1997,0,0,0,0,0,0,0,0,0,0
470194,1,1,1997,0,0,0,0,0,0,0,0,0,0
470194,2,1,1997,0,0,0,0,0,0,0,0,0,0
470195,1,1,1997,0,0,0,0,0,0,0,0,0,0
470196,0,1,1997,0,0,0,0,0,0,0,0,0,0
470196,1,1,1997,0,0,0,0,0,0,0,0,0,0
470197,1,1,1997,0,0,0,0,0,0,0,0,0,0
470198,1,1,1997,24,0,0,21,0,14,20,0,0,22
470199,1,1,1997,9,0,15,0,10,0,0,0,0,0
470200,1,1,1997,0,0,0,0,0,0,0,0,0,0
470200,2,1,1997,0,0,0,0,0,0,0,0,0,0
470201,1,1,1997,0,0,0,0,0,0,0,0,0,0
470201,2,1,1997,0,0,0,0,0,0,0,0,0,0
470202,1,1,1997,0,0,0,0,0,0,0,0,0,0
470203,1,1,1997,24,24,24,24,24,24,24,24,24,24
470204,1,1,1997,0,0,0,0,17,23,0,0,0,18
470205,0,1,1997,0,0,0,16,0,0,9,0,0,0
470205,0,2,1997,0,0,0,0,0,0,0,0,0,0
470205,0,3,1997,0,0,0,0,0,0,0,0,0,0
470205,1,1,1997,0,0,0,0,0,0,0,0,0,0
470205,2,1,1997,0,0,0,0,0,0,0,0,0,0
470205,3,1,1997,0,0,0,0,0,0,0,0,0,0
470206,1,1,1997,7,11,20,7,25,21,19,3,23,0
470206,2,1,1997,0,0,0,0,0,0,0,0,0,0
470207,1,1,1997,0,0,0,0,0,0,0,0,0,0
470207,2,1,1997,0,0,0,0,0,0,0,0,0,0
470208,1,1,1997,0,0,0,0,0,0,0,0,0,0
470208,2,1,1997,0,17,0,8,15,7,0,0,15,0
470209,1,1,1997,4,24,23,27,44,15,15,19,0,17
470210,1,1,1997,0,0,0,0,0,0,0,0,0,0
470210,2,1,1997,0,0,0,0,0,0,0,0,0,0
470210,3,1,1997,0,0,0,0,0,0,0,0,0,0
470211,1,1,1997,0,0,0,0,0,0,0,0,0,0
470212,1,1,1997,0,0,0,0,0,0,0,0,0,0
470212,2,1,1997,0,16,0,22,0,0,0,0,16,0
470213,1,1,1997,14,14,14,14,14,14,14,14,14,14
470214,1,1,1997,34,21,17,18,20,20,28,16,22,19
470215,1,1,1997,20,20,20,20,20,20,20,20,20,20
470216,1,1,1997,6,6,6,6,6,6,6,6,6,6
470217,1,1,1997,17,17,17,17,17,17,17,17,17,17
470218,1,1,1997,14,14,14,14,14,14,14,14,14,14
470219,1,1,1997,0,0,0,0,0,0,0,0,10,0
470219,2,1,1997,0,0,0,0,0,0,0,0,22,0
470220,0,1,1997,0,0,19,0,0,0,0,0,0,14
470220,1,1,1997,0,0,0,0,0,0,0,0,0,0
470221,1,1,1997,0,0,0,0,11,0,0,0,0,0
470221,2,1,1997,0,0,0,0,0,0,0,0,0,0
470223,1,1,1997,0,0,0,0,20,0,0,0,0,0
470223,2,1,1997,0,0,0,0,0,0,0,0,0,0
470224,1,1,1997,0,0,0,0,0,0,0,0,0,0
470224,2,1,1997,29,29,29,29,29,29,29,29,29,29
470225,1,1,1997,0,0,0,0,0,0,0,0,0,0
470226,1,1,1997,18,18,18,18,18,18,18,18,18,18
470226,2,1,1997,0,0,0,0,0,0,0,0,8,0
470227,1,1,1997,1,1,1,1,1,1,1,1,1,1
470228,1,1,1997,0,0,0,0,0,0,0,0,0,0
470229,1,1,1997,26,26,26,26,26,26,26,26,26,26
470229,2,1,1997,0,0,0,0,0,0,0,0,0,0
470229,3,1,1997,0,0,0,0,0,0,0,0,0,0
470230,1,1,1997,18,0,0,0,0,33,0,0,0,8
470231,1,1,1997,0,0,0,0,0,0,0,0,0,0
470231,2,1,1997,0,0,0,0,0,0,0,0,0,0
470232,1,1,1997,0,0,0,0,0,0,0,0,0,0
470232,2,1,1997,0,0,0,0,0,0,0,0,0,0
470233,1,1,1997,0,0,0,0,0,0,5,0,0,0
470233,2,1,1997,0,0,0,0,0,0,0,0,0,0
470234,1,1,1997,17,17,17,17,17,17,17,17,17,17
470235,1,1,1997,25,25,25,25,25,25,25,25,25,25
470235,2,1,1997,0,0,0,0,0,0,0,0,0,0
470236,1,1,1997,0,0,0,0,0,0,0,0,0,0
470236,2,1,1997,0,0,0,0,0,0,0,0,0,0
470237,1,1,1997,33,33,33,33,33,33,33,33,33,33
470238,1,1,1997,20,20,20,20,20,20,20,20,20,20
470238,2,1,1997,0,0,0,0,0,0,0,0,0,0
470239,1,1,1997,0,0,0,0,0,0,0,0,0,0
470239,2,1,1997,0,0,0,0,0,0,0,0,0,0
470240,1,1,1997,0,0,0,0,0,0,0,0,0,0
470240,2,1,1997,0,0,0,0,0,0,0,0,0,0
470241,1,1,1997,0,0,0,0,0,0,0,0,0,0
470241,2,1,1997,0,0,0,0,0,0,0,0,0,0
470241,3,1,1997,0,0,0,0,0,0,0,0,0,0
470242,1,1,1997,24,24,24,24,24,24,24,24,24,24
470243,1,1,1997,0,0,0,0,0,0,0,0,0,0
470243,2,1,1997,0,0,0,0,0,0,0,0,0,0
470244,0,1,1997,0,0,0,0,0,0,0,0,0,0
470244,1,1,1997,0,0,0,0,0,0,0,0,0,0
470245,1,1,1997,0,0,0,0,0,0,0,0,0,0
470245,2,1,1997,0,0,0,0,0,0,0,0,15,0
470246,1,1,1997,0,0,0,0,0,0,0,0,0,0
470247,1,1,1997,0,0,0,0,0,0,0,0,0,0
470247,2,1,1997,0,0,0,0,0,0,0,0,0,0
470248,1,1,1997,0,0,0,0,0,0,0,0,0,0
470249,1,1,1997,13,13,9,30,39,17,14,13,15,40
470249,2,1,1997,0,0,0,0,0,0,0,0,0,0
470250,1,1,1997,20,20,20,20,20,20,20,20,20,20
470251,1,1,1997,0,0,0,0,0,0,0,0,0,0
470251,2,1,1997,0,0,0,0,0,0,0,0,0,0
470252,1,1,1997,24,24,24,24,24,24,24,24,24,24
470252,2,1,1997,0,0,0,0,0,0,0,0,0,0
470252,3,1,1997,0,0,0,0,0,0,0,0,0,0
470253,1,1,1997,0,0,0,0,0,0,0,0,0,0
470253,2,1,1997,0,0,0,0,0,0,0,0,0,0
470254,1,1,1997,31,31,31,31,31,31,31,31,31,31
470255,1,1,1997,0,0,0,0,0,0,0,0,0,0
470255,2,1,1997,0,0,0,0,0,0,0,0,0,0
470256,1,1,1997,19,19,19,19,19,19,19,19,19,19
470257,1,1,1997,0,0,0,0,0,0,0,0,0,0
470258,1,1,1997,0,0,0,0,0,0,0,0,0,0
470259,1,1,1997,0,0,0,0,0,0,0,0,0,0
470260,1,1,1997,0,0,0,0,0,0,0,0,0,0
470260,2,1,1997,12,12,12,12,12,12,12,12,12,12
470261,1,1,1997,22,22,22,22,22,22,22,22,22,22
470261,2,1,1997,8,8,8,8,8,8,8,8,8,8
470262,1,1,1997,0,0,0,0,0,0,0,0,0,0
470262,2,1,1997,0,0,0,0,0,0,0,0,0,0
470263,1,1,1997,0,0,0,0,0,0,0,0,0,0
470263,2,1,1997,0,0,0,0,0,0,0,0,0,0
470264,1,1,1997,14,14,14,14,14,14,14,14,14,14
470265,1,1,1997,0,0,0,0,0,0,0,0,0,0
470265,2,1,1997,0,0,0,0,0,0,0,0,0,0
470266,1,1,1997,13,9,5,24,26,12,0,5,18,11
470266,2,1,1997,0,0,0,0,0,0,0,0,0,0
470266,3,1,1997,0,0,0,0,0,0,0,0,0,0
470267,0,1,1997,0,0,0,0,0,0,0,0,0,0
470267,1,1,1997,0,5,0,0,0,0,0,0,0,0
470268,1,1,1997,8,0,27,27,23,19,27,14,12,29
470269,1,1,1997,0,0,0,0,0,0,0,0,0,0
470269,2,1,1997,29,29,29,29,29,29,29,29,29,29
470270,1,1,1997,31,31,31,31,31,31,31,31,31,31
470271,1,1,1997,0,0,0,0,0,0,0,0,0,0
470272,1,1,1997,0,0,0,0,0,0,0,0,0,0
470272,2,1,1997,0,0,0,0,0,0,0,0,0,0
470272,3,1,1997,0,0,0,0,0,0,0,0,0,0
470273,1,1,1997,34,34,34,34,34,34,34,34,34,34
470274,1,1,1997,0,0,0,0,0,0,0,0,0,0
470275,1,1,1997,8,8,8,8,8,8,8,8,8,8
470276,1,1,1997,0,0,0,0,0,0,0,0,0,0
470276,2,1,1997,24,24,24,24,24,24,24,24,24,24
470277,1,1,1997,0,0,0,0,0,0,0,0,0,0
470277,2,1,1997,0,0,0,0,0,0,0,0,0,0
470278,1,1,1997,0,0,0,0,0,0,0,0,0,0
470278,2,1,1997,0,0,0,0,0,0,0,0,0,0
470279,1,1,1997,26,26,26,26,26,26,26,26,26,26
470280,1,1,1997,1,1,1,1,1,1,1,1,1,1
470280,2,1,1997,0,0,0,0,0,0,0,0,0,0
470281,0,1,1997,0,14,0,19,21,13,6,36,0,21
470281,0,2,1997,0,16,19,24,4,0,14,21,25,53
470281,1,1,1997,0,0,0,0,0,0,0,0,0,0
470282,1,1,1997,0,0,0,0,0,0,0,0,0,0
470282,2,1,1997,0,19,0,0,0,34,0,0,0,0
470283,1,1,1997,0,0,0,0,0,0,0,0,0,0
470284,1,1,1997,0,0,0,0,0,0,0,0,0,0
470285,1,1,1997,0,0,0,0,0,0,0,0,0,0
470285,2,1,1997,0,0,0,0,0,0,0,0,0,0
470286,1,1,1997,0,0,0,0,0,0,0,0,0,0
470286,2,1,1997,0,0,0,0,0,0,0,0,0,0
470287,1,1,1997,18,18,18,18,18,18,18,18,18,18
470288,0,1,1997,0,0,0,0,0,0,0,0,0,0
470288,1,1,1997,0,0,0,0,0,0,0,0,0,0
470289,1,1,1997,0,0,0,0,0,0,0,0,0,0
470290,1,1,1997,0,0,0,0,0,0,0,0,0,0
470291,1,1,1997,18,18,18,18,18,18,18,18,18,18
470292,1,1,1997,17,17,17,17,17,17,17,17,17,17
470293,1,1,1997,1,1,1,1,1,1,1,1,1,1
470294,1,1,1997,12,12,12,12,12,12,12,12,12,12
470294,2,1,1997,0,0,0,0,0,0,0,0,0,0
470295,1,1,1997,0,0,0,0,0,0,0,0,0,0
470295,2,1,1997,0,0,0,0,0,0,0,0,0,0
470296,1,1,1997,0,0,0,0,0,0,0,0,0,0
470297,1,1,1997,0,0,0,0,0,0,0,0,0,0
470298,1,1,1997,8,8,8,8,8,8,8,8,8,8
470299,1,1,1997,0,0,0,0,0,0,0,0,0,0
470299,2,1,1997,0,0,0,0,0,0,0,0,0,0
470300,1,1,1997,0,0,0,0,0,0,0,0,0,0
470300,2,1,1997,0,0,0,0,0,0,0,0,0,0
470301,1,1,1997,0,0,0,0,19,0,0,0,0,0
470302,1,1,1997,24,24,24,24,24,24,24,24,24,24
470303,1,1,1997,0,0,0,0,0,0,0,0,0,0
470304,1,1,1997,20,0,0,8,0,0,12,0,0,0
470305,1,1,1997,14,14,14,14,14,14,14,14,14,14
470306,1,1,1997,20,20,20,20,20,20,20,20,20,20
470307,1,1,1997,3,3,3,3,3,3,3,3,3,3
470308,1,1,1997,0,0,0,0,0,0,0,0,0,0
470309,1,1,1997,0,0,0,0,0,0,0,0,0,0
470309,2,1,1997,14,14,14,14,14,14,14,14,14,14
470310,1,1,1997,15,15,15,15,15,15,15,15,15,15
470310,2,1,1997,0,0,0,0,0,0,6,0,0,0
470311,1,1,1997,20,20,20,20,20,20,20,20,20,20
470312,1,1,1997,8,7,20,8,9,0,6,17,0,5
470313,1,1,1997,0,0,0,0,0,0,0,0,0,0
470313,2,1,1997,0,0,0,0,0,0,0,0,0,0
470314,1,1,1997,19,19,19,19,19,19,19,19,19,19
470315,1,1,1997,20,20,20,20,20,20,20,20,20,20
470316,1,1,1997,0,0,0,0,0,0,0,0,0,0
470317,1,1,1997,0,0,0,0,0,0,0,0,0,0
470317,2,1,1997,22,22,22,22,22,22,22,22,22,22
470318,1,1,1997,0,0,0,0,0,0,0,0,0,0
470318,2,1,1997,0,0,0,0,0,0,0,0,0,0
470319,1,1,1997,20,20,20,20,20,20,20,20,20,20
470320,1,1,1997,25,25,25,25,25,25,25,25,25,25
470321,1,1,1997,16,16,16,16,16,16,16,16,16,16
470322,1,1,1997,0,0,0,0,0,0,0,0,0,0
470323,0,1,1997,0,0,0,0,0,0,0,0,0,0
470323,1,1,1997,0,0,0,0,0,0,0,0,0,0
470324,0,1,1997,0,0,0,0,0,0,0,0,0,0
470324,1,1,1997,0,0,0,8,0,0,0,0,0,0
470325,0,1,1997,0,0,0,0,0,0,0,0,0,0
470325,1,1,1997,0,0,0,0,0,0,0,0,0,0
470326,1,1,1997,13,13,13,13,13,13,13,13,13,13
470327,1,1,1997,21,21,21,21,21,21,21,21,21,21
470327,2,1,1997,0,0,0,0,0,0,0,0,0,0
470328,1,1,1997,0,0,0,0,0,0,0,0,0,0
470328,2,1,1997,0,0,0,0,0,0,0,0,0,0
470329,1,1,1997,0,0,0,0,0,0,0,0,0,0
470330,1,1,1997,0,8,0,14,0,7,10,26,0,0
470330,2,1,1997,0,0,0,0,0,0,0,0,0,0
470331,1,1,1997,0,0,0,0,0,0,0,0,0,0
470331,2,1,1997,0,0,0,0,0,0,0,0,0,0
470332,1,1,1997,0,0,0,0,0,0,0,0,0,0
470332,2,1,1997,0,0,0,0,0,0,0,0,0,0
470332,3,1,1997,0,0,0,0,0,0,0,0,0,0
470333,1,1,1997,0,0,31,0,0,0,0,22,0,0
470334,1,1,1997,9,9,9,9,9,9,9,9,9,9
470335,0,1,1997,0,0,0,0,0,0,0,0,0,0
470335,0,2,1997,0,0,0,0,0,0,0,0,0,19
470335,1,1,1997,0,0,0,0,0,0,0,0,0,0
470336,0,1,1997,0,0,0,0,0,0,0,0,0,0
470336,1,1,1997,0,0,0,0,0,0,0,0,0,0
470336,2,1,1997,0,0,0,0,0,0,0,0,0,0
470337,0,1,1997,0,0,0,0,0,33,0,24,27,0
470338,1,1,1997,0,0,0,0,0,0,0,0,0,0
470338,2,1,1997,0,0,0,0,0,0,0,0,0,0
470338,3,1,1997,0,0,0,0,0,0,0,0,0,0
470339,1,1,1997,0,0,6,0,0,0,0,0,0,0
470339,2,1,1997,0,0,0,0,0,0,0,0,0,0
470340,1,1,1997,0,0,0,0,0,0,0,0,0,0
470340,2,1,1997,0,15,0,0,0,0,0,0,0,0
470340,3,1,1997,0,0,0,0,0,0,0,0,0,0
470341,0,1,1997,24,24,24,24,24,24,24,24,24,24
470341,1,1,1997,16,23,0,7,6,4,7,7,14,10
470342,1,1,1997,16,16,16,16,16,16,16,16,16,16
470342,2,1,1997,0,0,0,0,0,0,0,0,0,0
470343,1,1,1997,0,0,0,0,0,0,0,0,0,0
470343,2,1,1997,0,0,0,0,0,0,0,0,0,0
470344,0,1,1997,0,0,0,0,0,0,0,0,0,0
470344,1,1,1997,0,0,0,0,0,0,0,0,0,0
470345,1,1,1997,0,0,0,0,0,0,0,0,0,0
470346,1,1,1997,0,0,0,0,0,0,0,0,0,0
470346,2,1,1997,0,0,0,0,0,0,0,0,0,0
470347,1,1,1997,0,0,0,0,0,0,0,0,0,0
470348,1,1,1997,0,0,0,0,0,0,0,0,0,0
470349,1,1,1997,0,0,0,0,0,0,0,0,0,0
470350,1,1,1997,0,0,0,0,0,0,0,0,0,0
470351,1,1,1997,24,19,20,31,0,7,27,17,19,53
470352,1,1,1997,0,0,0,0,0,0,0,0,0,0
470353,1,1,1997,0,0,0,0,0,0,0,0,0,0
470353,2,1,1997,0,0,0,0,0,0,0,0,0,0
470354,1,1,1997,0,0,0,0,0,0,0,0,0,0
470355,1,1,1997,0,0,0,0,0,0,0,0,0,0
470355,2,1,1997,0,0,0,0,0,0,0,0,0,0
470356,1,1,1997,0,0,0,0,0,0,0,0,0,0
470356,2,1,1997,0,0,0,0,0,0,0,0,0,0
470357,1,1,1997,0,0,0,0,0,0,0,0,0,0
470357,2,1,1997,0,0,0,0,0,0,0,0,0,0
470357,3,1,1997,0,0,0,0,0,0,0,0,0,0
470358,1,1,1997,0,0,0,0,0,0,0,0,0,0
470358,2,1,1997,0,0,0,0,0,0,0,0,0,0
470359,1,1,1997,2,2,2,2,2,2,2,2,2,2
470360,1,1,1997,0,0,0,0,0,0,0,0,0,0
470361,1,1,1997,0,0,0,0,0,0,0,0,0,0
470362,1,1,1997,0,0,0,0,0,0,0,0,0,0
470363,1,1,1997,0,0,0,0,0,0,0,0,0,0