ST_CASE,VEH_NO,PER_NO,YEAR,P1,P2,P3,P4,P5,P6,P7,P8,P9,P10
470364,1,1,1997,6,6,6,6,6,6,6,6,6,6
470365,1,1,1997,0,0,0,0,0,0,0,0,0,0
470366,1,1,1997,0,0,0,0,0,0,0,0,0,0
470367,1,1,1997,0,0,0,0,0,0,0,0,0,0
470368,1,1,1997,0,0,0,0,0,0,0,8,0,0
470368,2,1,1997,0,0,0,0,0,0,0,0,0,0
470369,1,1,1997,0,0,0,0,0,0,0,0,0,0
470369,2,1,1997,0,0,0,0,0,0,0,0,0,0
470369,3,1,1997,0,0,0,0,0,0,0,0,0,0
470370,1,1,1997,28,28,28,28,28,28,28,28,28,28
470371,1,1,1997,27,27,27,27,27,27,27,27,27,27
470372,1,1,1997,0,0,0,0,0,0,0,0,0,0
470372,2,1,1997,0,0,0,0,0,0,0,0,0,0
470373,1,1,1997,15,15,15,15,15,15,15,15,15,15
470374,1,1,1997,13,7,21,20,22,26,19,0,18,23
470375,1,1,1997,0,0,0,0,0,0,0,0,0,0
470375,2,1,1997,0,0,0,0,10,23,0,0,15,0
470376,1,1,1997,5,5,5,5,5,5,5,5,5,5
470377,1,1,1997,0,0,0,0,0,0,0,0,0,0
470378,1,1,1997,11,11,11,11,11,11,11,11,11,11
470379,0,1,1997,0,0,0,0,0,0,0,0,0,0
470379,1,1,1997,0,0,0,9,8,0,0,0,15,16
470380,1,1,1997,15,0,0,0,0,0,0,0,0,0
470380,2,1,1997,0,0,0,0,0,0,0,0,0,0
470381,0,1,1997,29,29,29,29,29,29,29,29,29,29
470381,1,1,1997,0,0,0,0,0,0,0,0,0,0
470382,1,1,1997,0,0,0,0,0,0,0,0,0,0
470382,2,1,1997,0,0,0,0,0,0,0,0,0,0
470383,1,1,1997,11,11,11,11,11,11,11,11,11,11
470384,1,1,1997,28,28,28,28,28,28,28,28,28,28
470385,1,1,1997,20,20,20,20,20,20,20,20,20,20
470386,1,1,1997,0,0,0,0,0,0,0,0,0,0
470386,2,1,1997,0,0,0,0,0,0,0,0,0,0
470387,1,1,1997,2,2,2,2,2,2,2,2,2,2
470388,1,1,1997,18,18,18,18,18,18,18,18,18,18
470389,1,1,1997,14,14,14,14,14,14,14,14,14,14
470390,1,1,1997,20,20,20,20,20,20,20,20,20,20
470391,1,1,1997,0,0,0,0,0,0,0,0,0,0
470391,2,1,1997,0,0,0,0,0,0,0,0,0,0
470392,1,1,1997,31,31,31,31,31,31,31,31,31,31
470393,0,1,1997,30,30,30,30,30,30,30,30,30,30
470393,1,1,1997,13,0,0,0,0,0,0,0,5,0
470394,1,1,1997,0,13,11,0,0,0,0,0,0,0
470394,2,1,1997,0,0,0,0,10,0,0,0,0,0
470395,1,1,1997,25,25,25,25,25,25,25,25,25,25
470396,1,1,1997,0,0,0,0,0,0,0,0,0,0
470396,2,1,1997,9,16,0,7,11,7,14,12,19,12
470397,1,1,1997,11,0,0,0,0,0,0,0,0,0
470398,1,1,1997,0,0,0,0,0,0,0,0,0,0
470399,1,1,1997,0,0,0,0,0,0,0,0,0,0
470399,2,1,1997,0,0,0,0,0,0,0,0,0,0
470400,1,1,1997,0,0,0,0,0,0,0,0,0,0
470400,2,1,1997,0,0,0,0,0,0,0,0,0,0
470400,3,1,1997,0,0,0,0,0,0,0,8,0,0
470401,1,1,1997,0,0,0,0,0,0,0,0,0,0
470401,2,1,1997,0,0,0,0,0,0,0,0,0,0
470402,1,1,1997,6,16,5,14,0,0,4,17,9,24
470403,1,1,1997,9,0,0,12,7,10,10,4,13,5
470404,1,1,1997,0,0,0,0,0,0,0,0,0,0
470404,2,1,1997,8,8,8,8,8,8,8,8,8,8
470405,1,1,1997,0,0,0,0,0,0,0,0,0,0
470406,1,1,1997,14,14,14,14,14,14,14,14,14,14
470406,2,1,1997,0,0,0,0,0,0,0,0,0,0
470407,0,1,1997,0,0,0,0,0,0,0,0,0,0
470407,1,1,1997,0,0,0,0,0,0,0,0,0,0
470408,1,1,1997,25,25,25,25,25,25,25,25,25,25
470409,0,1,1997,0,0,0,0,0,0,0,0,0,0
470409,1,1,1997,0,0,0,0,0,0,0,0,0,0
470410,1,1,1997,47,47,47,47,47,47,47,47,47,47
470411,1,1,1997,0,0,0,0,0,0,0,0,0,0
470412,1,1,1997,0,0,0,0,0,0,0,0,0,0
470412,2,1,1997,0,0,0,0,0,0,0,0,0,0
470413,1,1,1997,0,0,0,0,0,0,0,0,0,0
470413,2,1,1997,0,0,0,0,0,0,0,0,0,0
470414,1,1,1997,0,0,0,0,0,0,0,0,0,0
470414,2,1,1997,0,0,0,0,0,0,0,0,0,0
470415,1,1,1997,13,13,13,13,13,13,13,13,13,13
470416,1,1,1997,0,0,0,0,18,0,0,0,0,0
470416,2,1,1997,0,0,0,0,0,0,0,0,0,0
470416,3,1,1997,0,0,0,0,0,0,0,0,0,0
470417,1,1,1997,0,0,0,0,0,0,0,0,0,0
470419,1,1,1997,0,0,0,0,0,0,0,0,0,0
470419,2,1,1997,0,0,0,0,0,0,0,0,0,0
470420,1,1,1997,0,0,0,0,0,0,0,7,0,0
470421,1,1,1997,0,0,0,0,0,0,0,0,0,0
470421,2,1,1997,0,0,0,0,0,0,0,0,0,0
470422,1,1,1997,17,17,17,17,17,17,17,17,17,17
470422,2,1,1997,0,0,0,0,0,0,0,0,0,0
470423,1,1,1997,0,0,0,0,0,0,0,0,0,0
470423,2,1,1997,0,0,0,0,0,0,0,0,0,0
470424,1,1,1997,0,0,0,0,0,0,0,0,0,0
470424,2,1,1997,0,0,0,0,0,0,0,0,0,0
470425,1,1,1997,0,0,0,0,0,0,0,0,0,0
470425,2,1,1997,0,0,0,0,0,0,0,7,0,0
470426,1,1,1997,0,0,0,0,4,0,0,0,0,0
470426,2,1,1997,0,0,0,0,0,0,0,0,0,0
470427,1,1,1997,29,29,29,29,29,29,29,29,29,29
470428,1,1,1997,50,11,30,19,28,15,15,15,13,20
470428,2,1,1997,0,0,0,0,0,0,0,0,0,0
470429,1,1,1997,0,0,0,0,0,0,0,0,0,0
470429,2,1,1997,0,0,0,0,0,0,0,0,0,0
470430,1,1,1997,0,16,0,31,18,20,0,23,16,11
470430,2,1,1997,0,0,0,0,0,0,0,0,0,0
470431,1,1,1997,0,0,6,0,0,0,0,0,0,0
470431,2,1,1997,0,0,0,0,0,0,0,0,0,0
470432,1,1,1997,34,33,6,0,9,8,18,14,13,19
470432,2,1,1997,18,18,18,18,18,18,18,18,18,18
470433,1,1,1997,0,0,0,0,0,0,0,0,0,0
470433,2,1,1997,0,0,0,0,0,0,0,0,0,0
470434,1,1,1997,0,0,0,0,0,0,0,0,0,0
470434,2,1,1997,0,0,0,0,0,0,0,0,0,0
470436,0,1,1997,0,0,0,0,0,0,0,0,0,0
470436,1,1,1997,0,0,0,0,0,0,0,0,0,0
470437,1,1,1997,0,0,0,0,0,0,0,0,0,0
470437,2,1,1997,0,0,0,0,0,0,0,0,0,0
470438,0,1,1997,0,0,0,0,0,0,0,0,0,0
470438,1,1,1997,0,0,0,0,0,0,0,0,0,0
470439,1,1,1997,26,26,26,26,26,26,26,26,26,26
470440,1,1,1997,0,0,0,0,0,0,0,0,0,0
470440,2,1,1997,0,0,0,0,0,0,0,0,0,0
470441,1,1,1997,3,3,3,3,3,3,3,3,3,3
470441,2,1,1997,0,0,0,0,0,0,0,0,0,0
470442,1,1,1997,0,0,0,0,0,0,0,0,0,0
470442,2,1,1997,0,0,0,0,0,0,0,0,0,0
470443,1,1,1997,17,17,17,17,17,17,17,17,17,17
470444,1,1,1997,0,0,0,0,0,0,0,0,0,0
470444,2,1,1997,11,0,32,0,0,0,0,0,0,0
470445,1,1,1997,0,0,0,0,0,0,0,0,0,0
470445,2,1,1997,1,1,1,1,1,1,1,1,1,1
470446,1,1,1997,0,0,0,0,0,0,0,0,0,0
470446,2,1,1997,0,0,0,0,0,0,0,0,0,0
470447,1,1,1997,0,0,0,0,0,0,0,0,0,0
470448,1,1,1997,0,0,0,0,0,0,0,0,0,0
470448,2,1,1997,0,0,0,0,0,0,0,0,0,0
470449,1,1,1997,0,0,0,0,0,0,0,0,0,0
470449,2,1,1997,12,12,12,12,12,12,12,12,12,12
470450,1,1,1997,0,0,0,0,0,0,0,0,0,0
470451,1,1,1997,0,0,0,0,0,0,0,0,0,0
470451,2,1,1997,0,0,0,0,0,0,0,0,0,0
470452,1,1,1997,23,17,35,12,17,13,9,5,27,21
470453,1,1,1997,26,26,26,26,26,26,26,26,26,26
470454,1,1,1997,0,0,0,0,0,0,0,0,0,0
470454,2,1,1997,0,0,0,0,0,0,0,0,0,0
470456,1,1,1997,18,18,18,18,18,18,18,18,18,18
470457,1,2,1997,22,0,0,22,18,17,36,20,35,0
470458,1,1,1997,0,0,0,0,0,0,0,0,0,0
470459,1,1,1997,0,0,0,0,0,0,4,0,0,0
470459,2,1,1997,0,0,0,0,0,0,0,0,0,0
470460,1,1,1997,29,29,29,29,29,29,29,29,29,29
470461,1,1,1997,0,0,0,0,0,0,0,0,0,0
470462,1,1,1997,33,33,33,33,33,33,33,33,33,33
470463,1,1,1997,18,18,18,18,18,18,18,18,18,18
470463,2,1,1997,0,0,12,0,4,4,0,0,0,10
470464,1,1,1997,0,0,0,0,0,0,0,0,0,0
470465,0,1,1997,0,0,0,0,0,0,0,0,0,0
470465,1,1,1997,0,0,0,0,0,0,0,0,0,0
470466,1,1,1997,5,0,0,0,0,0,0,0,0,0
470466,2,1,1997,0,0,0,0,0,0,0,0,0,0
470467,1,1,1997,21,21,21,21,21,21,21,21,21,21
470468,1,1,1997,12,12,12,12,12,12,12,12,12,12
470468,2,1,1997,0,0,0,13,0,18,0,0,0,0
470469,0,1,1997,0,0,0,0,0,0,0,0,0,0
470469,1,1,1997,0,0,0,0,0,0,0,0,0,0
470470,1,1,1997,7,7,7,7,7,7,7,7,7,7
470471,1,1,1997,11,11,11,11,11,11,11,11,11,11
470471,2,1,1997,0,0,0,0,0,0,0,0,0,0
470472,1,1,1997,13,13,13,13,13,13,13,13,13,13
470472,2,1,1997,0,0,16,0,10,0,0,0,0,0
470473,1,1,1997,16,16,16,16,16,16,16,16,16,16
470474,1,1,1997,1,1,1,1,1,1,1,1,1,1
470475,1,1,1997,9,9,9,9,9,9,9,9,9,9
470477,1,1,1997,10,10,10,10,10,10,10,10,10,10
470478,1,1,1997,0,0,0,0,0,0,0,0,0,0
470478,2,1,1997,0,0,0,0,0,0,0,0,0,0
470479,1,1,1997,0,0,0,0,0,0,0,0,0,0
470480,1,1,1997,0,0,0,0,0,0,0,0,0,0
470480,2,1,1997,0,0,0,0,0,0,0,0,0,0
470481,1,1,1997,0,0,0,0,0,0,0,0,0,0
470482,1,1,1997,0,0,0,0,0,0,0,0,0,0
470482,2,1,1997,12,0,0,0,0,0,0,0,0,0
470483,1,1,1997,21,21,21,21,21,21,21,21,21,21
470484,1,1,1997,0,0,0,0,0,0,0,0,0,0
470484,2,1,1997,0,0,0,0,0,0,0,0,0,0
470485,1,1,1997,0,13,0,0,0,0,2,0,0,0
470486,1,1,1997,23,23,23,23,23,23,23,23,23,23
470486,2,1,1997,0,0,0,0,0,0,0,0,0,0
470488,0,1,1997,0,0,0,0,0,0,0,0,0,0
470488,1,1,1997,0,0,0,0,0,0,0,0,0,0
470489,1,1,1997,0,0,0,0,0,0,0,0,0,0
470489,2,1,1997,0,0,0,0,0,0,0,0,0,0
470490,1,1,1997,0,0,0,0,0,0,0,0,0,0
470490,2,1,1997,0,0,0,0,0,0,0,0,0,0
470491,1,1,1997,0,0,0,0,0,0,0,0,0,0
470492,1,1,1997,37,11,5,4,17,18,16,33,26,17
470492,2,1,1997,0,0,0,0,9,0,0,0,0,0
470493,1,1,1997,15,15,15,15,15,15,15,15,15,15
470494,1,1,1997,0,0,0,0,0,0,0,0,0,0
470495,1,1,1997,0,0,0,0,0,0,0,0,0,0
470496,1,1,1997,3,3,3,3,3,3,3,3,3,3
470497,1,1,1997,0,0,0,0,0,0,0,0,0,0
470498,1,1,1997,0,0,0,0,0,0,0,0,0,0
470499,1,1,1997,0,0,0,0,0,0,0,0,0,0
470499,2,1,1997,0,0,0,0,0,0,0,0,0,0
470500,1,1,1997,0,0,0,0,0,0,0,0,0,0
470501,1,1,1997,0,0,0,0,0,0,0,0,0,0
470502,1,1,1997,12,17,0,0,0,13,0,0,18,26
470503,1,1,1997,0,0,0,0,0,0,0,0,0,0
470503,2,1,1997,0,0,0,5,0,0,13,0,0,0
470504,1,1,1997,26,26,26,26,26,26,26,26,26,26
470504,2,1,1997,24,24,24,24,24,24,24,24,24,24
470505,1,1,1997,14,8,5,27,16,22,0,8,8,15
470505,2,1,1997,0,0,0,0,0,0,0,0,0,0
470506,1,1,1997,3,3,3,3,3,3,3,3,3,3
470507,1,1,1997,25,25,25,25,25,25,25,25,25,25
470507,2,1,1997,0,0,0,0,0,0,0,0,0,0
470508,1,1,1997,0,0,0,0,0,0,0,0,0,0
470508,2,1,1997,0,0,0,0,0,0,0,0,0,0
470509,1,1,1997,0,0,0,0,0,0,0,0,0,0
470510,1,1,1997,5,5,5,5,5,5,5,5,5,5
470511,1,1,1997,0,0,0,0,0,0,0,0,0,0
470512,1,1,1997,0,0,0,0,0,0,0,0,0,0
470512,2,1,1997,0,0,0,0,0,0,0,0,0,0
470513,0,1,1997,29,29,29,29,29,29,29,29,29,29
470513,1,1,1997,0,0,0,0,0,0,0,0,0,0
470514,1,1,1997,0,0,0,0,0,0,0,0,0,0
470515,1,1,1997,27,27,27,27,27,27,27,27,27,27
470516,1,1,1997,2,2,2,2,2,2,2,2,2,2
470517,1,1,1997,0,0,0,0,0,0,0,0,0,0
470517,2,1,1997,0,0,0,0,0,0,0,0,0,0
470517,3,1,1997,0,0,0,0,0,0,0,0,0,0
470518,1,1,1997,0,0,0,0,0,0,0,0,0,0
470518,2,1,1997,0,0,0,0,0,0,0,0,0,0
470519,1,1,1997,0,0,0,0,0,0,0,0,0,0
470519,2,1,1997,0,0,0,0,0,0,0,0,0,0
470520,1,1,1997,0,0,0,0,0,0,0,0,0,0
470521,1,1,1997,0,0,0,0,0,0,0,0,8,6
470522,1,1,1997,0,0,0,0,0,0,0,0,0,0
470523,1,1,1997,0,6,0,0,0,0,0,3,0,0
470524,1,1,1997,0,0,0,0,0,0,0,0,0,0
470524,2,1,1997,0,0,0,0,0,0,9,0,0,0
470525,1,1,1997,0,0,0,33,15,30,0,18,29,0
470526,1,1,1997,0,0,0,0,0,0,0,0,0,0
470526,2,1,1997,0,0,0,0,0,0,0,0,0,0
470526,3,1,1997,0,0,0,0,0,0,0,0,0,0
470527,1,1,1997,0,0,0,0,0,0,0,0,0,0
470528,1,1,1997,7,0,0,0,0,0,0,0,0,16
470529,1,1,1997,0,0,0,0,0,0,0,0,0,0
470529,2,1,1997,18,18,18,18,18,18,18,18,18,18
470530,1,1,1997,0,0,0,0,0,0,0,0,0,0
470530,2,1,1997,0,0,0,0,0,0,7,0,0,0
470531,1,1,1997,0,0,0,0,0,0,0,0,0,0
470532,1,1,1997,0,0,0,0,0,0,0,0,0,0
470532,2,1,1997,0,0,0,0,0,0,0,0,0,0
470533,1,1,1997,0,0,0,0,0,0,0,0,0,0
470533,2,1,1997,0,0,0,0,0,0,0,0,0,0
470534,1,1,1997,0,0,0,17,15,0,0,16,0,0
470534,2,1,1997,0,0,14,0,0,0,0,0,0,0
470535,1,1,1997,6,7,0,12,11,25,10,17,19,19
470536,1,1,1997,20,20,20,20,20,20,20,20,20,20
470536,2,1,1997,0,0,0,0,0,0,0,0,0,0
470537,1,1,1997,0,0,0,0,0,0,0,0,0,0
470537,2,1,1997,0,0,0,0,0,0,0,0,0,0
470537,3,1,1997,22,22,22,22,22,22,22,22,22,22
470538,0,1,1997,0,0,0,0,0,0,0,0,0,0
470538,1,1,1997,0,0,0,0,0,0,0,0,0,0
470539,1,1,1997,20,20,20,20,20,20,20,20,20,20
470540,1,1,1997,0,0,0,0,0,0,0,0,0,0
470540,2,1,1997,0,0,0,0,0,0,0,0,0,0
470541,1,1,1997,25,25,25,25,25,25,25,25,25,25
470542,1,1,1997,0,0,0,0,0,0,0,0,0,0
470542,2,1,1997,0,0,0,0,0,0,0,0,0,0
470543,1,1,1997,28,0,35,11,23,26,29,0,22,25
470544,1,1,1997,21,21,21,21,21,21,21,21,21,21
470544,2,1,1997,0,0,0,0,0,0,0,0,0,0
470545,0,1,1997,0,0,0,0,0,0,0,0,0,0
470545,1,1,1997,0,0,0,0,0,21,0,0,0,0
470546,1,1,1997,0,0,0,0,0,0,0,0,0,0
470546,2,1,1997,0,0,0,0,0,0,0,0,0,0
470547,1,1,1997,0,0,0,0,0,0,0,0,0,0
470547,2,1,1997,0,0,0,0,0,0,0,0,0,0
470548,1,1,1997,22,21,24,16,28,12,13,11,16,8
470548,2,1,1997,0,0,0,0,0,0,0,0,0,0
470549,1,1,1997,17,17,17,17,17,17,17,17,17,17
470550,1,1,1997,0,0,0,0,0,0,0,0,0,0
470551,1,1,1997,0,0,0,0,0,0,0,0,0,0
470552,1,1,1997,0,0,0,0,0,0,0,0,0,0
470552,2,1,1997,0,0,0,0,0,0,0,0,0,0
470553,1,1,1997,0,0,0,0,0,0,0,0,0,0
470553,2,1,1997,0,0,0,0,0,0,0,26,0,0
470553,3,1,1997,0,0,0,0,0,0,0,0,0,0
470554,1,1,1997,8,8,8,8,8,8,8,8,8,8
470555,1,1,1997,22,22,22,22,22,22,22,22,22,22
470556,1,1,1997,1,1,1,1,1,1,1,1,1,1
470557,1,1,1997,0,0,0,0,0,13,0,0,0,0
470557,2,1,1997,0,0,0,0,0,0,0,0,0,0
470558,1,1,1997,0,0,0,0,0,0,0,0,0,0
470558,2,1,1997,12,12,12,12,12,12,12,12,12,12
470559,1,1,1997,0,0,0,0,0,0,0,0,0,0
470560,1,1,1997,17,17,17,17,17,17,17,17,17,17
470561,1,1,1997,20,20,20,20,20,20,20,20,20,20
470562,1,1,1997,0,0,0,0,0,0,0,0,0,0
470563,1,1,1997,8,0,0,0,14,0,0,0,0,0
470564,1,1,1997,0,0,0,0,0,0,0,0,0,0
470565,1,1,1997,0,0,0,0,0,0,0,0,0,0
470566,1,1,1997,0,0,0,0,0,0,0,0,0,0
470567,1,1,1997,0,0,0,0,0,0,0,0,0,0
470567,2,1,1997,0,0,0,0,0,0,0,0,0,0
470567,3,1,1997,0,0,0,0,0,0,0,0,0,0
470568,1,1,1997,0,0,0,0,0,0,0,0,0,0
470569,1,1,1997,23,23,23,23,23,23,23,23,23,23
470570,1,1,1997,0,14,0,0,0,0,0,0,0,9
470570,2,1,1997,0,0,0,0,0,0,0,0,0,0
470571,0,1,1997,0,0,0,0,0,0,0,0,0,0
470571,1,1,1997,0,12,0,0,0,0,0,11,0,20
470572,1,1,1997,0,0,0,0,0,0,0,0,0,0
470572,2,1,1997,0,0,0,0,0,0,0,0,0,0
470573,1,1,1997,18,18,18,18,18,18,18,18,18,18
470574,1,1,1997,0,0,0,0,0,0,0,0,0,0
470575,1,1,1997,16,16,16,16,16,16,16,16,16,16
470576,1,1,1997,0,0,0,0,0,0,0,0,0,0
470576,2,1,1997,0,0,0,0,0,0,0,0,0,0
470577,1,1,1997,0,0,0,0,0,0,0,0,0,0
470577,2,1,1997,0,13,0,0,0,0,0,0,0,0
470578,1,1,1997,0,0,0,0,0,0,0,0,0,0
470578,2,1,1997,24,24,24,24,24,24,24,24,24,24
470579,1,1,1997,25,25,25,25,25,25,25,25,25,25
470580,1,1,1997,0,0,0,0,0,0,0,0,0,0
470581,1,1,1997,0,0,0,0,0,0,0,0,12,0
470582,1,1,1997,0,0,0,0,0,0,0,0,0,0
470582,2,1,1997,0,0,0,0,0,0,0,0,0,0
470583,1,1,1997,0,0,0,0,0,0,0,0,0,0
470583,2,1,1997,0,0,0,0,0,0,0,0,0,0
470584,0,1,1997,0,0,0,0,0,0,0,0,0,0
470584,1,1,1997,0,0,0,0,0,0,0,0,0,0
470585,1,1,1997,0,0,0,0,0,0,0,0,0,0
470585,2,1,1997,0,0,0,0,0,0,0,0,0,0
470585,3,1,1997,0,0,0,0,0,0,0,0,0,0
470585,4,1,1997,0,0,0,0,0,0,0,0,0,0
470586,1,1,1997,18,16,0,0,9,9,0,19,33,24
470587,1,1,1997,0,0,0,0,0,0,0,0,0,0
470588,1,1,1997,0,0,0,0,0,0,0,0,0,0
470589,1,1,1997,0,0,0,0,0,0,0,0,0,5
470590,1,1,1997,0,0,0,0,0,0,0,0,0,0
470591,1,1,1997,0,0,3,0,0,0,8,0,0,12
470592,1,1,1997,26,26,26,26,26,26,26,26,26,26
470593,1,1,1997,49,49,49,49,49,49,49,49,49,49
470594,1,1,1997,0,0,20,11,33,0,26,33,8,20
470594,2,1,1997,0,0,0,0,0,0,0,0,0,0
470595,1,1,1997,0,0,0,0,0,0,0,0,0,0
470596,1,1,1997,0,0,0,0,0,0,0,0,0,0
470596,2,1,1997,0,0,0,0,0,0,0,0,0,0
470597,1,1,1997,15,15,15,15,15,15,15,15,15,15
470598,1,1,1997,0,0,0,0,0,0,0,0,0,0
470599,1,1,1997,0,0,0,0,0,0,0,0,0,0
470599,2,1,1997,0,0,0,0,0,0,0,0,0,0
470600,1,1,1997,0,0,0,0,0,0,0,0,0,0
470601,0,1,1997,17,17,17,17,17,17,17,17,17,17
470601,1,1,1997,0,0,0,0,4,0,0,0,0,0
470602,1,1,1997,10,10,10,10,10,10,10,10,10,10
470603,1,1,1997,0,0,0,0,0,0,0,0,0,0
470604,1,1,1997,0,0,0,0,0,0,0,0,0,0
470604,2,1,1997,0,0,0,0,0,0,0,0,0,0
470605,1,1,1997,0,0,0,0,0,0,0,0,0,0
470605,2,1,1997,0,0,0,0,0,0,0,0,0,0
470606,1,1,1997,0,0,0,0,0,0,0,0,0,0
470606,2,1,1997,0,0,0,0,0,0,0,0,0,0
470607,1,1,1997,0,16,21,20,9,16,17,26,25,0
470608,1,1,1997,0,0,0,0,0,0,0,0,0,0
470608,2,1,1997,3,0,0,0,0,0,0,0,0,0
470609,1,1,1997,0,0,0,0,0,0,0,0,0,0
470609,2,1,1997,0,0,0,0,0,0,0,0,0,0
470610,1,1,1997,0,0,0,0,0,0,0,0,0,0
470610,2,1,1997,0,0,0,0,0,0,0,0,0,0
470611,1,1,1997,0,0,0,0,0,0,0,0,0,0
470611,2,1,1997,8,8,8,8,8,8,8,8,8,8
470612,1,1,1997,22,22,22,22,22,22,22,22,22,22
470613,1,1,1997,0,0,0,0,0,0,0,0,0,0
470613,2,1,1997,0,0,0,0,0,0,0,0,0,0
470614,1,1,1997,0,6,0,0,10,0,0,0,0,0
470614,2,1,1997,25,25,25,25,25,25,25,25,25,25
470615,1,1,1997,29,29,29,29,29,29,29,29,29,29
470616,1,1,1997,11,11,11,11,11,11,11,11,11,11
470617,1,1,1997,0,0,0,0,0,0,0,0,0,0
470618,1,1,1997,21,21,21,21,21,21,21,21,21,21
470618,2,1,1997,0,0,0,0,0,0,0,0,0,0
470619,0,1,1997,0,0,0,0,0,0,0,0,0,0
470620,1,1,1997,0,0,0,0,0,0,0,0,0,0
470621,1,1,1997,18,18,18,18,18,18,18,18,18,18
470622,1,1,1997,29,29,29,29,29,29,29,29,29,29
470623,1,1,1997,0,0,0,0,0,0,0,0,0,0
470624,1,1,1997,0,0,0,0,0,0,0,0,0,0
470624,2,1,1997,0,0,0,0,0,0,0,0,0,0
470625,1,1,1997,11,11,11,11,11,11,11,11,11,11
470626,1,1,1997,0,0,0,0,0,0,0,0,0,0
470626,2,1,1997,0,0,0,0,0,0,0,0,0,0
470627,1,1,1997,29,29,29,29,29,29,29,29,29,29
470628,1,1,1997,14,18,20,25,16,28,10,19,9,6
470629,0,1,1997,0,0,16,0,0,31,0,0,0,0
470629,1,1,1997,0,0,0,0,0,0,0,0,0,0
470630,1,1,1997,20,20,20,20,20,20,20,20,20,20
470631,1,1,1997,0,0,0,0,0,0,0,0,0,0
470631,2,1,1997,8,8,8,8,8,8,8,8,8,8
470632,1,1,1997,0,0,0,0,0,0,0,0,0,0
470633,1,1,1997,12,12,12,12,12,12,12,12,12,12
470634,1,1,1997,0,0,0,0,0,0,0,0,0,0
470635,1,1,1997,0,0,0,0,0,0,0,0,0,0
470635,2,1,1997,0,0,0,0,0,0,0,0,0,0
470636,1,1,1997,0,0,0,0,0,0,0,0,0,0
470636,2,1,1997,0,0,0,0,0,0,0,0,0,0
470637,1,1,1997,0,0,0,0,0,0,0,0,0,0
470638,1,1,1997,0,0,22,0,0,0,0,0,0,0
470638,2,1,1997,0,0,0,0,0,0,0,0,0,0
470639,1,1,1997,0,0,0,0,0,0,0,0,0,0
470640,1,1,1997,0,0,0,0,0,0,0,0,0,0
470640,2,1,1997,14,14,14,14,14,14,14,14,14,14
470641,0,1,1997,7,7,7,7,7,7,7,7,7,7
470641,1,1,1997,0,0,0,0,0,0,0,0,0,0
470642,1,1,1997,23,23,23,23,23,23,23,23,23,23
470642,2,1,1997,0,0,0,0,0,0,0,0,0,0
470643,1,1,1997,0,0,0,0,0,0,0,0,0,0
470643,2,1,1997,0,0,0,0,0,0,0,0,0,0
470644,1,1,1997,0,0,0,0,0,0,0,0,0,0
470644,2,1,1997,0,0,0,0,0,0,0,0,0,0
470645,1,1,1997,30,28,32,11,17,30,10,21,0,24
470646,1,1,1997,0,0,0,0,0,0,0,0,0,0
470647,1,1,1997,7,0,0,0,0,0,0,0,0,0
470647,2,1,1997,0,0,0,0,0,22,0,0,0,0
470648,1,1,1997,0,0,0,0,0,0,0,0,0,0
470649,1,1,1997,24,24,24,24,24,24,24,24,24,24
470649,2,1,1997,0,0,0,0,0,0,16,0,0,0
470649,3,1,1997,0,0,0,0,0,0,0,0,0,0
470649,4,1,1997,0,0,0,0,0,0,0,0,7,0
470650,1,1,1997,18,0,0,11,13,14,6,0,13,16
470651,1,1,1997,14,14,14,14,14,14,14,14,14,14
470652,1,1,1997,25,25,25,25,25,25,25,25,25,25
470653,0,1,1997,0,0,0,0,0,0,0,0,0,0
470653,1,1,1997,18,18,18,18,18,18,18,18,18,18
470654,1,1,1997,0,0,0,0,0,0,0,0,0,0
470654,2,1,1997,0,0,0,0,0,0,0,0,0,0
470655,1,1,1997,0,0,0,0,0,0,0,0,0,10
470656,2,1,1997,0,0,0,0,0,0,0,0,0,0
470657,1,1,1997,35,35,35,35,35,35,35,35,35,35
470658,1,1,1997,0,0,0,0,0,0,0,0,0,0
470659,1,1,1997,28,28,28,28,28,28,28,28,28,28
470660,1,1,1997,0,0,0,0,0,0,0,0,0,0
470660,2,1,1997,0,0,0,0,0,0,0,0,0,0
470661,0,1,1997,0,0,0,0,0,0,0,0,0,0
470661,1,1,1997,0,0,0,0,0,0,0,0,0,0
470662,1,1,1997,0,0,0,0,0,0,0,0,0,0
470663,1,1,1997,0,0,0,0,0,0,0,0,0,0
470663,2,1,1997,0,0,0,0,0,0,0,0,0,0
470664,1,1,1997,0,0,0,0,0,0,0,0,0,0
470664,2,1,1997,0,0,0,0,0,0,0,0,0,0
470665,1,1,1997,21,21,21,21,21,21,21,21,21,21