ST_CASE,VEH_NO,PER_NO,YEAR,P1,P2,P3,P4,P5,P6,P7,P8,P9,P10
480107,2,1,1997,5,5,5,5,5,5,5,5,5,5
480108,1,1,1997,0,14,0,0,0,14,0,19,0,0
480108,2,1,1997,0,0,0,0,0,0,0,0,0,0
480109,1,1,1997,1,1,1,1,1,1,1,1,1,1
480110,1,1,1997,0,0,0,0,0,0,0,0,0,0
480110,2,1,1997,0,0,0,0,0,0,0,0,0,0
480111,1,1,1997,15,23,0,0,0,0,5,0,0,30
480112,1,1,1997,0,0,0,0,0,0,0,0,0,0
480113,0,1,1997,0,0,0,0,0,0,0,0,0,0
480113,1,1,1997,0,0,0,0,0,0,0,0,0,0
480114,1,1,1997,25,25,25,25,25,25,25,25,25,25
480115,1,1,1997,20,20,20,20,20,20,20,20,20,20
480116,1,1,1997,0,0,0,0,0,0,0,0,0,0
480116,2,1,1997,1,1,1,1,1,1,1,1,1,1
480116,3,1,1997,0,0,0,0,0,0,0,0,0,0
480117,1,1,1997,0,0,0,0,0,0,0,0,0,0
480118,1,1,1997,0,0,0,0,0,0,0,0,0,0
480119,1,1,1997,4,0,0,0,0,0,0,0,0,0
480119,2,1,1997,0,0,0,0,0,0,0,0,0,0
480120,1,1,1997,0,0,0,0,0,0,0,0,0,0
480121,1,1,1997,0,0,0,0,0,0,0,0,0,0
480121,2,1,1997,0,0,0,0,0,0,0,0,0,0
480122,1,1,1997,0,0,0,0,0,0,0,0,0,0
480122,2,1,1997,0,0,0,6,0,0,0,0,0,0
480123,0,1,1997,29,29,29,29,29,29,29,29,29,29
480123,1,1,1997,0,0,0,0,0,0,0,0,4,0
480124,1,1,1997,36,36,36,36,36,36,36,36,36,36
480125,1,1,1997,0,0,0,0,0,0,20,0,0,0
480125,2,1,1997,0,0,0,0,0,0,0,0,0,0
480126,1,1,1997,0,0,0,33,0,28,33,30,0,0
480127,1,1,1997,13,13,13,13,13,13,13,13,13,13
480127,2,1,1997,0,0,0,0,0,0,0,0,0,0
480128,0,1,1997,0,0,0,0,0,0,0,0,0,0
480128,1,1,1997,0,0,0,0,0,0,0,0,0,19
480129,1,1,1997,0,0,0,0,0,0,0,0,0,0
480129,2,1,1997,0,0,0,0,3,0,0,17,0,0
480130,0,1,1997,21,35,10,46,16,44,36,20,14,26
480130,1,1,1997,13,7,0,0,0,0,0,0,0,0
480131,1,1,1997,0,15,0,0,0,0,0,0,0,0
480131,2,1,1997,0,0,0,0,0,0,0,0,0,0
480132,1,1,1997,20,20,20,20,20,20,20,20,20,20
480133,1,1,1997,12,12,12,12,12,12,12,12,12,12
480134,1,1,1997,12,12,12,12,12,12,12,12,12,12
480134,2,1,1997,0,0,0,0,0,0,0,0,0,0
480135,1,1,1997,21,21,21,21,21,21,21,21,21,21
480136,1,1,1997,0,0,24,10,17,0,0,0,21,0
480136,2,1,1997,0,0,0,0,0,0,0,0,0,0
480137,1,1,1997,0,0,0,0,0,0,0,0,0,0
480138,1,1,1997,0,12,0,0,0,0,0,19,13,0
480138,2,1,1997,15,15,15,15,15,15,15,15,15,15
480139,1,1,1997,11,11,11,11,11,11,11,11,11,11
480140,1,1,1997,2,2,2,2,2,2,2,2,2,2
480140,2,1,1997,28,0,34,0,0,0,0,0,0,0
480141,1,1,1997,11,17,3,0,15,18,20,13,6,9
480142,1,1,1997,5,5,5,5,5,5,5,5,5,5
480143,1,1,1997,0,0,0,0,0,0,0,0,0,0
480143,2,1,1997,0,0,0,0,0,0,0,0,0,0
480143,3,1,1997,0,0,0,0,0,0,0,0,0,0
480144,0,1,1997,0,0,0,0,0,0,0,0,0,0
480144,1,1,1997,0,0,0,0,0,0,0,0,0,0
480145,1,1,1997,6,6,6,6,6,6,6,6,6,6
480146,1,1,1997,0,0,0,16,0,16,10,0,0,0
480146,2,1,1997,14,0,0,0,11,0,0,0,0,0
480147,1,1,1997,0,0,0,0,0,0,0,0,0,0
480148,1,1,1997,0,0,0,0,0,0,0,0,0,0
480148,2,1,1997,0,0,0,0,0,4,0,9,6,0
480148,3,1,1997,0,0,0,0,0,0,0,0,0,0
480149,1,1,1997,27,25,22,0,21,20,22,0,16,18
480150,1,1,1997,0,0,0,0,0,0,0,0,0,0
480150,2,1,1997,0,0,0,0,0,0,0,0,0,0
480151,0,1,1997,25,25,25,25,25,25,25,25,25,25
480151,1,1,1997,0,0,0,0,0,0,20,0,0,0
480152,1,1,1997,0,0,0,0,0,0,0,0,0,0
480152,2,1,1997,0,0,0,0,0,0,0,0,0,0
480153,1,1,1997,0,0,0,0,0,0,0,0,0,0
480153,2,1,1997,11,11,11,11,11,11,11,11,11,11
480154,1,1,1997,0,0,0,0,0,0,0,0,0,0
480154,2,1,1997,22,0,0,0,0,0,0,0,0,0
480155,1,1,1997,0,0,0,0,0,0,0,0,0,0
480155,2,1,1997,0,0,0,0,0,0,0,0,0,0
480156,0,1,1997,0,0,0,0,0,0,0,0,0,0
480156,1,1,1997,12,0,12,0,14,0,0,0,15,0
480157,1,1,1997,8,8,8,8,8,8,8,8,8,8
480157,2,1,1997,0,19,25,0,0,0,0,0,0,13
480158,1,1,1997,0,0,0,0,18,0,0,5,0,0
480159,1,1,1997,0,0,0,0,0,0,0,0,0,0
480159,2,1,1997,0,0,0,0,0,5,0,0,0,0
480160,1,1,1997,18,27,9,12,29,21,21,29,6,21
480161,0,1,1997,0,0,0,0,0,0,0,0,0,0
480161,1,1,1997,0,0,0,0,0,0,0,0,0,0
480162,1,1,1997,0,0,0,0,0,0,0,0,0,0
480162,2,1,1997,35,0,0,0,26,0,24,23,16,22
480163,1,1,1997,0,0,0,0,0,0,0,0,0,0
480163,2,1,1997,0,0,0,0,0,0,0,0,0,23
480163,3,1,1997,0,0,0,0,0,0,0,0,0,0
480163,4,1,1997,0,0,0,0,0,0,0,0,0,0
480164,1,1,1997,0,15,18,0,0,21,0,11,0,0
480165,1,1,1997,0,0,0,0,0,0,0,0,0,0
480165,2,1,1997,16,16,16,16,16,16,16,16,16,16
480166,1,1,1997,0,0,0,0,0,0,0,0,0,8
480166,2,1,1997,0,0,0,0,0,0,0,0,0,0
480167,1,1,1997,0,0,0,0,0,0,0,0,0,0
480167,2,1,1997,0,0,0,0,0,0,0,0,0,0
480168,1,1,1997,0,8,0,0,0,0,0,0,0,0
480168,2,1,1997,0,0,0,0,0,0,0,0,0,0
480169,1,1,1997,0,0,0,0,0,0,0,19,13,0
480169,2,1,1997,0,0,0,0,0,0,0,11,0,0
480170,0,1,1997,13,6,10,45,41,18,16,13,6,18
480170,1,1,1997,9,9,9,9,9,9,9,9,9,9
480171,1,1,1997,0,0,0,0,0,0,0,0,0,0
480171,2,1,1997,0,0,0,0,0,0,0,0,0,0
480172,1,1,1997,3,3,3,3,3,3,3,3,3,3
480172,2,1,1997,0,0,5,0,0,0,0,0,0,0
480173,0,1,1997,0,9,0,0,0,25,0,0,34,31
480173,1,1,1997,0,0,0,0,0,0,0,0,0,0
480174,0,1,1997,0,0,0,0,0,0,0,0,0,0
480174,1,1,1997,5,0,0,0,0,7,0,0,0,0
480175,1,1,1997,0,0,0,0,0,0,0,0,0,0
480175,2,1,1997,12,12,12,12,12,12,12,12,12,12
480176,1,1,1997,0,0,0,0,0,0,0,0,0,0
480177,1,1,1997,16,25,0,29,0,15,0,35,16,16
480178,0,1,1997,16,0,0,8,15,10,45,40,0,13
480178,1,1,1997,3,0,0,16,30,0,10,0,14,9
480179,0,1,1997,33,33,33,33,33,33,33,33,33,33
480179,1,1,1997,0,0,0,0,0,0,0,0,0,0
480180,1,1,1997,7,0,0,25,0,15,7,0,19,15
480181,1,1,1997,10,10,10,10,10,10,10,10,10,10
480181,2,1,1997,16,0,0,0,0,0,0,21,0,8
480182,1,1,1997,22,22,22,22,22,22,22,22,22,22
480183,1,1,1997,0,22,8,0,0,0,0,0,11,9
480184,1,1,1997,0,0,0,0,0,0,0,0,0,0
480184,2,1,1997,0,0,0,0,0,0,0,0,0,0
480184,3,1,1997,0,0,0,0,4,0,0,0,0,0
480184,4,1,1997,0,0,0,0,0,0,0,0,0,0
480185,1,1,1997,9,9,9,9,9,9,9,9,9,9
480186,1,1,1997,0,0,0,0,0,0,0,0,0,0
480186,2,1,1997,0,0,0,0,0,0,0,0,0,0
480187,1,1,1997,0,0,0,0,0,0,0,0,0,0
480187,2,1,1997,0,0,0,0,0,0,0,0,0,0
480188,1,1,1997,0,0,0,0,0,0,0,0,0,0
480189,1,1,1997,0,0,9,0,0,0,0,6,8,19
480190,0,1,1997,0,0,0,0,0,0,0,0,0,0
480190,1,1,1997,0,0,0,0,0,0,0,0,0,0
480191,1,1,1997,12,0,8,8,0,19,21,0,18,32
480192,1,1,1997,0,0,0,0,0,0,0,0,0,0
480192,2,1,1997,0,14,0,29,17,0,0,0,37,13
480193,1,1,1997,0,0,0,0,0,0,0,0,0,0
480194,1,1,1997,0,0,0,0,0,0,0,0,0,4
480194,2,1,1997,0,0,0,0,0,0,0,0,0,0
480195,1,1,1997,13,13,13,13,13,13,13,13,13,13
480195,2,1,1997,0,0,0,0,0,0,0,0,0,0
480195,3,1,1997,0,0,0,0,0,0,0,0,0,0
480196,1,1,1997,0,0,0,0,0,0,0,0,0,0
480196,2,1,1997,0,0,0,0,0,0,0,0,0,0
480197,1,1,1997,0,0,0,0,0,0,0,0,0,0
480197,2,1,1997,0,0,0,0,0,0,0,0,0,0
480198,0,1,1997,0,0,22,0,24,0,0,23,23,13
480198,1,1,1997,0,0,0,0,0,0,0,0,0,0
480199,1,1,1997,9,9,9,9,9,9,9,9,9,9
480199,2,1,1997,0,0,0,0,0,0,0,0,0,0
480200,1,1,1997,8,26,21,0,22,0,10,9,0,0
480201,0,1,1997,23,0,0,0,0,0,0,0,0,0
480201,1,1,1997,0,0,0,0,0,0,0,0,0,0
480202,1,1,1997,0,33,25,23,7,23,18,15,19,0
480203,1,1,1997,9,9,9,9,9,9,9,9,9,9
480203,2,1,1997,19,0,0,0,0,0,0,7,0,0
480203,3,1,1997,0,0,0,0,0,23,0,0,0,23
480204,1,1,1997,0,0,0,0,0,0,0,0,0,0
480204,2,1,1997,7,7,7,7,7,7,7,7,7,7
480205,1,1,1997,0,0,14,0,0,0,0,0,0,8
480206,1,1,1997,5,5,5,5,5,5,5,5,5,5
480206,2,1,1997,0,0,0,0,0,0,0,0,0,0
480207,1,1,1997,0,0,0,0,0,0,0,0,0,0
480208,0,1,1997,14,30,0,0,0,22,23,0,19,36
480208,1,1,1997,0,0,0,0,0,0,0,0,0,0
480209,1,1,1997,9,17,12,15,15,22,10,21,16,17
480210,0,1,1997,30,36,13,10,15,32,38,27,31,4
480210,1,1,1997,0,0,0,0,0,0,0,0,0,0
480211,1,1,1997,24,24,24,24,24,24,24,24,24,24
480212,1,1,1997,0,0,0,0,0,0,0,0,0,0
480212,2,1,1997,0,0,0,0,0,0,0,0,0,0
480213,1,1,1997,0,0,0,0,0,0,0,0,0,0
480213,2,1,1997,0,0,0,0,0,0,0,0,0,0
480214,1,1,1997,0,8,9,0,0,0,0,10,0,5
480214,2,1,1997,0,0,0,0,0,0,0,0,0,9
480215,1,1,1997,10,19,14,13,20,11,0,0,0,0
480216,0,1,1997,16,25,0,17,13,0,0,13,0,26
480216,1,1,1997,0,0,0,5,10,0,0,0,0,0
480217,1,1,1997,0,0,0,0,0,0,0,0,0,0
480217,2,1,1997,0,0,0,0,0,0,0,0,0,0
480218,0,1,1997,14,0,0,11,0,0,0,0,0,0
480218,1,1,1997,0,0,0,0,0,0,0,0,0,0
480218,2,1,1997,0,0,0,0,0,0,0,0,0,0
480219,0,1,1997,0,20,5,12,23,45,43,34,19,32
480219,1,1,1997,0,0,0,0,0,0,12,0,0,0
480220,0,1,1997,0,0,0,0,0,0,0,0,0,0
480220,1,1,1997,0,0,0,0,0,0,0,0,0,0
480221,1,1,1997,20,41,18,25,23,20,26,17,0,26
480222,1,1,1997,0,0,0,0,0,0,0,0,0,0
480222,2,1,1997,0,0,0,0,0,0,0,0,0,0
480223,1,1,1997,0,0,0,0,0,0,0,0,0,0
480223,2,1,1997,0,0,0,0,0,0,0,0,0,0
480224,0,1,1997,0,0,20,30,0,0,0,0,0,0
480224,1,1,1997,0,0,12,0,0,0,0,0,0,0
480225,0,1,1997,0,0,0,0,0,0,0,0,0,0
480225,1,1,1997,10,10,10,10,10,10,10,10,10,10
480226,1,1,1997,0,0,0,0,0,0,0,0,0,0
480226,2,1,1997,0,0,0,0,0,0,0,0,0,0
480227,0,1,1997,24,24,24,24,24,24,24,24,24,24
480227,1,1,1997,0,0,0,0,0,0,0,0,0,0
480228,0,1,1997,0,0,0,0,0,0,0,0,0,0
480228,1,1,1997,0,0,0,0,0,0,0,0,0,0
480229,1,1,1997,22,0,0,0,0,0,0,0,0,0
480229,2,1,1997,0,0,0,0,0,0,5,0,0,0
480230,1,1,1997,12,12,12,12,12,12,12,12,12,12
480231,1,1,1997,0,2,0,21,47,0,0,13,0,16
480232,1,1,1997,19,19,19,19,19,19,19,19,19,19
480233,1,1,1997,33,23,16,19,25,22,27,13,21,36
480234,1,1,1997,11,11,11,11,11,11,11,11,11,11
480234,2,1,1997,0,0,0,0,0,0,0,0,0,0
480235,0,1,1997,0,19,0,0,12,20,0,0,0,0
480235,1,1,1997,0,0,0,0,0,0,0,0,0,0
480236,0,1,1997,16,16,16,16,16,16,16,16,16,16
480236,1,1,1997,0,0,18,0,0,0,0,0,0,0
480237,0,1,1997,20,20,20,20,20,20,20,20,20,20
480237,1,1,1997,0,0,0,0,0,0,0,0,0,0
480238,1,1,1997,0,0,0,0,0,0,0,0,0,0
480238,2,1,1997,21,0,0,0,0,0,0,0,0,0
480239,1,1,1997,0,0,0,0,0,0,0,0,0,0
480240,1,1,1997,19,19,19,19,19,19,19,19,19,19
480241,1,1,1997,0,0,0,0,0,0,0,0,0,0
480242,0,1,1997,16,16,16,16,16,16,16,16,16,16
480242,1,1,1997,0,0,0,0,0,0,0,0,0,0
480243,1,1,1997,19,19,19,19,19,19,19,19,19,19
480244,1,1,1997,0,0,0,0,0,0,0,0,0,0
480244,2,1,1997,0,0,0,0,0,0,0,0,0,0
480245,1,1,1997,22,22,22,22,22,22,22,22,22,22
480246,1,1,1997,0,0,0,0,27,0,0,0,11,0
480246,2,1,1997,0,0,0,0,0,15,0,0,0,10
480247,1,1,1997,8,8,8,8,8,8,8,8,8,8
480248,1,1,1997,24,12,12,24,26,15,16,21,0,20
480249,1,1,1997,0,0,0,0,0,0,0,0,0,0
480249,2,1,1997,28,12,20,23,3,14,22,10,20,10
480250,1,1,1997,19,19,19,19,19,19,19,19,19,19
480251,1,1,1997,7,7,7,7,7,7,7,7,7,7
480252,1,1,1997,0,0,0,0,0,0,0,0,0,0
480252,2,1,1997,0,0,0,0,0,0,0,0,0,0
480253,1,1,1997,23,23,23,23,23,23,23,23,23,23
480253,2,1,1997,0,0,0,0,0,0,0,0,0,0
480254,1,1,1997,0,0,0,0,0,0,0,0,0,0
480254,2,1,1997,0,0,0,0,0,0,0,0,0,0
480255,1,1,1997,0,0,0,0,0,0,0,0,0,0
480255,2,1,1997,0,0,0,0,0,0,0,0,0,0
480256,1,1,1997,36,36,36,36,36,36,36,36,36,36
480256,2,1,1997,0,0,0,0,0,13,0,8,0,0
480257,1,1,1997,10,9,20,8,22,7,12,9,21,14
480258,1,1,1997,0,0,0,0,0,0,0,13,5,16
480258,2,1,1997,0,0,0,0,0,0,0,0,0,0
480259,0,1,1997,22,22,22,22,22,22,22,22,22,22
480259,1,1,1997,0,5,0,0,0,0,0,0,14,0
480260,1,1,1997,0,0,0,0,0,0,0,0,0,0
480260,2,1,1997,0,0,0,0,0,0,0,0,0,0
480261,1,1,1997,0,0,0,0,0,0,0,0,0,0
480261,2,1,1997,0,0,0,0,0,0,0,0,0,0
480262,0,1,1997,12,20,0,0,17,0,0,0,0,0
480262,0,2,1997,0,15,0,21,0,0,23,25,0,11
480262,1,1,1997,0,24,5,0,26,0,0,0,22,25
480263,1,1,1997,23,27,16,19,19,0,20,19,15,0
480264,1,1,1997,0,0,0,0,0,0,0,0,0,0
480264,2,1,1997,0,0,0,0,0,0,0,0,0,0
480265,1,1,1997,0,0,0,0,0,0,0,0,0,0
480265,2,1,1997,0,0,0,0,0,0,0,0,0,0
480266,1,1,1997,22,22,22,22,22,22,22,22,22,22
480267,1,1,1997,0,0,0,0,0,0,0,0,14,0
480267,2,1,1997,0,0,0,0,0,33,0,15,8,0
480268,1,1,1997,0,9,0,6,0,16,18,0,0,0
480269,0,1,1997,0,26,14,0,0,10,0,0,0,0
480269,1,1,1997,0,0,0,0,0,0,0,0,0,0
480270,1,1,1997,0,0,0,0,0,0,0,0,0,0
480270,2,1,1997,0,7,0,5,0,9,0,0,13,9
480270,3,1,1997,0,8,0,0,0,0,0,14,0,0
480271,0,1,1997,0,0,0,0,0,0,0,0,0,0
480271,1,1,1997,0,0,0,0,0,26,0,0,0,0
480272,1,1,1997,0,14,0,0,11,0,0,0,0,0
480272,2,1,1997,0,0,7,0,0,3,0,0,0,0
480273,1,1,1997,0,18,0,0,0,18,8,31,21,20
480274,1,1,1997,20,20,20,20,20,20,20,20,20,20
480275,1,1,1997,0,0,15,0,0,0,0,0,0,0
480275,2,1,1997,22,0,0,0,0,0,0,0,0,0
480276,1,1,1997,0,0,17,0,0,0,0,0,0,0
480276,2,1,1997,0,0,0,0,0,0,0,0,0,0
480277,1,1,1997,0,0,0,19,0,18,0,21,22,0
480278,0,1,1997,19,19,19,19,19,19,19,19,19,19
480278,1,1,1997,0,0,0,0,0,0,0,0,0,0
480279,0,1,1997,25,25,25,25,25,25,25,25,25,25
480279,1,1,1997,0,0,12,0,0,0,0,21,0,0
480280,0,1,1997,12,0,0,23,0,17,29,34,0,25
480280,1,1,1997,27,0,0,0,0,0,11,0,0,0
480281,1,1,1997,0,0,0,0,0,12,0,0,13,17
480281,2,1,1997,23,0,0,19,0,19,0,0,0,0
480282,1,1,1997,10,15,22,6,13,44,7,26,0,19
480283,1,1,1997,15,17,6,8,6,7,18,25,20,26
480284,1,1,1997,0,0,0,0,0,0,0,0,0,0
480285,1,1,1997,15,15,15,15,15,15,15,15,15,15
480286,1,1,1997,0,0,0,0,0,0,0,0,0,0
480287,0,1,1997,0,0,0,0,0,0,0,0,0,0
480287,1,1,1997,0,0,0,0,0,0,0,0,0,0
480288,1,1,1997,21,21,21,21,21,21,21,21,21,21
480289,2,1,1997,9,0,0,0,0,0,0,0,0,0
480290,1,1,1997,0,23,40,6,10,17,19,11,13,0
480291,0,1,1997,21,0,25,0,34,8,25,42,0,15
480291,1,1,1997,0,0,7,0,0,19,0,0,0,0
480292,1,1,1997,11,11,11,11,11,11,11,11,11,11
480292,2,1,1997,20,9,11,13,8,0,25,25,0,28
480293,0,1,1997,0,0,0,0,0,0,0,0,0,0
480293,0,2,1997,0,0,0,0,0,0,0,0,0,0
480293,1,1,1997,11,16,0,0,11,8,8,17,0,22
480294,1,1,1997,14,24,4,8,7,15,26,22,14,6
480295,1,1,1997,0,0,0,0,0,0,0,0,0,9
480295,2,1,1997,0,11,0,0,0,0,0,0,0,9
480296,1,1,1997,21,21,21,21,21,21,21,21,21,21
480297,1,1,1997,12,12,12,12,12,12,12,12,12,12
480297,2,1,1997,0,0,0,0,0,0,0,0,0,0
480298,1,1,1997,0,0,0,0,0,0,0,0,0,0
480298,2,1,1997,0,0,0,0,0,0,0,0,0,0
480298,3,1,1997,0,0,0,0,0,0,0,0,0,0
480299,0,1,1997,13,0,0,10,12,25,24,22,0,0
480299,1,1,1997,0,0,0,0,3,0,0,0,0,0
480300,1,1,1997,0,0,0,19,0,0,0,0,17,0
480300,2,1,1997,0,0,0,0,0,19,0,0,0,0
480301,1,1,1997,0,25,0,0,0,0,0,0,0,0
480301,2,1,1997,0,19,0,0,0,3,0,0,0,0
480302,1,1,1997,16,16,16,16,16,16,16,16,16,16
480303,0,1,1997,0,13,16,35,32,0,19,22,0,15
480303,1,1,1997,0,0,0,0,0,0,0,0,0,0
480304,1,1,1997,0,0,0,0,0,0,0,0,0,0
480305,1,1,1997,0,0,0,0,0,0,0,0,0,0
480305,2,1,1997,0,0,0,0,0,0,0,0,0,0
480306,1,1,1997,0,0,0,0,0,0,0,0,0,0
480306,2,1,1997,0,0,0,0,0,2,0,25,0,0
480307,1,1,1997,33,2,8,7,6,25,11,6,14,19
480308,1,1,1997,0,0,3,0,0,0,0,0,0,0
480308,2,1,1997,0,0,0,0,0,0,0,0,0,0
480309,1,1,1997,0,0,0,0,0,0,0,0,0,0
480309,2,1,1997,0,0,0,0,0,0,0,0,0,0
480310,1,1,1997,0,10,0,0,0,0,14,0,0,0
480311,1,1,1997,0,0,0,0,0,0,0,0,0,0
480311,2,1,1997,0,0,25,0,0,0,0,7,0,0
480312,0,1,1997,17,17,17,17,17,17,17,17,17,17
480312,1,1,1997,0,0,0,0,0,0,0,0,0,0
480313,1,1,1997,0,0,0,19,0,20,0,0,0,0
480314,1,1,1997,8,8,8,8,8,8,8,8,8,8
480314,2,1,1997,3,3,3,3,3,3,3,3,3,3
480315,1,1,1997,0,0,0,0,0,0,0,0,0,0
480315,2,1,1997,0,0,0,0,0,0,0,0,0,0
480316,1,1,1997,0,17,0,0,0,0,0,0,0,0
480317,1,1,1997,0,0,0,0,0,0,0,0,0,0
480317,2,1,1997,0,0,0,0,0,0,0,0,0,0
480318,1,1,1997,0,0,0,0,0,0,0,0,0,0
480319,1,1,1997,10,10,10,10,10,10,10,10,10,10
480320,1,1,1997,21,21,21,21,21,21,21,21,21,21
480321,1,1,1997,0,0,0,0,0,0,0,0,0,0
480322,1,1,1997,16,16,16,16,16,16,16,16,16,16
480322,2,1,1997,0,0,0,0,0,0,0,0,0,0
480322,3,1,1997,0,0,0,0,0,0,0,0,16,0
480322,4,1,1997,16,0,0,0,6,0,0,0,11,0
480322,5,1,1997,0,0,0,0,0,0,0,14,0,0
480322,6,1,1997,0,6,0,0,0,0,0,0,0,0
480322,7,1,1997,0,0,0,0,8,0,0,0,0,0
480323,1,1,1997,18,18,18,18,18,18,18,18,18,18
480324,1,1,1997,0,0,0,0,0,0,0,23,0,0
480324,2,1,1997,0,0,0,8,0,0,0,0,0,0
480325,1,1,1997,0,0,0,0,2,0,0,0,0,0
480325,2,1,1997,0,0,0,0,14,0,0,0,0,0
480326,1,1,1997,13,13,13,13,13,13,13,13,13,13
480326,2,1,1997,7,7,7,7,7,7,7,7,7,7
480327,1,1,1997,0,0,0,24,3,13,25,13,0,0
480327,2,1,1997,0,0,0,0,13,10,0,28,0,19
480327,3,1,1997,21,21,21,21,21,21,21,21,21,21
480327,4,1,1997,0,0,0,0,10,0,0,0,0,15
480327,5,1,1997,0,0,0,0,0,0,0,0,0,0
480328,1,1,1997,0,19,0,0,0,0,0,0,4,0
480328,2,1,1997,0,0,0,0,0,0,0,0,0,18
480329,1,1,1997,11,11,11,11,11,11,11,11,11,11
480329,2,1,1997,0,0,0,0,0,0,0,0,0,0
480330,1,1,1997,22,22,22,22,22,22,22,22,22,22
480331,0,1,1997,0,0,0,0,0,0,18,0,0,0
480331,1,1,1997,6,0,0,0,0,0,0,0,0,0
480332,1,1,1997,16,21,13,22,26,14,6,0,17,27
480333,1,1,1997,0,0,0,0,0,0,0,0,0,0
480333,2,1,1997,25,25,25,25,25,25,25,25,25,25
480334,1,1,1997,0,0,0,0,0,0,0,0,0,14
480334,2,1,1997,0,0,0,6,0,36,0,12,20,7
480335,1,1,1997,13,13,13,13,13,13,13,13,13,13
480335,2,1,1997,0,21,7,18,0,0,0,0,0,0
480335,3,1,1997,0,0,0,0,0,0,0,0,0,0
480335,4,1,1997,15,0,0,0,0,0,0,23,14,0
480336,0,1,1997,13,13,13,13,13,13,13,13,13,13
480336,1,1,1997,0,0,0,6,2,0,24,0,0,0
480337,0,1,1997,0,0,0,0,0,0,0,0,0,0
480337,1,1,1997,0,0,0,0,0,0,0,0,0,0
480338,1,1,1997,24,24,24,24,24,24,24,24,24,24
480338,2,1,1997,0,0,0,0,0,0,0,0,0,0
480338,3,1,1997,0,0,0,0,0,0,0,0,0,0
480339,1,1,1997,17,17,17,17,17,17,17,17,17,17
480340,1,1,1997,0,0,0,0,0,0,0,0,0,0
480340,2,1,1997,0,0,0,0,0,0,0,0,0,0
480341,1,1,1997,0,0,0,0,0,0,0,0,0,0
480342,1,1,1997,0,0,0,0,0,0,0,0,0,0
480342,2,1,1997,0,0,0,0,0,0,0,0,0,0
480343,1,1,1997,25,25,25,25,25,25,25,25,25,25
480344,0,1,1997,10,10,10,10,10,10,10,10,10,10
480344,1,1,1997,0,0,0,0,0,0,0,0,0,0
480345,1,1,1997,0,0,0,0,0,0,0,0,0,0
480345,2,1,1997,0,0,0,0,0,10,3,0,0,0
480345,3,1,1997,0,0,0,0,0,0,0,0,0,0
480346,1,1,1997,0,0,0,0,11,0,0,0,0,0
480346,2,1,1997,0,0,0,0,0,0,0,0,0,0
480347,1,1,1997,0,0,0,0,0,0,0,0,0,0
480348,1,1,1997,0,0,0,0,0,0,0,0,0,0
480348,2,1,1997,0,0,0,0,0,0,0,0,0,0
480348,3,1,1997,0,0,0,0,0,0,0,0,0,0
480348,4,1,1997,0,0,0,0,0,0,0,0,0,0
480348,5,1,1997,0,0,0,0,0,0,0,0,0,0
480348,6,1,1997,0,0,0,0,0,0,0,0,0,19
480349,1,1,1997,12,16,0,10,9,11,0,17,17,11
480349,2,1,1997,0,0,2,0,0,0,0,0,0,0
480350,0,1,1997,0,0,0,0,0,0,19,0,0,10
480350,1,1,1997,0,0,0,0,31,0,0,3,0,0
480351,0,1,1997,21,0,0,0,17,0,0,0,0,0
480351,1,1,1997,0,0,0,0,0,21,0,0,0,0
480352,1,1,1997,0,0,0,0,0,0,0,0,0,0
480352,2,1,1997,0,0,0,0,0,0,0,0,0,0
480353,1,1,1997,0,0,0,0,0,3,20,31,0,0
480353,2,1,1997,0,0,0,0,0,0,0,0,0,0
480354,1,1,1997,20,20,20,20,20,20,20,20,20,20
480354,2,1,1997,0,0,0,0,0,0,0,0,0,0
480355,1,1,1997,17,17,17,17,17,17,17,17,17,17
480356,1,1,1997,0,0,0,0,0,0,0,0,0,0
480357,1,1,1997,18,22,12,0,0,18,9,22,27,23
480357,2,1,1997,0,0,0,0,0,16,0,0,0,0
480358,1,1,1997,0,0,0,0,0,0,0,0,0,0
480358,2,1,1997,0,0,0,0,0,0,0,0,0,0
480359,1,1,1997,0,0,0,0,0,0,0,0,0,0
480359,2,1,1997,0,0,0,0,0,0,13,0,0,0
480360,1,1,1997,0,23,0,18,0,20,29,26,12,21
480361,0,1,1997,0,0,0,0,0,0,0,0,0,0
480361,1,1,1997,20,20,20,20,20,20,20,20,20,20
480362,1,1,1997,0,0,0,0,0,0,0,0,0,0
480362,2,1,1997,0,0,0,0,0,0,0,0,0,0
480363,1,1,1997,11,11,11,11,11,11,11,11,11,11