ST_CASE,VEH_NO,PER_NO,YEAR,P1,P2,P3,P4,P5,P6,P7,P8,P9,P10
481406,1,1,1997,0,0,0,0,0,0,5,0,7,0
481406,2,1,1997,0,2,0,0,0,5,0,0,0,0
481407,0,1,1997,15,12,0,28,19,15,28,22,13,18
481407,1,1,1997,0,0,0,0,0,0,0,0,0,0
481408,1,1,1997,0,0,0,0,0,0,0,0,0,0
481408,2,1,1997,0,0,0,0,0,0,0,0,0,0
481409,0,1,1997,0,20,27,0,0,25,0,43,4,0
481409,1,1,1997,0,0,0,0,0,0,0,0,0,0
481410,1,1,1997,0,0,0,0,0,0,0,0,0,0
481411,1,1,1997,40,18,17,17,31,10,9,13,0,4
481411,2,1,1997,0,0,0,0,0,0,0,4,0,0
481412,0,1,1997,0,0,0,0,0,0,0,0,0,0
481412,1,1,1997,8,0,0,0,0,0,0,0,0,0
481413,1,1,1997,36,0,15,0,0,15,0,16,0,13
481413,2,1,1997,8,13,0,0,0,12,0,19,0,25
481414,0,1,1997,23,20,0,38,37,30,23,0,24,0
481414,1,1,1997,0,0,0,0,0,0,0,0,0,0
481415,1,1,1997,22,21,31,17,15,8,0,22,16,14
481416,0,1,1997,0,17,0,0,0,17,17,26,33,0
481416,1,1,1997,8,5,0,18,6,22,9,9,8,3
481417,0,1,1997,0,0,0,0,0,0,0,0,0,0
481417,1,1,1997,0,0,0,5,0,0,0,0,0,0
481418,1,1,1997,0,0,0,23,0,17,0,18,0,0
481419,1,1,1997,0,19,12,0,0,0,0,15,0,0
481420,1,1,1997,23,23,23,23,23,23,23,23,23,23
481421,1,1,1997,0,11,0,0,0,0,0,15,0,0
481421,2,1,1997,0,0,0,0,0,0,4,0,0,0
481422,0,1,1997,35,35,35,35,35,35,35,35,35,35
481422,1,1,1997,0,0,0,0,0,0,0,0,0,0
481423,1,1,1997,25,25,25,25,25,25,25,25,25,25
481423,2,1,1997,0,0,0,0,0,0,0,0,0,0
481424,1,1,1997,0,0,0,0,5,0,0,0,0,0
481424,2,1,1997,0,0,22,0,0,0,0,0,0,0
481425,1,1,1997,4,0,0,0,0,0,11,0,0,8
481426,0,1,1997,0,0,9,0,0,9,11,27,19,15
481426,1,1,1997,0,0,0,14,0,0,36,0,0,0
481427,1,1,1997,15,15,15,15,15,15,15,15,15,15
481428,1,1,1997,0,0,0,0,0,0,0,0,0,0
481428,2,1,1997,0,0,0,0,0,0,0,0,0,0
481429,1,1,1997,9,9,9,9,9,9,9,9,9,9
481430,0,1,1997,13,13,13,13,13,13,13,13,13,13
481430,1,1,1997,7,13,0,0,21,0,0,0,0,22
481431,1,1,1997,20,0,14,35,27,0,16,12,18,0
481432,1,1,1997,0,0,0,0,0,0,0,0,0,0
481432,2,1,1997,0,0,0,0,0,0,0,0,0,0
481433,1,1,1997,0,0,0,0,0,0,0,0,0,0
481434,1,1,1997,40,15,19,25,54,34,22,11,6,19
481435,1,1,1997,0,0,0,0,0,0,0,0,0,0
481435,2,1,1997,0,0,0,0,0,0,0,0,0,0
481436,1,1,1997,26,32,20,18,15,17,29,28,22,17
481437,1,1,1997,14,14,14,14,14,14,14,14,14,14
481438,1,1,1997,0,0,0,0,0,0,0,0,0,0
481438,2,1,1997,0,0,0,0,0,0,0,0,0,0
481439,0,1,1997,0,0,0,0,0,0,0,0,0,0
481439,1,1,1997,0,0,13,0,0,0,20,0,2,18
481440,1,1,1997,14,14,14,14,14,14,14,14,14,14
481441,1,1,1997,0,0,0,23,0,0,0,0,0,0
481441,2,1,1997,0,0,0,0,0,0,0,0,0,0
481442,1,1,1997,9,0,11,0,17,17,0,26,12,19
481442,2,1,1997,0,0,0,0,0,0,0,0,0,0
481443,1,1,1997,0,0,0,0,0,0,0,0,0,0
481444,1,1,1997,0,0,0,0,0,0,0,0,0,0
481445,0,1,1997,16,12,0,0,25,0,0,11,21,0
481445,1,1,1997,0,11,0,0,0,0,0,0,11,0
481446,1,1,1997,0,0,0,0,0,0,0,0,0,0
481447,1,1,1997,0,0,0,0,0,0,0,0,0,0
481448,1,1,1997,0,0,0,0,0,0,0,0,0,0
481448,2,1,1997,0,0,18,0,0,0,13,0,0,0
481449,0,1,1997,0,12,40,0,0,0,0,0,0,7
481449,1,1,1997,0,14,0,0,0,0,0,40,0,0
481450,1,1,1997,0,8,0,0,0,0,0,0,0,0
481450,2,1,1997,0,0,0,0,0,0,0,0,0,0
481451,0,1,1997,11,9,7,24,25,6,18,0,0,3
481451,0,2,1997,14,0,0,0,0,0,0,0,0,31
481451,0,3,1997,0,0,0,0,0,0,0,0,0,0
481451,0,4,1997,0,0,0,0,0,0,0,0,0,0
481451,1,1,1997,7,7,7,7,7,7,7,7,7,7
481452,1,1,1997,1,1,1,1,1,1,1,1,1,1
481453,1,1,1997,0,0,0,0,0,0,0,0,0,0
481453,2,1,1997,0,0,0,0,0,0,0,0,0,0
481454,1,1,1997,0,0,0,0,0,0,0,0,5,0
481455,1,1,1997,19,0,9,0,0,0,28,34,0,0
481455,2,1,1997,0,0,0,0,0,0,0,0,0,0
481455,3,1,1997,0,0,0,0,0,0,0,0,0,0
481456,1,1,1997,0,0,0,0,0,0,0,0,0,0
481457,1,1,1997,18,18,18,18,18,18,18,18,18,18
481457,2,1,1997,6,0,0,9,21,0,0,0,0,0
481458,1,1,1997,0,1,0,6,0,0,0,0,9,0
481459,1,1,1997,11,0,0,21,0,0,0,0,0,0
481460,1,1,1997,31,18,5,0,13,16,16,11,19,13
481460,2,1,1997,22,12,0,0,0,0,0,0,0,0
481461,1,1,1997,22,31,38,0,0,29,18,2,40,0
481462,1,1,1997,0,0,0,10,0,0,0,23,0,0
481463,0,1,1997,39,7,7,33,32,26,28,37,15,36
481463,1,1,1997,0,0,4,0,0,0,0,0,0,0
481464,1,1,1997,0,0,0,0,0,0,0,0,0,0
481465,1,1,1997,0,23,7,20,10,0,9,12,19,0
481466,1,1,1997,0,0,0,0,0,0,0,0,0,0
481466,2,1,1997,0,0,0,0,0,0,0,0,0,0
481467,1,1,1997,0,7,0,0,12,19,0,0,0,23
481468,1,1,1997,6,13,22,30,0,19,31,16,18,16
481469,1,1,1997,0,0,0,0,0,0,0,0,0,0
481470,0,1,1997,26,22,0,34,23,15,28,16,20,22
481470,1,1,1997,0,0,0,0,0,0,0,0,0,0
481471,1,1,1997,0,0,0,0,0,0,0,0,0,0
481472,1,1,1997,16,18,25,19,22,34,16,18,17,25
481473,1,1,1997,8,8,8,8,8,8,8,8,8,8
481474,1,1,1997,0,0,0,0,0,0,0,0,0,0
481475,1,1,1997,0,0,0,0,0,0,0,0,0,0
481475,2,1,1997,25,25,25,25,25,25,25,25,25,25
481476,0,1,1997,19,0,10,0,10,9,15,0,32,0
481476,1,1,1997,0,0,0,0,18,0,0,0,0,0
481477,1,1,1997,12,19,0,0,0,15,17,13,0,7
481478,1,1,1997,7,0,0,0,0,0,0,0,0,0
481478,2,1,1997,0,0,0,0,0,0,0,0,0,0
481479,1,1,1997,0,0,0,0,0,0,0,0,0,0
481479,2,1,1997,0,0,0,0,0,0,0,0,0,0
481480,0,1,1997,30,30,30,30,30,30,30,30,30,30
481480,1,1,1997,4,0,0,0,17,16,0,0,20,0
481481,1,1,1997,13,14,18,39,23,11,0,0,32,0
481482,1,1,1997,0,0,0,0,0,0,0,0,0,0
481482,2,1,1997,0,0,0,0,0,0,0,0,0,0
481484,1,1,1997,0,0,0,0,0,0,0,0,0,0
481484,2,1,1997,0,0,0,0,0,0,0,0,0,0
481485,1,1,1997,0,0,0,0,0,0,0,0,0,0
481485,2,1,1997,0,0,0,0,0,0,0,24,0,0
481486,1,1,1997,10,10,10,10,10,10,10,10,10,10
481487,0,1,1997,0,0,0,0,0,0,0,0,0,0
481487,1,1,1997,0,0,0,0,0,0,0,0,0,0
481488,1,1,1997,6,24,7,12,9,18,32,21,10,24
481489,1,1,1997,0,0,0,0,0,0,0,0,0,0
481489,2,1,1997,0,0,0,0,0,0,0,0,0,0
481490,1,1,1997,0,0,0,0,0,0,0,0,0,0
481491,1,1,1997,12,0,15,0,0,0,0,0,0,0
481491,2,1,1997,15,0,0,0,0,0,0,0,0,0
481492,1,1,1997,0,0,0,0,0,0,0,0,0,0
481492,2,1,1997,17,17,17,17,17,17,17,17,17,17
481493,1,1,1997,0,0,4,0,0,0,0,0,0,0
481494,0,1,1997,0,0,20,17,15,0,28,27,21,25
481494,1,1,1997,0,0,12,0,0,0,0,0,0,0
481495,1,1,1997,0,0,0,0,0,0,0,0,0,0
481496,1,1,1997,0,0,0,0,0,0,0,0,0,0
481496,2,1,1997,0,0,0,0,0,0,0,0,17,0
481496,3,1,1997,0,10,0,0,0,0,0,6,0,0
481497,1,1,1997,0,0,0,0,0,0,0,0,0,0
481497,2,1,1997,12,0,0,0,0,0,0,0,0,0
481498,1,1,1997,15,25,24,21,0,24,26,17,17,13
481499,1,1,1997,0,8,7,15,11,19,7,25,19,16
481500,0,1,1997,27,27,27,27,27,27,27,27,27,27
481500,1,1,1997,0,0,0,0,0,0,0,0,0,0
481501,1,1,1997,4,4,4,4,4,4,4,4,4,4
481501,2,1,1997,0,0,0,0,22,0,0,0,0,0
481501,3,1,1997,0,0,0,0,0,0,0,0,0,0
481501,4,1,1997,0,0,0,0,0,0,0,0,0,0
481502,0,1,1997,20,22,34,16,0,0,15,31,10,25
481502,1,1,1997,15,15,15,15,15,15,15,15,15,15
481503,1,1,1997,7,7,7,7,7,7,7,7,7,7
481504,1,1,1997,0,0,0,0,4,0,0,0,0,0
481504,2,1,1997,0,0,0,0,0,0,0,0,0,0
481505,0,1,1997,0,29,0,35,23,31,23,17,0,6
481505,1,1,1997,7,2,25,8,20,9,0,3,10,17
481506,1,1,1997,0,17,0,0,0,0,0,0,0,0
481506,2,1,1997,0,0,0,0,0,0,0,0,0,0
481507,1,1,1997,6,6,6,6,6,6,6,6,6,6
481508,0,1,1997,19,24,19,46,13,36,12,38,4,16
481508,1,1,1997,0,0,0,0,0,0,13,0,0,0
481509,1,1,1997,0,0,0,0,0,0,0,11,0,0
481509,2,1,1997,19,13,7,14,26,11,0,22,0,9
481510,1,1,1997,9,9,9,9,9,9,9,9,9,9
481511,0,2,1997,8,8,8,8,8,8,8,8,8,8
481511,0,3,1997,0,0,0,0,0,0,0,0,0,0
481511,1,1,1997,0,13,16,0,12,0,20,17,0,0
481512,1,1,1997,0,0,0,0,0,0,0,0,10,0
481512,2,1,1997,0,0,26,0,0,0,0,0,0,0
481513,0,1,1997,14,17,0,0,13,30,13,23,11,8
481513,1,1,1997,47,0,14,20,10,9,10,0,0,0
481514,1,1,1997,10,10,10,10,10,10,10,10,10,10
481514,2,1,1997,0,0,14,0,0,0,0,0,0,0
481515,1,1,1997,25,25,25,25,25,25,25,25,25,25
481516,0,1,1997,0,34,39,29,0,0,0,24,0,0
481516,0,2,1997,18,6,45,14,0,0,0,0,33,0
481516,0,3,1997,10,3,0,0,23,0,0,42,0,21
481516,1,1,1997,0,0,0,0,0,0,0,0,0,0
481517,1,1,1997,0,0,0,0,8,0,0,0,0,4
481517,2,1,1997,0,0,0,0,0,0,0,0,0,0
481518,1,1,1997,0,0,0,0,0,0,0,0,0,0
481518,2,1,1997,28,28,28,28,28,28,28,28,28,28
481519,1,1,1997,0,9,0,11,0,0,17,6,0,0
481519,2,1,1997,0,0,0,0,0,12,0,0,0,0
481520,1,1,1997,29,29,29,29,29,29,29,29,29,29
481521,1,1,1997,16,16,16,16,16,16,16,16,16,16
481522,1,1,1997,0,0,0,0,0,0,0,0,0,0
481523,1,1,1997,16,0,0,0,0,0,12,0,21,0
481524,1,1,1997,0,0,0,0,0,0,0,0,0,0
481524,2,1,1997,0,0,0,0,15,0,0,0,0,0
481525,1,1,1997,20,0,0,18,8,16,19,12,8,22
481526,1,1,1997,0,0,7,0,0,0,10,23,0,0
481527,1,1,1997,0,0,0,0,0,0,0,0,0,0
481527,2,1,1997,0,0,0,0,0,0,6,0,0,0
481528,1,1,1997,4,4,4,4,4,4,4,4,4,4
481529,1,1,1997,11,15,9,10,8,24,47,6,22,0
481530,1,1,1997,0,0,0,0,0,0,0,0,0,0
481531,1,1,1997,0,0,0,0,0,0,0,0,0,0
481532,1,1,1997,0,0,0,0,0,0,19,0,15,0
481533,1,1,1997,0,0,0,0,0,0,20,7,17,0
481534,1,1,1997,0,0,0,0,0,0,0,0,0,0
481534,2,1,1997,0,0,0,0,0,0,0,0,0,0
481535,1,1,1997,0,0,0,0,0,0,0,0,0,0
481536,1,1,1997,0,0,0,0,0,3,0,0,0,0
481536,2,1,1997,0,0,0,0,0,0,0,0,0,0
481536,3,1,1997,7,0,0,0,0,0,0,0,0,0
481536,4,1,1997,0,0,0,0,0,0,0,0,0,0
481537,1,1,1997,0,0,0,0,0,0,0,0,0,0
481537,2,1,1997,0,0,0,0,0,0,0,0,0,0
481538,1,1,1997,0,0,0,0,0,0,0,0,0,0
481538,2,1,1997,0,0,0,0,0,0,0,0,0,0
481539,1,1,1997,0,0,0,0,0,9,0,0,0,0
481539,2,1,1997,15,31,15,18,15,21,25,15,11,21
481539,3,1,1997,0,0,0,0,23,0,0,0,0,5
481540,1,1,1997,0,0,17,6,0,19,26,12,0,10
481541,1,1,1997,0,31,0,0,0,17,0,0,0,14
481542,1,1,1997,0,0,0,0,0,0,0,0,0,0
481542,2,1,1997,0,0,0,0,0,0,0,0,0,0
481543,1,1,1997,0,0,0,0,0,0,0,0,0,0
481543,2,1,1997,0,0,0,0,0,0,0,0,0,0
481544,1,1,1997,23,0,0,0,0,0,0,0,0,7
481544,2,1,1997,0,0,0,0,0,0,0,0,0,0
481545,1,1,1997,0,0,0,0,0,0,0,0,0,0
481545,2,1,1997,0,0,0,4,0,0,0,0,0,0
481545,3,1,1997,0,0,0,0,0,0,0,0,0,0
481545,4,1,1997,0,0,0,0,0,0,0,0,0,0
481545,5,1,1997,0,0,0,0,0,0,0,0,0,0
481545,6,1,1997,0,0,0,0,0,0,0,0,0,0
481546,1,1,1997,0,0,0,0,0,0,0,0,0,0
481546,2,1,1997,0,0,0,0,0,0,0,0,0,0
481547,1,1,1997,0,0,0,0,0,0,0,0,0,0
481547,2,1,1997,0,0,0,0,0,0,0,0,0,0
481548,1,1,1997,0,0,0,0,0,0,0,11,0,0
481548,2,1,1997,0,0,0,0,0,0,0,0,0,0
481549,1,1,1997,22,0,0,0,0,4,0,0,0,0
481550,1,1,1997,0,0,0,0,0,0,0,0,0,0
481551,1,1,1997,21,21,21,21,21,21,21,21,21,21
481551,2,1,1997,9,0,0,0,0,0,0,4,0,7
481551,3,1,1997,0,0,0,0,0,0,0,0,0,0
481551,4,1,1997,0,0,11,0,0,0,0,0,0,0
481552,1,1,1997,19,19,19,19,19,19,19,19,19,19
481553,1,1,1997,8,0,12,0,0,0,0,0,0,0
481553,2,1,1997,14,14,14,14,14,14,14,14,14,14
481554,0,1,1997,12,12,12,12,12,12,12,12,12,12
481554,1,1,1997,0,0,0,0,0,0,23,9,0,0
481555,1,1,1997,0,0,0,7,0,0,0,0,0,0
481555,2,1,1997,0,0,0,0,0,0,5,0,0,0
481556,1,1,1997,20,30,22,13,48,0,16,26,11,15
481557,1,1,1997,0,7,0,9,0,9,9,0,0,0
481558,1,1,1997,0,0,0,0,0,0,0,0,0,0
481558,2,1,1997,0,0,0,0,0,0,0,0,0,0
481559,1,1,1997,0,0,0,0,0,0,0,0,0,0
481559,2,1,1997,0,0,0,0,0,0,0,0,0,0
481560,1,1,1997,16,16,16,16,16,16,16,16,16,16
481561,1,1,1997,8,8,8,8,8,8,8,8,8,8
481561,2,1,1997,12,12,12,12,12,12,12,12,12,12
481562,0,1,1997,0,0,0,0,0,13,0,0,0,15
481562,0,2,1997,19,0,0,0,0,0,10,0,0,5
481562,1,1,1997,0,8,0,0,0,0,0,0,0,0
481563,1,1,1997,0,0,0,0,0,0,0,0,0,0
481563,2,1,1997,9,9,9,9,9,9,9,9,9,9
481564,1,1,1997,17,17,17,17,17,17,17,17,17,17
481564,2,1,1997,0,0,0,0,0,0,0,0,0,0
481565,1,1,1997,0,0,0,0,0,0,0,0,0,0
481565,2,1,1997,0,0,0,0,19,0,0,0,0,0
481566,1,1,1997,0,15,0,0,7,14,0,30,0,0
481566,2,1,1997,0,0,0,0,0,0,0,0,0,0
481567,1,1,1997,17,0,0,23,0,0,0,16,0,0
481568,1,1,1997,24,24,24,24,24,24,24,24,24,24
481569,1,1,1997,22,0,0,0,0,0,0,14,0,0
481570,1,1,1997,7,7,7,7,7,7,7,7,7,7
481570,2,1,1997,0,0,0,7,0,0,0,0,0,0
481570,3,1,1997,0,15,0,0,0,0,0,16,0,17
481571,1,1,1997,0,0,0,0,0,0,0,0,0,0
481571,2,1,1997,0,0,0,0,0,0,0,0,0,0
481572,1,1,1997,5,5,5,5,5,5,5,5,5,5
481573,1,1,1997,19,19,19,19,19,19,19,19,19,19
481574,0,1,1997,19,20,0,53,0,31,0,0,0,0
481574,1,1,1997,0,0,0,0,0,0,0,0,0,0
481575,1,1,1997,0,0,0,0,0,0,0,0,0,0
481575,2,1,1997,8,0,0,0,0,0,0,0,0,0
481576,1,1,1997,0,0,0,0,0,0,0,0,0,0
481576,2,1,1997,12,0,6,0,0,0,0,0,0,10
481577,1,1,1997,0,0,0,8,0,0,14,10,0,0
481577,2,1,1997,15,15,15,15,15,15,15,15,15,15
481578,1,1,1997,9,9,9,9,9,9,9,9,9,9
481578,2,1,1997,0,0,0,0,0,0,0,0,0,0
481579,1,1,1997,15,15,15,15,15,15,15,15,15,15
481580,1,1,1997,0,0,0,0,0,0,0,0,0,0
481581,1,1,1997,0,0,0,0,0,0,0,0,0,0
481582,1,1,1997,0,0,0,0,0,0,0,0,0,0
481582,2,1,1997,0,0,0,0,0,0,0,0,0,0
481583,1,1,1997,0,0,0,0,0,0,0,0,5,0
481584,1,1,1997,0,0,0,0,0,0,0,0,0,0
481585,1,1,1997,0,10,0,0,0,0,0,0,0,0
481585,2,1,1997,0,0,0,0,0,0,0,0,0,0
481585,3,1,1997,0,0,0,0,6,0,0,0,0,0
481586,0,1,1997,0,0,0,0,0,0,0,0,0,0
481586,1,1,1997,0,0,0,0,0,0,0,0,0,0
481587,1,1,1997,0,0,0,0,0,0,0,0,0,0
481587,2,1,1997,0,0,0,0,0,0,0,0,0,0
481588,1,1,1997,0,0,0,0,0,0,0,0,0,0
481588,2,1,1997,0,0,0,0,0,0,0,0,0,0
481589,1,1,1997,25,25,25,25,25,25,25,25,25,25
481590,1,1,1997,0,0,0,0,0,0,0,0,0,0
481590,2,1,1997,0,0,0,0,0,0,0,0,0,0
481590,3,1,1997,11,11,11,11,11,11,11,11,11,11
481591,0,1,1997,0,0,0,0,0,0,0,0,0,0
481591,1,1,1997,0,0,0,0,0,0,0,0,0,0
481592,1,1,1997,0,0,0,0,0,0,0,0,0,0
481592,2,1,1997,0,0,0,0,0,0,0,0,0,0
481593,0,1,1997,24,24,24,24,24,24,24,24,24,24
481593,1,1,1997,0,0,0,0,0,0,0,0,0,0
481594,1,1,1997,16,16,16,16,16,16,16,16,16,16
481595,1,1,1997,4,4,4,4,4,4,4,4,4,4
481596,1,1,1997,0,0,0,0,0,0,0,0,0,0
481597,0,1,1997,0,0,0,0,0,0,0,0,0,0
481597,1,1,1997,0,0,0,0,0,14,0,0,0,0
481598,0,1,1997,0,0,0,0,0,0,0,0,0,0
481598,1,1,1997,0,0,0,0,0,0,0,0,0,0
481599,1,1,1997,0,0,0,0,0,0,0,31,0,0
481599,2,1,1997,0,0,0,0,0,0,0,0,0,0
481600,1,1,1997,28,28,28,28,28,28,28,28,28,28
481601,1,1,1997,0,0,0,0,0,0,0,0,0,0
481601,2,1,1997,0,0,0,0,0,0,0,0,0,0
481601,3,1,1997,0,0,0,0,0,0,0,0,0,0
481601,4,1,1997,0,0,0,0,0,0,0,0,0,0
481601,5,1,1997,0,0,0,0,0,0,0,0,0,0
481602,1,1,1997,12,12,12,12,12,12,12,12,12,12
481603,1,1,1997,0,8,0,0,0,0,0,5,16,8
481604,1,1,1997,14,0,0,23,0,0,0,0,14,9
481604,2,1,1997,0,0,0,0,0,0,0,0,0,0
481605,1,1,1997,0,0,0,0,0,0,0,0,0,0
481605,2,1,1997,0,0,0,0,0,0,0,0,0,0
481606,1,1,1997,0,0,0,0,0,0,0,0,0,0
481607,0,1,1997,27,27,27,27,27,27,27,27,27,27
481607,1,1,1997,0,0,0,0,0,0,0,0,12,0
481608,1,1,1997,0,0,0,0,0,0,0,0,0,0
481609,1,1,1997,0,0,0,0,0,0,0,0,0,0
481609,2,1,1997,0,0,0,0,0,0,0,0,0,0
481610,1,1,1997,19,19,19,19,19,19,19,19,19,19
481611,1,1,1997,0,0,0,0,0,0,0,0,0,24
481611,2,1,1997,10,0,0,22,13,0,0,0,0,0
481612,1,1,1997,0,0,0,0,0,0,0,0,0,0
481613,1,1,1997,0,0,0,0,0,0,0,0,0,0
481613,2,1,1997,0,0,0,0,6,0,0,0,0,0
481613,3,1,1997,0,42,16,25,23,30,0,3,0,0
481614,0,1,1997,17,0,11,0,0,0,0,0,0,0
481614,1,1,1997,0,0,9,0,0,21,0,0,0,0
481615,1,1,1997,0,0,0,12,0,6,0,0,17,0
481615,2,1,1997,0,0,0,0,0,11,0,0,0,0
481616,1,1,1997,25,25,25,25,25,25,25,25,25,25
481616,2,1,1997,5,11,0,0,0,0,21,0,0,8
481617,1,1,1997,0,0,2,0,0,0,0,0,3,5
481618,1,1,1997,20,20,20,20,20,20,20,20,20,20
481618,2,1,1997,0,0,4,6,0,0,0,18,0,0
481619,1,1,1997,0,0,0,0,0,0,0,0,0,0
481619,2,1,1997,0,0,0,0,0,0,11,0,0,0
481620,1,1,1997,0,0,0,0,0,0,0,0,5,0
481620,2,1,1997,2,0,0,0,0,5,0,0,19,15
481621,1,1,1997,0,0,0,0,0,0,0,11,20,19
481621,2,1,1997,0,0,0,8,0,0,0,0,0,0
481622,1,1,1997,8,0,20,0,0,0,0,0,0,0
481623,1,1,1997,0,0,0,0,0,0,0,0,0,0
481623,2,1,1997,0,0,0,15,0,0,9,0,17,0
481624,1,1,1997,0,0,0,0,0,0,0,0,0,0
481624,2,1,1997,0,0,0,0,0,0,0,0,0,0
481625,1,1,1997,30,30,30,30,30,30,30,30,30,30
481626,1,1,1997,0,0,0,0,0,0,0,7,0,0
481626,2,1,1997,20,20,20,20,20,20,20,20,20,20
481627,1,1,1997,0,0,0,0,0,0,0,0,0,0
481627,2,1,1997,0,9,0,20,12,9,0,12,20,13
481628,1,1,1997,0,0,0,0,0,0,0,0,0,0
481628,2,1,1997,0,0,0,0,0,0,0,0,0,0
481629,1,1,1997,0,0,0,0,0,0,0,0,0,0
481629,2,1,1997,0,0,0,0,0,0,0,0,0,0
481630,1,1,1997,4,22,28,13,13,5,18,33,22,30
481631,1,1,1997,0,0,0,0,0,0,0,0,0,0
481631,2,1,1997,1,0,0,0,11,12,10,16,4,16
481632,1,1,1997,0,20,0,10,19,0,0,8,16,13
481633,1,1,1997,14,14,14,14,14,14,14,14,14,14
481634,1,1,1997,0,0,0,0,0,0,0,0,0,0
481634,2,1,1997,0,0,0,0,0,0,0,0,0,0
481635,1,1,1997,0,0,0,0,0,0,0,0,0,0
481636,1,1,1997,0,0,0,0,0,0,0,0,0,0
481637,1,1,1997,0,0,0,0,0,0,0,0,0,0
481637,2,1,1997,17,17,17,17,17,17,17,17,17,17
481638,1,1,1997,0,0,0,13,25,0,0,0,0,0
481639,1,1,1997,9,9,9,9,9,9,9,9,9,9
481639,2,1,1997,0,0,0,0,0,0,0,0,0,0
481640,1,1,1997,0,0,0,0,0,0,0,0,9,0
481640,2,1,1997,0,0,10,0,0,0,0,0,0,0
481641,1,1,1997,0,0,0,0,0,0,0,0,0,0
481641,2,1,1997,22,22,22,22,22,22,22,22,22,22
481642,1,1,1997,0,0,9,0,11,0,0,0,0,0
481643,1,1,1997,0,0,0,0,0,0,0,0,0,0
481643,2,1,1997,0,0,0,0,0,0,0,0,0,0
481644,1,1,1997,0,0,0,0,0,0,0,0,0,0
481645,1,1,1997,0,0,0,0,0,0,0,0,0,0
481646,1,1,1997,21,21,21,21,21,21,21,21,21,21
481646,2,1,1997,4,4,4,4,4,4,4,4,4,4
481647,1,1,1997,15,0,17,0,11,0,18,0,17,19
481648,0,1,1997,15,15,15,15,15,15,15,15,15,15
481648,1,1,1997,17,18,31,0,11,0,0,10,0,19
481649,1,1,1997,29,29,29,29,29,29,29,29,29,29
481650,1,1,1997,0,0,0,0,0,0,0,0,0,10
481650,2,1,1997,0,0,0,0,14,0,0,4,16,0
481650,3,1,1997,0,0,0,0,0,0,0,4,0,0
481651,1,1,1997,0,0,0,0,0,21,0,0,0,0
481652,1,1,1997,19,0,20,0,24,11,0,12,12,19
481652,2,1,1997,0,0,0,0,0,0,12,0,0,0
481653,1,1,1997,0,0,0,0,0,0,0,0,0,0
481654,1,1,1997,0,0,0,0,0,0,0,0,0,0
481655,1,1,1997,0,0,0,0,0,0,0,0,0,0
481656,1,1,1997,0,0,0,0,0,0,0,0,0,0
481656,2,1,1997,0,0,0,0,0,0,0,0,0,0
481657,1,1,1997,0,0,0,0,0,0,0,0,0,0
481657,2,1,1997,0,0,0,0,0,0,0,19,0,0
481658,0,1,1997,16,0,0,0,0,0,0,0,0,0
481658,1,1,1997,0,34,14,0,0,13,15,0,0,0
481659,1,1,1997,0,0,0,0,0,0,0,0,0,0
481659,2,1,1997,0,12,0,0,18,0,0,0,0,0
481660,1,1,1997,12,11,0,0,0,0,0,0,0,0
481661,1,1,1997,0,0,0,0,0,0,0,0,0,13
481661,2,1,1997,0,0,0,0,0,0,0,0,0,0
481662,1,1,1997,0,0,6,0,0,0,0,0,0,0
481662,2,1,1997,0,0,0,0,0,0,0,0,0,0
481663,1,1,1997,33,7,10,14,19,6,20,13,18,16
481664,1,1,1997,4,0,0,0,3,0,0,16,0,2
481664,2,1,1997,0,0,0,0,0,15,0,0,0,0
481665,1,1,1997,0,0,0,0,0,0,0,0,0,0
481665,2,1,1997,0,0,0,9,22,2,0,0,0,0
481665,3,1,1997,0,0,0,0,0,0,0,0,0,0
481666,1,1,1997,0,0,0,0,14,0,4,28,0,0
481666,2,1,1997,0,0,2,0,0,0,0,0,0,0
481667,0,1,1997,0,0,0,0,0,0,0,0,0,0
481667,1,1,1997,16,12,17,14,0,0,0,0,0,23
481668,0,1,1997,14,14,14,14,14,14,14,14,14,14
481668,1,1,1997,0,0,4,0,6,0,0,0,0,0
481669,1,1,1997,0,0,0,0,0,0,0,0,0,0
481669,2,1,1997,0,0,0,0,0,0,0,0,0,0
481670,1,1,1997,0,0,0,7,25,0,0,23,0,0
481671,1,1,1997,25,25,25,25,25,25,25,25,25,25
481671,2,1,1997,10,10,10,10,10,10,10,10,10,10
481672,1,1,1997,22,0,19,0,0,0,0,0,0,0
481672,2,1,1997,0,0,0,0,0,0,0,0,0,0
481673,1,1,1997,0,0,0,0,0,0,0,0,0,0
481674,1,1,1997,21,23,7,5,10,6,4,3,28,9