ST_CASE,VEH_NO,PER_NO,YEAR,P1,P2,P3,P4,P5,P6,P7,P8,P9,P10
482475,1,1,1997,31,31,31,31,31,31,31,31,31,31
482476,1,1,1997,0,10,15,0,0,0,0,0,0,0
482476,2,1,1997,0,0,0,0,0,0,0,0,0,0
482477,0,1,1997,26,20,24,15,12,44,0,0,14,0
482477,1,1,1997,10,20,14,7,20,8,0,5,3,4
482478,1,1,1997,12,12,12,12,12,12,12,12,12,12
482479,0,1,1997,22,22,22,22,22,22,22,22,22,22
482479,1,1,1997,0,0,0,0,0,0,0,0,0,0
482480,1,1,1997,24,24,24,24,24,24,24,24,24,24
482481,1,1,1997,17,17,17,17,17,17,17,17,17,17
482482,1,1,1997,0,13,0,4,13,0,0,0,0,0
482483,1,1,1997,5,5,5,5,5,5,5,5,5,5
482484,1,1,1997,0,0,0,0,0,0,0,0,0,0
482484,2,1,1997,0,0,0,0,0,0,0,0,0,0
482485,1,1,1997,21,0,10,0,0,0,0,14,24,4
482485,2,1,1997,0,0,0,0,0,0,0,6,0,0
482486,1,1,1997,0,0,0,0,0,0,0,0,12,0
482486,2,1,1997,15,18,16,7,12,7,33,15,11,19
482487,1,1,1997,0,0,0,0,0,0,0,0,0,0
482488,1,1,1997,0,0,27,5,0,0,18,8,0,23
482489,0,1,1997,11,11,11,11,11,11,11,11,11,11
482489,1,1,1997,0,0,0,0,0,0,0,0,0,0
482490,1,1,1997,9,9,9,9,9,9,9,9,9,9
482491,1,1,1997,0,0,0,0,0,0,0,0,0,0
482491,2,1,1997,0,0,0,0,0,0,0,0,0,0
482491,3,1,1997,0,0,0,12,0,0,0,0,0,0
482492,1,1,1997,25,25,25,25,25,25,25,25,25,25
482493,1,1,1997,0,0,0,0,0,0,0,0,0,0
482493,2,1,1997,0,0,0,0,0,0,12,0,0,0
482494,1,1,1997,19,19,19,19,19,19,19,19,19,19
482495,0,1,1997,0,0,0,0,0,0,0,0,0,0
482495,1,1,1997,0,0,6,0,0,0,0,0,0,0
482495,3,1,1997,0,0,0,0,0,0,0,0,0,0
482496,1,1,1997,0,9,2,0,0,13,28,0,0,0
482497,1,1,1997,31,31,31,31,31,31,31,31,31,31
482498,1,1,1997,0,0,0,0,0,0,0,0,0,0
482498,2,1,1997,0,0,0,0,0,0,0,0,14,0
482498,3,1,1997,10,0,0,0,0,0,0,0,0,0
482498,4,1,1997,0,0,0,0,0,0,0,0,0,0
482498,5,1,1997,0,0,0,0,0,0,0,0,0,0
482499,1,1,1997,2,2,2,2,2,2,2,2,2,2
482499,2,1,1997,0,0,0,0,0,0,0,0,0,0
482500,1,1,1997,4,0,12,0,0,7,9,0,25,0
482500,2,1,1997,0,0,0,0,0,0,0,10,0,0
482501,1,1,1997,0,0,0,0,0,0,0,0,0,0
482501,2,1,1997,0,0,0,0,0,0,0,0,0,0
482501,3,1,1997,0,0,0,0,0,0,0,0,0,0
482502,1,1,1997,0,0,0,0,0,0,0,0,0,0
482502,2,1,1997,0,0,0,0,0,0,0,0,0,0
482503,1,1,1997,0,0,0,0,0,0,0,0,0,0
482504,1,1,1997,0,0,0,0,0,0,0,0,0,0
482505,1,1,1997,0,0,11,0,17,0,0,19,0,0
482505,2,1,1997,0,0,0,0,0,0,0,0,0,0
482506,1,1,1997,0,0,0,0,0,0,0,0,0,0
482506,2,1,1997,18,18,18,18,18,18,18,18,18,18
482507,1,1,1997,0,0,0,0,0,0,0,0,0,0
482507,2,1,1997,0,0,0,0,0,0,0,0,0,0
482508,1,1,1997,17,16,6,22,20,21,9,7,3,0
482508,2,1,1997,0,0,0,0,0,0,21,0,21,0
482508,3,1,1997,0,0,0,0,0,0,0,0,0,0
482509,1,1,1997,0,6,4,3,6,0,12,7,5,8
482509,2,1,1997,0,32,0,26,0,35,12,12,0,0
482510,1,1,1997,13,9,17,5,27,15,18,14,7,15
482511,1,1,1997,0,0,0,0,0,0,0,0,0,0
482511,2,1,1997,0,0,0,0,0,0,0,0,0,0
482512,1,1,1997,0,0,0,0,0,0,0,0,0,0
482513,1,1,1997,0,0,0,31,0,0,0,0,0,0
482514,1,1,1997,0,0,0,0,0,0,0,0,0,0
482514,2,1,1997,0,0,0,0,0,0,0,0,0,0
482514,3,1,1997,0,0,0,0,0,0,0,0,0,0
482515,1,1,1997,0,0,0,0,0,0,0,0,0,0
482516,1,1,1997,0,0,0,0,0,0,0,0,0,0
482516,2,1,1997,0,0,0,0,0,0,10,18,0,0
482517,1,1,1997,8,28,9,10,21,8,12,6,13,10
482517,2,1,1997,13,0,0,17,0,0,0,9,16,5
482518,0,1,1997,0,0,0,0,0,0,18,0,37,0
482518,1,1,1997,0,0,0,0,0,0,13,0,0,0
482518,2,1,1997,0,0,24,0,0,22,0,0,0,0
482519,1,1,1997,10,10,10,10,10,10,10,10,10,10
482520,0,1,1997,35,21,0,29,32,0,0,25,9,3
482520,1,1,1997,21,0,9,0,0,0,7,8,6,0
482521,1,1,1997,14,16,19,13,0,17,7,21,35,24
482522,1,1,1997,0,0,0,0,0,0,0,0,0,0
482523,1,1,1997,0,0,0,0,0,0,0,0,0,0
482524,1,1,1997,14,7,22,19,20,15,10,17,13,14
482524,2,1,1997,8,10,20,0,23,23,0,0,0,19
482525,1,1,1997,0,0,0,0,0,0,0,0,0,0
482526,1,1,1997,0,0,7,0,0,0,19,0,0,0
482526,2,1,1997,19,0,0,0,0,0,0,0,0,0
482527,1,1,1997,14,14,14,14,14,14,14,14,14,14
482528,1,1,1997,6,10,28,14,14,5,22,7,17,12
482529,1,1,1997,0,0,0,0,0,0,0,0,0,0
482530,1,1,1997,22,22,22,22,22,22,22,22,22,22
482531,1,1,1997,0,0,0,0,0,0,0,0,0,0
482531,2,1,1997,0,0,0,0,0,24,0,0,0,0
482532,1,1,1997,0,0,0,0,0,0,0,0,0,0
482533,1,1,1997,0,0,0,0,0,0,0,0,0,0
482533,2,1,1997,0,0,6,0,0,0,0,0,0,0
482533,3,1,1997,0,0,0,0,0,0,0,0,0,0
482534,1,1,1997,12,0,0,0,0,0,0,0,0,0
482534,2,1,1997,3,3,3,3,3,3,3,3,3,3
482535,1,1,1997,0,0,0,0,0,0,0,0,0,0
482536,0,1,1997,36,22,18,4,4,29,9,12,20,25
482536,1,1,1997,0,22,0,23,0,0,19,31,11,29
482536,2,1,1997,0,0,0,0,0,0,0,0,0,0
482537,1,1,1997,0,0,0,0,0,0,0,22,0,0
482537,2,1,1997,12,12,12,12,12,12,12,12,12,12
482538,0,1,1997,6,8,0,10,0,0,0,18,38,0
482538,1,1,1997,0,0,0,0,0,0,0,0,0,0
482539,1,1,1997,0,0,0,0,0,0,0,0,0,0
482539,2,1,1997,0,0,0,0,0,0,0,0,0,0
482540,1,1,1997,22,0,0,0,0,0,0,0,0,0
482540,2,1,1997,0,0,0,0,0,0,0,0,0,0
482541,1,1,1997,29,29,29,29,29,29,29,29,29,29
482542,0,1,1997,0,14,25,32,0,0,13,0,12,10
482542,1,1,1997,0,0,0,21,0,10,20,17,0,0
482543,1,1,1997,10,6,9,27,10,13,8,18,23,12
482544,1,1,1997,0,0,0,0,0,0,0,0,0,0
482545,1,1,1997,20,20,20,20,20,20,20,20,20,20
482546,1,1,1997,0,10,0,0,0,0,0,6,0,0
482547,1,1,1997,0,0,0,0,0,0,0,0,0,0
482547,2,1,1997,19,0,0,0,0,0,0,0,0,0
482548,1,1,1997,10,0,0,0,0,0,0,0,0,0
482548,2,1,1997,0,0,0,0,0,7,0,0,0,7
482548,3,1,1997,0,0,0,0,0,0,0,0,0,0
482549,1,1,1997,0,0,0,0,0,0,0,0,0,0
482549,2,1,1997,0,0,0,0,0,0,0,0,0,0
482550,1,1,1997,0,0,0,0,0,0,0,0,0,0
482550,2,1,1997,0,0,0,0,0,0,0,0,0,0
482551,1,1,1997,0,0,0,0,0,0,0,0,0,0
482551,2,1,1997,0,0,0,0,0,0,0,0,0,0
482552,1,1,1997,0,0,0,0,0,0,0,0,0,0
482552,2,1,1997,0,0,0,0,0,0,0,0,0,0
482552,3,1,1997,0,0,0,0,0,0,0,0,0,0
482553,1,1,1997,0,0,16,18,10,15,14,8,21,21
482554,1,1,1997,0,0,0,0,0,0,0,0,0,0
482555,1,1,1997,0,0,0,0,0,0,0,0,0,0
482555,2,1,1997,13,13,13,13,13,13,13,13,13,13
482556,1,1,1997,30,28,15,41,22,16,20,9,6,23
482557,1,1,1997,16,16,16,16,16,16,16,16,16,16
482558,1,1,1997,0,0,0,0,0,0,0,0,0,0
482558,2,1,1997,0,0,0,6,0,0,0,0,0,0
482558,3,1,1997,0,0,0,0,0,0,0,0,0,0
482559,1,1,1997,29,29,29,29,29,29,29,29,29,29
482559,2,1,1997,0,0,0,0,0,0,0,0,5,0
482560,0,1,1997,0,0,0,0,0,0,0,0,0,0
482560,0,2,1997,12,0,0,9,0,0,0,10,17,0
482560,2,1,1997,0,0,0,0,0,0,13,0,0,0
482560,3,1,1997,0,0,0,6,0,0,0,0,18,0
482561,1,1,1997,18,13,20,12,8,23,28,12,18,6
482562,1,1,1997,0,0,17,0,0,0,0,0,0,0
482562,2,1,1997,0,8,0,0,0,0,0,0,0,0
482563,1,1,1997,0,6,0,17,0,0,17,14,0,17
482564,1,1,1997,0,7,0,0,0,15,0,0,11,13
482565,1,1,1997,0,21,0,0,0,0,0,7,0,11
482566,0,1,1997,17,0,21,13,12,19,0,0,0,15
482566,1,1,1997,0,0,0,0,0,0,0,0,0,0
482567,1,1,1997,0,0,0,0,0,0,0,0,0,0
482567,2,1,1997,0,0,0,0,0,0,0,0,0,16
482568,1,1,1997,0,0,0,0,0,0,0,0,0,0
482569,0,1,1997,42,42,42,42,42,42,42,42,42,42
482569,1,1,1997,0,0,0,0,0,0,0,0,0,0
482570,1,1,1997,0,0,0,0,0,0,0,0,0,0
482570,2,1,1997,0,0,0,0,0,0,0,0,0,0
482571,1,1,1997,10,10,10,10,10,10,10,10,10,10
482571,2,1,1997,0,0,0,0,0,22,0,0,0,0
482572,1,1,1997,0,4,0,0,0,0,0,5,0,4
482573,1,1,1997,13,13,13,13,13,13,13,13,13,13
482574,1,1,1997,27,27,27,27,27,27,27,27,27,27
482575,0,1,1997,26,0,0,21,14,22,0,3,0,0
482575,1,1,1997,16,0,0,0,0,0,6,0,0,10
482576,1,1,1997,15,15,15,15,15,15,15,15,15,15
482577,1,1,1997,16,16,16,16,16,16,16,16,16,16
482578,1,1,1997,18,0,0,22,0,0,12,0,0,16
482579,1,1,1997,0,0,0,0,0,0,0,0,0,0
482579,2,1,1997,35,0,0,0,0,0,46,0,0,0
482580,1,1,1997,0,0,0,0,0,11,0,0,0,0
482581,1,1,1997,0,0,0,0,0,14,0,0,0,0
482582,1,1,1997,0,0,0,0,0,0,0,0,0,0
482582,2,1,1997,0,0,8,0,0,0,0,0,0,0
482583,1,1,1997,3,3,3,3,3,3,3,3,3,3
482584,1,1,1997,0,0,0,0,0,0,0,0,0,0
482584,2,1,1997,0,0,0,4,0,0,0,0,0,0
482585,1,1,1997,0,0,0,0,0,0,0,0,0,0
482585,2,1,1997,0,0,0,0,0,0,0,0,0,0
482586,0,1,1997,0,15,23,32,14,0,0,0,0,0
482586,1,1,1997,0,0,0,0,0,0,0,0,28,0
482586,2,1,1997,0,0,0,0,8,0,9,0,0,0
482587,1,1,1997,0,0,0,0,0,0,0,0,0,0
482587,2,1,1997,0,0,0,0,0,0,0,0,0,0
482588,1,1,1997,0,0,0,0,0,0,0,0,0,0
482588,2,1,1997,0,0,7,0,0,0,0,0,0,0
482589,1,1,1997,0,0,0,0,0,0,16,0,0,0
482589,2,1,1997,0,0,0,0,0,0,0,0,0,0
482590,1,1,1997,0,0,0,0,0,0,0,0,0,0
482591,1,1,1997,39,15,23,16,17,21,31,3,14,31
482592,1,1,1997,0,0,0,0,0,0,0,0,0,0
482592,2,1,1997,0,0,0,0,0,0,0,0,0,0
482593,1,1,1997,0,0,0,0,0,0,0,0,0,0
482593,2,1,1997,0,0,0,0,0,0,0,0,0,0
482594,1,1,1997,0,0,0,0,0,0,0,0,0,0
482594,2,1,1997,0,0,0,0,0,0,0,0,12,0
482595,0,1,1997,0,0,0,0,0,0,0,0,0,0
482595,1,1,1997,0,0,0,0,0,0,0,0,0,0
482596,0,1,1997,0,0,0,16,0,25,3,33,17,9
482596,1,1,1997,0,0,0,0,0,0,0,0,0,11
482597,1,1,1997,7,11,10,8,19,8,0,18,15,7
482598,1,1,1997,0,0,0,0,0,0,0,0,0,0
482598,2,1,1997,0,0,0,0,0,0,0,0,0,0
482599,1,1,1997,21,0,10,0,0,0,0,0,0,0
482599,2,1,1997,0,0,0,0,0,0,0,0,0,0
482600,1,1,1997,27,27,27,27,27,27,27,27,27,27
482600,2,1,1997,0,11,0,16,10,6,27,0,13,0
482601,0,1,1997,0,13,8,0,0,0,0,0,0,15
482601,1,1,1997,0,0,0,0,0,0,7,0,5,0
482602,0,1,1997,43,34,30,0,25,34,31,17,25,29
482602,1,1,1997,17,17,17,17,17,17,17,17,17,17
482603,0,1,1997,0,0,0,17,23,0,36,0,0,0
482603,1,1,1997,31,24,8,0,28,19,31,14,27,19
482604,1,1,1997,0,0,0,14,0,18,0,0,0,0
482604,2,1,1997,0,0,0,0,0,0,0,0,0,0
482605,1,1,1997,0,0,0,0,13,0,3,10,0,0
482606,0,1,1997,0,0,0,0,0,0,0,0,0,0
482606,1,1,1997,0,0,9,0,0,0,0,0,0,0
482607,1,1,1997,28,29,25,0,23,19,29,18,29,30
482608,1,1,1997,0,17,17,0,20,31,0,9,0,24
482609,1,1,1997,0,0,0,0,0,0,0,0,0,0
482610,1,1,1997,0,0,35,0,0,0,0,0,7,0
482610,2,1,1997,0,0,0,0,0,0,0,0,0,0
482611,1,1,1997,10,10,10,10,10,10,10,10,10,10
482611,2,1,1997,0,0,0,0,0,0,0,0,17,0
482612,1,1,1997,38,17,0,16,26,27,10,37,0,15
482612,2,1,1997,21,9,0,4,0,0,0,0,0,25
482613,1,1,1997,14,14,14,14,14,14,14,14,14,14
482613,2,1,1997,5,13,4,7,8,0,0,0,17,0
482614,0,1,1997,17,17,17,17,17,17,17,17,17,17
482614,1,1,1997,0,0,0,0,0,0,0,0,0,0
482614,2,1,1997,0,0,0,0,0,0,0,0,0,0
482615,2,1,1997,0,0,0,0,0,0,0,0,0,0
482616,1,1,1997,19,19,19,19,19,19,19,19,19,19
482617,1,1,1997,19,19,19,19,19,19,19,19,19,19
482618,1,1,1997,0,0,0,0,0,0,0,0,0,0
482618,2,1,1997,0,0,0,0,0,0,0,0,0,0
482619,1,1,1997,15,0,0,0,0,17,0,0,0,0
482619,2,1,1997,22,22,22,22,22,22,22,22,22,22
482620,1,1,1997,0,0,0,0,0,27,0,0,0,0
482620,2,1,1997,31,31,31,31,31,31,31,31,31,31
482621,0,1,1997,0,0,0,0,0,0,0,0,0,0
482621,1,1,1997,0,0,0,0,0,0,0,0,0,0
482622,1,1,1997,0,0,0,0,0,0,0,0,0,0
482623,1,1,1997,20,20,20,20,20,20,20,20,20,20
482623,2,1,1997,0,0,0,0,0,0,0,0,0,0
482624,1,1,1997,17,6,7,7,11,0,0,0,0,0
482624,2,1,1997,8,0,0,30,10,0,0,14,0,0
482625,1,1,1997,8,0,0,0,0,0,0,0,0,9
482625,2,1,1997,0,0,0,0,0,0,0,0,0,0
482626,1,1,1997,0,0,0,0,0,0,0,0,0,0
482627,1,1,1997,0,0,0,0,0,0,0,0,0,0
482627,2,1,1997,0,0,0,0,0,0,0,0,0,0
482628,0,1,1997,0,0,16,20,20,32,26,23,28,23
482628,1,1,1997,13,0,0,0,0,0,0,0,0,0
482629,1,1,1997,0,0,0,0,0,0,0,0,0,0
482629,2,1,1997,0,0,0,0,0,0,0,0,0,0
482629,3,1,1997,10,0,0,0,0,0,0,0,0,0
482630,1,1,1997,0,17,0,0,0,0,0,0,0,0
482630,2,1,1997,16,16,16,16,16,16,16,16,16,16
482631,0,1,1997,21,21,21,21,21,21,21,21,21,21
482631,1,1,1997,0,0,0,8,0,0,0,0,0,0
482632,1,1,1997,0,0,0,0,0,0,0,0,0,0
482633,1,1,1997,23,0,0,0,0,0,0,0,0,0
482633,2,1,1997,0,0,0,0,0,0,0,0,0,0
482634,1,1,1997,0,0,0,30,0,0,0,3,0,0
482634,2,1,1997,7,0,0,2,0,0,0,10,0,0
482635,1,1,1997,0,0,0,0,0,0,0,0,0,0
482635,2,1,1997,0,0,0,0,0,0,0,0,0,0
482636,1,1,1997,0,0,0,0,0,0,0,6,0,0
482636,2,1,1997,0,0,0,0,0,0,0,0,0,0
482637,1,1,1997,0,0,0,0,0,0,0,0,0,0
482638,1,1,1997,0,0,0,0,0,0,0,0,0,0
482638,2,1,1997,0,0,0,0,0,0,0,0,0,0
482639,1,1,1997,0,0,0,0,0,0,0,0,0,0
482640,1,1,1997,0,15,6,5,21,0,29,18,19,5
482641,0,1,1997,0,0,29,0,20,17,0,16,0,0
482641,1,1,1997,0,0,0,0,0,0,0,0,0,0
482642,1,1,1997,0,0,0,0,0,0,0,0,0,0
482642,2,1,1997,0,0,0,0,0,0,0,0,0,0
482643,1,1,1997,0,0,0,0,0,11,0,12,0,0
482644,0,1,1997,0,18,10,28,0,0,25,0,13,0
482644,1,1,1997,24,0,0,0,0,0,0,0,0,0
482645,1,1,1997,0,0,0,0,0,0,0,7,0,0
482645,2,1,1997,0,0,0,0,0,0,0,16,0,0
482646,1,1,1997,0,0,0,0,0,0,0,0,0,0
482647,0,1,1997,0,23,18,15,17,12,36,0,18,18
482647,1,1,1997,0,17,0,0,0,0,0,0,0,9
482648,0,1,1997,0,0,0,0,0,0,0,0,0,0
482648,0,2,1997,17,0,7,0,7,0,0,19,0,9
482648,1,1,1997,13,0,20,5,19,19,22,19,14,3
482649,0,1,1997,32,17,27,24,25,13,0,18,12,9
482649,1,1,1997,7,0,0,0,0,0,0,0,0,0
482650,1,1,1997,23,23,23,23,23,23,23,23,23,23
482651,1,1,1997,0,0,0,0,0,0,2,0,7,0
482651,2,1,1997,3,3,3,3,3,3,3,3,3,3
482652,1,1,1997,12,12,12,12,12,12,12,12,12,12
482653,1,1,1997,0,0,0,0,0,0,0,0,17,0
482653,2,1,1997,0,0,0,0,0,0,0,0,0,0
482654,1,1,1997,0,0,0,0,0,0,0,0,0,28
482655,1,1,1997,0,9,0,0,28,0,0,0,0,0
482655,2,1,1997,0,0,7,0,0,0,0,0,0,14
482656,1,1,1997,26,18,13,13,6,9,21,0,0,31
482657,1,1,1997,18,10,23,18,19,22,17,11,15,17
482657,2,1,1997,0,0,17,0,14,21,9,0,22,26
482658,1,1,1997,0,0,32,0,21,14,0,0,0,0
482659,1,1,1997,20,4,20,12,8,19,0,15,0,8
482660,1,1,1997,0,0,0,0,0,0,0,0,0,0
482660,2,1,1997,0,0,0,0,0,0,0,0,0,0
482661,1,1,1997,17,19,10,18,9,20,11,16,19,33
482662,1,1,1997,20,0,0,0,0,0,0,0,0,0
482662,2,1,1997,0,0,18,0,0,0,0,0,0,0
482662,3,1,1997,0,0,0,0,0,0,0,0,0,0
482663,1,1,1997,11,12,30,0,18,10,20,7,24,24
482664,1,1,1997,0,0,0,0,0,0,0,0,0,0
482664,2,1,1997,15,0,0,0,0,0,0,0,0,0
482665,1,1,1997,0,0,0,0,0,0,0,0,0,0
482665,2,1,1997,0,0,0,0,0,0,0,0,0,0
482666,0,1,1997,22,22,22,22,22,22,22,22,22,22
482666,1,1,1997,0,0,0,0,0,0,0,0,0,0
482667,1,1,1997,0,0,14,0,0,0,0,0,0,0
482668,1,1,1997,28,28,28,28,28,28,28,28,28,28
482669,1,1,1997,0,0,0,0,0,0,0,0,0,0
482669,2,1,1997,0,0,0,14,0,0,7,0,0,0
482670,1,1,1997,0,0,0,0,0,0,0,0,0,0
482671,1,1,1997,0,0,0,0,0,0,0,0,0,0
482672,1,1,1997,9,9,9,9,9,9,9,9,9,9
482673,1,1,1997,0,0,0,0,0,0,0,0,0,0
482674,1,1,1997,16,16,16,16,16,16,16,16,16,16
482675,1,1,1997,19,19,19,19,19,19,19,19,19,19
482676,1,1,1997,0,0,0,0,0,0,0,0,0,0
482676,2,1,1997,0,0,0,0,0,0,0,0,0,0
482677,1,1,1997,0,0,0,0,0,0,0,0,0,0
482678,1,1,1997,0,0,0,0,0,0,0,0,0,0
482678,2,1,1997,0,0,0,0,0,0,0,0,0,0
482679,0,1,1997,21,21,21,21,21,21,21,21,21,21
482679,1,1,1997,13,13,13,13,13,13,13,13,13,13
482680,1,1,1997,0,0,0,0,0,0,0,0,0,0
482681,1,1,1997,24,0,0,0,0,0,0,0,0,0
482682,1,1,1997,14,14,12,6,12,23,9,45,5,21
482683,1,1,1997,0,0,0,0,0,0,0,0,0,0
482684,1,1,1997,0,0,0,0,0,0,0,0,0,0
482684,2,1,1997,0,0,0,0,0,0,0,0,0,0
482685,1,1,1997,0,0,0,0,0,0,0,0,0,0
482685,2,1,1997,0,0,0,0,0,0,0,0,0,0
482686,1,1,1997,18,18,18,18,18,18,18,18,18,18
482686,2,1,1997,0,0,22,0,24,0,11,0,0,0
482687,1,1,1997,0,0,0,0,0,0,3,0,0,0
482688,1,1,1997,21,21,21,21,21,21,21,21,21,21
482688,2,1,1997,0,0,0,0,0,0,0,0,0,0
482689,1,1,1997,0,0,0,0,0,0,0,0,0,0
482689,2,1,1997,0,0,0,0,0,0,0,0,0,0
482690,1,1,1997,19,19,19,19,19,19,19,19,19,19
482691,1,1,1997,0,0,0,0,0,0,0,0,0,0
482691,2,1,1997,0,0,0,0,0,0,0,0,0,0
482692,1,1,1997,0,0,0,0,0,0,20,0,0,0
482693,0,1,1997,0,27,0,0,0,0,0,21,22,0
482693,1,1,1997,0,0,10,0,0,0,0,0,0,0
482694,1,1,1997,12,0,0,22,0,0,0,0,0,0
482694,2,1,1997,0,0,0,0,0,0,0,0,0,0
482695,1,1,1997,0,0,0,0,0,0,0,0,0,0
482695,2,1,1997,0,0,0,0,0,0,0,0,0,0
482696,1,1,1997,0,0,0,0,0,0,0,0,0,0
482696,2,1,1997,0,0,0,0,0,0,0,0,0,0
482697,0,1,1997,34,26,0,23,0,7,35,0,52,0
482697,1,1,1997,0,0,4,10,20,0,0,10,23,12
482698,1,1,1997,27,0,19,22,18,20,16,13,0,22
482699,1,1,1997,0,0,0,0,0,0,0,0,0,0
482699,2,1,1997,0,0,0,0,0,0,0,0,0,0
482700,1,1,1997,0,0,0,0,0,0,0,0,0,0
482701,1,1,1997,0,0,0,0,0,0,0,0,0,0
482702,1,1,1997,0,0,0,0,14,0,0,0,0,0
482702,2,1,1997,0,0,0,0,0,0,0,0,0,26
482703,1,1,1997,0,0,0,0,0,0,0,0,0,0
482704,1,1,1997,0,0,16,0,0,15,41,0,5,30
482704,2,1,1997,0,0,0,0,0,0,0,0,12,0
482705,1,1,1997,5,5,5,5,5,5,5,5,5,5
482706,1,1,1997,0,0,0,0,0,0,0,0,0,0
482707,1,1,1997,0,0,15,0,24,0,0,0,0,0
482708,0,1,1997,0,0,0,0,0,0,0,0,0,26
482708,1,1,1997,0,0,0,0,0,0,0,0,0,0
482709,1,1,1997,0,0,0,0,0,0,0,0,0,0
482710,1,1,1997,0,0,0,0,0,0,0,0,0,0
482710,2,1,1997,0,0,0,0,0,0,0,0,0,0
482710,3,1,1997,0,0,0,0,0,0,14,0,0,0
482710,4,1,1997,0,0,0,0,0,0,0,0,0,0
482711,1,1,1997,0,0,0,0,0,0,0,0,0,0
482712,1,1,1997,0,10,16,13,10,30,0,17,0,20
482712,2,1,1997,8,0,0,0,0,22,0,23,0,0
482713,0,1,1997,0,14,0,0,0,0,0,17,0,0
482713,1,1,1997,2,11,37,19,22,4,13,6,16,26
482714,1,1,1997,19,19,19,19,19,19,19,19,19,19
482715,1,1,1997,15,7,18,15,12,11,22,27,6,22
482716,1,1,1997,20,20,20,20,20,20,20,20,20,20
482717,1,1,1997,0,0,0,0,0,0,0,0,0,0
482717,2,1,1997,0,0,0,0,0,0,0,0,0,0
482718,0,1,1997,0,21,0,0,30,0,0,0,31,36
482718,1,1,1997,18,10,9,11,7,11,13,7,20,18
482719,1,1,1997,0,0,0,0,0,0,0,19,13,0
482719,2,1,1997,0,0,22,0,0,0,0,0,27,19
482720,0,1,1997,0,0,0,0,0,0,0,0,0,0
482720,1,1,1997,0,0,0,0,0,0,0,0,0,0
482721,1,1,1997,0,0,0,0,0,0,0,0,0,0
482721,2,1,1997,0,0,0,0,0,0,0,0,0,0
482722,1,1,1997,0,0,0,0,0,0,0,0,0,0
482722,2,1,1997,0,0,0,0,0,0,0,0,0,0
482723,1,1,1997,24,23,9,6,25,13,17,38,17,29
482724,1,1,1997,10,10,10,10,10,10,10,10,10,10
482725,1,1,1997,0,15,12,8,26,0,16,0,7,0
482726,1,1,1997,0,0,0,0,0,0,0,0,0,0
482726,2,1,1997,0,0,0,0,0,0,0,0,0,0
482727,1,1,1997,0,10,0,0,19,0,0,0,0,0
482727,2,1,1997,0,0,0,0,0,0,0,0,0,0
482728,1,1,1997,0,0,0,0,0,0,0,0,0,0
482729,1,1,1997,0,0,0,0,10,20,0,15,0,0
482729,2,1,1997,0,0,6,0,0,0,0,0,0,0
482729,3,1,1997,0,0,15,0,0,0,0,0,0,0
482729,4,1,1997,0,0,0,0,0,0,0,0,0,0
482730,1,1,1997,10,10,10,10,10,10,10,10,10,10
482730,2,1,1997,11,0,0,0,16,0,29,0,28,12
482731,0,1,1997,25,24,0,0,0,0,5,0,0,12
482731,1,1,1997,0,0,0,0,9,23,0,0,0,0
482732,1,1,1997,0,0,12,11,4,0,0,13,0,0
482733,1,1,1997,17,17,17,17,17,17,17,17,17,17
482734,1,1,1997,0,0,0,0,0,0,0,0,0,0
482734,2,1,1997,0,0,0,0,0,0,0,0,0,0
482734,3,1,1997,0,0,0,0,0,0,0,0,0,0
482735,1,1,1997,0,19,0,19,15,0,16,0,0,9
482735,2,1,1997,0,0,0,0,0,0,0,0,0,0
482736,1,1,1997,0,0,0,0,0,0,0,0,0,0
482737,1,1,1997,30,0,26,0,8,0,0,16,0,32
482738,0,1,1997,0,0,34,36,0,0,28,0,0,0
482738,1,1,1997,0,0,0,0,0,0,0,0,2,0
482739,1,1,1997,0,0,0,0,0,0,0,0,0,0
482739,2,1,1997,0,0,0,0,0,0,0,0,0,0
482740,1,1,1997,0,0,34,0,0,0,0,6,0,0
482740,2,1,1997,0,0,0,0,16,0,0,0,0,0
482741,1,1,1997,0,0,0,0,0,0,0,0,14,0
482741,2,1,1997,0,0,0,0,0,0,0,0,0,0
482742,1,1,1997,0,0,0,0,0,0,0,0,0,0
482742,2,1,1997,13,13,13,13,13,13,13,13,13,13
482743,1,1,1997,0,0,0,0,0,0,0,0,0,0
482743,2,1,1997,0,0,0,0,0,0,0,0,0,0
482744,1,1,1997,0,0,0,0,0,0,0,0,0,0
482744,2,1,1997,0,0,0,0,14,0,0,0,0,0
482745,1,1,1997,0,0,0,0,0,0,0,0,0,0