ST_CASE,VEH_NO,PER_NO,YEAR,P1,P2,P3,P4,P5,P6,P7,P8,P9,P10
490190,1,1,1997,0,0,0,0,0,0,0,0,0,0
490190,2,1,1997,0,0,0,0,0,0,0,0,0,0
490191,1,1,1997,5,5,5,5,5,5,5,5,5,5
490192,1,1,1997,0,0,0,0,0,0,0,0,0,0
490192,2,1,1997,0,0,0,0,0,0,0,0,0,0
490193,1,1,1997,0,0,0,0,0,0,0,0,0,0
490193,2,1,1997,0,0,0,0,0,0,0,0,0,0
490194,1,1,1997,0,0,0,0,0,0,0,0,0,0
490195,1,1,1997,0,0,0,0,0,0,0,0,0,0
490196,1,1,1997,0,0,0,0,0,0,0,0,0,0
490197,1,1,1997,0,0,0,0,0,0,0,0,0,0
490197,2,1,1997,0,0,0,0,0,0,0,0,0,0
490198,1,1,1997,0,0,0,0,0,0,0,0,0,0
490198,2,1,1997,0,0,0,0,0,0,0,0,0,0
490199,1,1,1997,0,0,0,0,0,0,0,0,0,0
490199,2,1,1997,0,0,0,0,0,0,0,0,0,0
490200,1,1,1997,24,24,24,24,24,24,24,24,24,24
490201,1,1,1997,0,0,0,0,0,0,0,0,0,0
490201,2,1,1997,0,0,0,0,0,0,0,0,0,0
490202,1,1,1997,0,0,0,0,0,0,0,0,0,0
490203,1,1,1997,0,0,0,0,0,0,0,0,0,0
490203,2,1,1997,0,0,0,0,0,0,0,0,0,0
490204,0,1,1997,0,0,0,0,0,0,0,0,20,0
490204,0,2,1997,0,0,0,0,0,0,0,0,0,0
490204,1,1,1997,0,0,0,0,0,0,0,0,0,0
490205,1,1,1997,0,0,0,0,0,0,0,0,0,0
490206,1,1,1997,0,0,0,0,0,0,0,0,0,0
490206,2,1,1997,0,0,0,0,0,0,0,0,0,0
490207,1,1,1997,0,0,0,0,0,0,0,0,0,0
490208,0,1,1997,0,0,0,0,0,0,0,0,0,0
490208,1,1,1997,0,0,0,0,0,0,0,0,0,0
490209,1,1,1997,0,0,0,0,0,0,0,0,0,0
490210,0,1,1997,0,0,0,0,0,0,0,0,0,0
490210,1,1,1997,0,0,0,0,0,0,0,0,0,0
490211,1,1,1997,0,0,0,0,0,0,0,0,0,0
490212,1,1,1997,0,0,0,0,8,0,0,0,18,0
490213,1,1,1997,0,0,0,0,0,0,0,0,0,0
490214,1,1,1997,0,0,24,0,0,0,0,0,0,0
490214,2,1,1997,0,0,0,0,0,0,0,0,0,0
490215,1,1,1997,0,0,0,0,0,0,0,0,0,0
490215,2,1,1997,0,0,0,0,0,0,0,0,0,0
490216,1,1,1997,0,0,0,0,0,0,0,0,0,0
490216,2,1,1997,0,0,0,0,0,0,0,0,0,0
490217,1,1,1997,0,0,0,0,0,0,0,0,0,0
490218,1,1,1997,0,0,0,0,0,0,0,0,0,9
490219,1,1,1997,0,0,0,0,0,0,0,0,0,0
490220,1,1,1997,0,0,0,0,0,0,0,0,0,0
490220,2,1,1997,0,0,0,0,0,0,0,0,0,0
490221,1,1,1997,0,0,21,0,16,0,11,11,0,6
490222,1,1,1997,0,0,0,0,0,0,0,0,0,0
490223,1,1,1997,15,15,15,15,15,15,15,15,15,15
490223,2,1,1997,0,0,0,0,0,0,0,0,0,0
490224,1,1,1997,0,7,0,0,0,0,0,0,0,0
490224,2,1,1997,0,0,0,0,0,0,0,0,0,0
490225,1,1,1997,0,0,0,0,0,0,0,0,0,0
490226,1,1,1997,21,21,21,21,21,21,21,21,21,21
490226,2,1,1997,0,0,0,0,0,0,0,0,0,0
490227,1,1,1997,16,16,16,16,16,16,16,16,16,16
490227,2,1,1997,0,0,0,0,0,0,0,0,0,0
490228,1,1,1997,0,0,0,0,0,0,0,0,0,0
490229,1,1,1997,0,0,0,0,0,0,0,0,0,0
490229,2,1,1997,0,0,0,0,0,0,0,0,0,0
490229,3,1,1997,0,0,0,0,0,0,0,0,0,0
490230,1,1,1997,0,0,0,0,0,0,0,0,0,0
490230,2,1,1997,0,0,0,0,0,0,0,0,0,0
490231,1,1,1997,0,0,0,0,0,0,0,0,0,0
490231,2,1,1997,0,0,0,0,0,0,0,0,0,0
490232,1,1,1997,0,0,0,0,0,0,0,0,0,0
490233,1,1,1997,17,17,17,17,17,17,17,17,17,17
490234,1,1,1997,0,0,0,0,0,0,0,0,5,0
490235,1,1,1997,0,0,0,0,0,0,0,0,0,0
490236,1,1,1997,0,0,0,0,0,0,0,0,0,0
490237,1,1,1997,16,16,16,16,16,16,16,16,16,16
490238,1,1,1997,0,0,0,0,0,0,0,0,0,0
490238,2,1,1997,0,0,0,0,0,0,0,0,0,0
490239,1,1,1997,0,0,0,0,0,0,0,0,0,0
490240,1,1,1997,11,11,11,11,11,11,11,11,11,11
490241,1,1,1997,0,0,0,0,0,0,0,0,0,0
490241,2,1,1997,0,0,0,0,0,0,0,0,0,0
490242,1,1,1997,0,0,0,0,0,0,0,0,0,0
490243,1,1,1997,0,0,0,0,0,0,0,0,0,0
490245,1,1,1997,0,0,0,0,0,0,0,0,0,0
490245,2,1,1997,0,0,0,0,0,0,0,0,0,0
490246,1,1,1997,0,0,0,0,0,0,0,0,0,0
490247,1,1,1997,0,0,0,0,0,0,0,0,0,0
490248,1,1,1997,0,0,0,0,0,0,0,0,0,0
490249,1,1,1997,16,16,16,16,16,16,16,16,16,16
490250,1,1,1997,13,13,13,13,13,13,13,13,13,13
490250,2,1,1997,0,0,0,0,0,0,0,0,0,0
490251,1,1,1997,0,0,0,0,0,0,0,15,0,0
490252,1,1,1997,0,0,0,0,0,0,0,0,0,0
490252,2,1,1997,0,0,0,0,0,0,0,0,0,0
490253,1,1,1997,9,9,9,9,9,9,9,9,9,9
490254,1,1,1997,0,21,6,20,14,11,22,5,0,7
490255,1,1,1997,0,14,0,0,5,0,28,12,0,0
490256,1,1,1997,0,0,0,0,0,0,0,0,0,0
490256,2,1,1997,0,0,0,0,0,0,0,0,0,0
490256,3,1,1997,0,0,0,0,0,0,0,0,0,0
490257,0,1,1997,9,9,9,9,9,9,9,9,9,9
490257,1,1,1997,0,0,0,0,0,0,0,0,0,0
490258,1,1,1997,0,0,0,0,11,0,0,0,28,0
490259,1,1,1997,20,20,20,20,20,20,20,20,20,20
490259,2,1,1997,0,0,0,0,9,0,0,16,0,13
490260,1,1,1997,0,0,0,0,0,0,0,0,0,0
490261,1,1,1997,0,0,0,0,0,0,0,0,0,0
490261,2,1,1997,0,0,0,0,0,0,0,0,0,0
490262,1,1,1997,0,0,0,0,0,0,0,0,0,0
490263,0,1,1997,10,10,10,10,10,10,10,10,10,10
490263,1,1,1997,0,0,0,5,0,0,0,0,0,0
490264,1,1,1997,12,12,12,12,12,12,12,12,12,12
490265,1,1,1997,0,0,0,0,0,0,0,0,0,0
490265,2,1,1997,0,0,0,0,0,0,0,0,0,0
490266,1,1,1997,2,2,2,2,2,2,2,2,2,2
490266,2,1,1997,0,0,0,0,0,0,0,0,0,0
490267,1,1,1997,0,0,0,0,0,0,0,0,0,0
490267,2,1,1997,0,0,0,0,0,0,0,0,0,0
490268,1,1,1997,0,0,0,0,0,0,0,0,0,0
490268,2,1,1997,0,0,0,0,0,0,0,0,0,0
490269,1,1,1997,0,0,0,0,0,0,0,0,0,0
490270,0,1,1997,0,0,0,0,0,0,0,0,0,0
490270,1,1,1997,0,0,0,0,0,0,0,0,0,0
490271,1,1,1997,0,0,0,0,0,0,0,0,0,0
490272,1,1,1997,4,9,0,20,0,0,0,0,0,0
490273,1,1,1997,14,14,14,14,14,14,14,14,14,14
490274,1,1,1997,0,0,0,0,0,0,0,0,0,0
490275,1,1,1997,0,0,0,0,0,0,0,0,0,0
490275,2,1,1997,0,0,0,0,0,0,0,0,0,0
490276,1,1,1997,0,0,0,0,0,17,0,0,0,0
490277,0,1,1997,0,0,0,0,0,0,0,0,0,0
490277,1,1,1997,0,0,0,0,0,0,0,0,0,0
490278,1,1,1997,0,0,0,0,0,0,0,0,0,0
490278,2,1,1997,0,0,0,0,0,0,0,0,0,0
490279,1,1,1997,0,0,0,0,0,0,0,0,0,0
490279,2,1,1997,0,0,0,0,0,0,0,0,0,0
490281,1,1,1997,19,0,0,18,0,24,0,0,0,19
490281,2,1,1997,0,0,0,0,0,0,0,0,0,0
490282,1,1,1997,0,0,0,0,0,0,0,0,0,0
490282,2,1,1997,0,0,0,0,0,0,0,0,0,0
490282,3,1,1997,0,0,0,0,0,0,0,0,0,0
490283,1,1,1997,7,7,7,7,7,7,7,7,7,7
490283,2,1,1997,0,0,0,0,0,0,0,0,0,0
490284,1,1,1997,0,0,0,0,0,0,0,0,0,0
490284,2,1,1997,0,0,0,0,0,0,0,0,0,0
490285,1,1,1997,0,0,0,0,0,0,0,0,0,0
490285,2,1,1997,0,0,0,0,0,0,0,0,0,0
490286,1,1,1997,0,0,0,0,0,0,0,0,0,0
490286,2,1,1997,0,0,0,0,0,0,0,0,0,0
490286,3,1,1997,0,0,0,0,0,0,0,0,0,0
490287,1,1,1997,0,0,0,0,0,0,0,0,0,0
490287,2,1,1997,17,0,0,0,0,0,0,0,0,0
490288,1,1,1997,17,17,17,17,17,17,17,17,17,17
490289,1,1,1997,19,19,19,19,19,19,19,19,19,19
490290,1,1,1997,0,0,0,0,0,0,0,0,0,0
490291,1,1,1997,2,0,0,0,0,0,0,0,0,0
490291,2,1,1997,0,0,0,0,0,0,0,0,0,28
490292,1,1,1997,0,0,0,0,0,0,0,0,0,0
490293,0,1,1997,0,0,0,0,0,0,0,0,0,0
490293,0,2,1997,0,0,0,0,0,0,0,0,0,0
490293,0,3,1997,0,0,0,0,0,0,0,0,0,0
490293,1,1,1997,0,0,0,0,0,0,0,0,0,0
490294,0,1,1997,0,0,0,0,0,0,0,0,0,0
490294,1,1,1997,0,0,0,0,0,0,0,0,0,0
490295,1,1,1997,0,0,0,0,0,0,0,0,0,0
490295,2,1,1997,0,0,0,0,0,0,0,0,0,0
490296,1,1,1997,0,0,0,0,0,0,0,0,0,0
490297,1,1,1997,0,0,0,0,0,0,0,0,0,0
490298,1,1,1997,0,0,0,0,0,0,0,0,0,0
490298,2,1,1997,0,0,0,0,0,0,0,0,0,0
490299,1,1,1997,0,0,0,0,0,0,0,0,0,0
490301,1,1,1997,0,0,0,0,0,0,0,0,0,0
490301,2,1,1997,0,0,0,0,0,0,0,0,0,0
490302,1,1,1997,0,0,0,0,0,0,0,0,0,0
490302,2,1,1997,0,0,0,0,0,0,0,0,0,0
490303,0,1,1997,0,0,0,0,0,0,0,0,0,0
490303,1,1,1997,0,0,0,0,13,0,0,0,0,0
490304,0,1,1997,0,0,0,0,0,0,0,0,0,0
490304,1,1,1997,0,0,0,0,0,0,0,0,0,0
490305,1,1,1997,0,0,0,0,0,0,0,0,0,0
490305,2,1,1997,0,0,0,0,0,0,0,0,0,0
490306,1,1,1997,0,0,0,0,0,0,6,0,0,0
490306,2,1,1997,0,0,0,0,0,0,20,0,0,0
490306,3,1,1997,0,0,0,0,0,10,0,0,0,0
490307,1,1,1997,0,0,0,0,0,0,0,0,0,0
490307,2,1,1997,0,0,0,0,0,0,0,0,0,0
490308,1,1,1997,0,0,0,0,0,0,0,0,0,0
490309,1,1,1997,0,0,0,0,0,0,0,0,0,0
490309,2,1,1997,0,0,0,0,0,0,0,0,0,0
490310,1,1,1997,0,0,0,0,0,0,0,0,0,0
490311,1,1,1997,0,0,0,0,0,0,0,0,0,0
490311,2,1,1997,0,0,0,0,0,0,0,0,0,0
490311,3,1,1997,0,0,0,0,0,0,0,0,0,0
490312,1,1,1997,0,0,0,0,0,0,0,0,0,0
490312,2,1,1997,0,0,0,0,0,0,0,0,0,0
490313,1,1,1997,0,0,0,0,0,0,0,0,0,0
490313,2,1,1997,0,0,0,0,0,0,0,0,0,0
490314,1,1,1997,0,0,0,0,0,0,0,0,0,0
490314,2,1,1997,0,0,0,0,0,0,0,0,0,0
490315,1,1,1997,0,0,0,0,0,14,0,0,0,0
490315,2,1,1997,0,0,0,5,0,0,0,0,0,0
500001,1,1,1997,0,0,0,0,0,0,24,0,0,0
500001,2,1,1997,0,0,0,0,0,0,0,0,0,0
500002,1,1,1997,8,8,0,9,12,12,18,17,15,5
500003,1,1,1997,14,14,14,14,14,14,14,14,14,14
500003,2,1,1997,0,0,0,0,0,0,0,0,0,0
500004,1,1,1997,24,24,24,24,24,24,24,24,24,24
500005,1,1,1997,0,0,0,0,0,0,0,0,0,0
500006,1,1,1997,14,0,0,0,0,0,0,0,0,0
500006,2,1,1997,0,0,0,0,0,0,0,0,0,0
500006,3,1,1997,0,0,0,0,0,10,0,0,0,0
500006,4,1,1997,0,0,0,0,0,0,0,0,0,0
500006,5,1,1997,0,0,0,0,0,0,0,0,0,0
500007,0,1,1997,8,8,8,8,8,8,8,8,8,8
500007,1,1,1997,0,0,0,0,0,0,0,0,0,0
500008,1,1,1997,0,0,0,0,0,0,0,0,0,0
500009,0,1,1997,0,0,0,0,0,0,0,0,0,0
500009,1,1,1997,0,0,0,0,0,0,0,0,0,0
500010,1,1,1997,0,0,0,0,0,0,0,0,0,0
500010,2,1,1997,0,0,0,0,0,0,0,0,0,0
500011,1,1,1997,0,0,0,0,0,0,0,0,0,0
500012,1,1,1997,0,0,0,0,0,0,0,0,0,0
500012,2,1,1997,0,0,0,0,0,0,0,0,0,0
500013,1,1,1997,28,28,28,28,28,28,28,28,28,28
500014,0,1,1997,0,0,0,0,0,0,0,0,0,0
500014,1,1,1997,0,0,0,0,0,10,0,0,0,0
500015,1,1,1997,0,0,0,0,0,13,0,0,0,0
500015,2,1,1997,0,3,0,0,0,0,17,0,15,28
500016,1,1,1997,0,0,0,0,0,13,0,0,0,0
500016,2,1,1997,0,0,0,0,0,0,0,0,0,0
500016,3,1,1997,0,0,0,0,0,0,0,0,0,0
500016,4,1,1997,0,0,0,0,0,0,0,0,0,0
500016,5,1,1997,0,0,0,0,0,0,0,0,0,0
500017,1,1,1997,17,26,0,0,0,0,0,0,0,0
500018,0,1,1997,0,0,0,0,0,25,0,0,0,0
500018,1,1,1997,32,8,9,17,27,0,14,11,14,29
500019,1,1,1997,12,24,19,16,15,0,4,3,15,5
500019,2,1,1997,0,0,0,0,0,0,0,0,0,9
500020,1,1,1997,21,21,21,21,21,21,21,21,21,21
500021,1,1,1997,0,0,0,0,0,0,0,0,0,0
500021,2,1,1997,0,0,0,0,0,0,0,0,0,0
500022,0,1,1997,0,0,0,0,10,0,0,0,0,0
500022,1,1,1997,0,0,0,0,0,0,0,0,0,0
500023,1,1,1997,25,25,25,25,25,25,25,25,25,25
500023,2,1,1997,0,0,0,0,0,0,0,0,0,0
500024,0,1,1997,19,19,19,19,19,19,19,19,19,19
500024,1,1,1997,0,0,0,0,0,0,0,0,0,0
500025,1,1,1997,0,0,0,0,0,0,0,0,0,0
500026,1,1,1997,0,0,0,0,0,0,0,0,0,0
500027,1,1,1997,0,0,0,0,0,0,0,0,0,0
500028,1,1,1997,26,26,26,26,26,26,26,26,26,26
500029,1,1,1997,36,36,36,36,36,36,36,36,36,36
500030,1,1,1997,18,18,18,18,18,18,18,18,18,18
500030,2,1,1997,0,0,0,0,0,0,7,0,0,0
500031,1,1,1997,0,0,18,11,0,0,14,0,0,11
500031,2,1,1997,0,0,0,0,0,0,0,0,0,0
500032,1,1,1997,0,0,0,0,0,0,0,0,0,0
500032,2,1,1997,0,0,0,0,0,0,0,0,0,0
500032,3,1,1997,0,0,0,0,0,0,0,0,0,0
500033,1,1,1997,7,7,7,7,7,7,7,7,7,7
500034,1,1,1997,7,12,19,16,28,8,0,9,15,15
500035,1,1,1997,0,0,0,0,0,10,0,23,0,0
500035,2,1,1997,0,0,0,0,0,0,0,0,0,0
500035,3,1,1997,0,0,0,0,0,0,0,0,0,0
500036,0,1,1997,0,0,0,0,0,0,0,0,0,0
500036,1,1,1997,0,0,0,0,0,0,0,0,0,0
500036,2,1,1997,0,9,6,4,12,0,10,22,18,14
500037,1,1,1997,36,0,0,0,15,0,0,0,0,15
500038,0,1,1997,0,0,0,0,0,0,0,0,0,0
500038,1,1,1997,0,0,0,0,0,0,0,0,0,0
500038,2,1,1997,0,0,2,0,0,0,0,0,0,0
500039,1,1,1997,0,0,0,0,0,0,0,0,0,0
500039,2,1,1997,0,0,0,0,0,0,0,0,0,0
500040,1,1,1997,0,0,0,0,0,0,0,0,0,0
500040,2,1,1997,0,0,0,0,0,0,0,0,0,0
500040,3,1,1997,0,0,0,0,9,0,0,0,0,0
500041,1,1,1997,0,0,0,0,0,0,0,0,0,0
500042,1,1,1997,16,16,16,16,16,16,16,16,16,16
500042,2,1,1997,0,0,0,0,0,0,0,0,0,0
500043,1,1,1997,0,0,0,0,0,0,0,0,0,0
500044,1,1,1997,0,0,0,0,0,0,0,0,0,0
500044,2,1,1997,0,0,0,0,0,0,0,0,0,0
500045,1,1,1997,15,0,0,0,0,0,0,0,0,0
500045,2,1,1997,0,0,0,0,0,0,0,0,25,0
500045,3,1,1997,0,9,0,0,0,0,0,0,0,0
500046,1,1,1997,0,0,0,0,0,0,0,0,0,0
500046,2,1,1997,0,0,0,0,0,0,0,0,0,0
500047,1,1,1997,0,19,17,42,0,0,14,12,31,25
500048,1,1,1997,22,22,22,22,22,22,22,22,22,22
500049,1,1,1997,0,0,0,0,0,0,0,0,0,0
500050,1,1,1997,24,24,24,24,24,24,24,24,24,24
500050,2,1,1997,4,4,4,4,4,4,4,4,4,4
500051,0,1,1997,0,0,0,0,0,0,0,0,0,0
500051,1,1,1997,0,0,0,0,21,0,0,0,0,0
500052,1,1,1997,0,0,0,0,0,0,0,0,0,0
500052,2,1,1997,0,0,0,0,0,0,0,0,0,0
500053,1,1,1997,11,11,11,11,11,11,11,11,11,11
500053,2,1,1997,0,0,0,0,0,0,0,0,0,15
500054,1,1,1997,18,18,18,18,18,18,18,18,18,18
500055,1,1,1997,0,0,0,0,0,0,0,0,0,0
500055,2,1,1997,0,0,0,0,0,0,0,16,0,0
500056,1,1,1997,18,18,18,18,18,18,18,18,18,18
500057,1,1,1997,0,0,0,39,0,0,0,0,0,0
500058,1,1,1997,0,0,0,0,0,0,0,0,0,0
500058,2,1,1997,0,0,0,0,0,0,0,0,0,0
500059,1,1,1997,0,0,0,0,0,0,0,0,0,0
500060,1,1,1997,14,14,14,14,14,14,14,14,14,14
500060,2,1,1997,0,0,0,0,0,0,0,0,0,0
500060,3,1,1997,7,17,0,6,13,6,4,0,4,0
500061,1,1,1997,8,8,8,8,8,8,8,8,8,8
500061,2,1,1997,0,0,0,0,0,0,0,0,0,0
500062,1,1,1997,3,3,3,3,3,3,3,3,3,3
500063,1,1,1997,0,0,0,0,0,0,0,0,0,0
500063,2,1,1997,0,0,0,0,0,0,0,0,0,0
500064,1,1,1997,0,0,0,0,0,0,0,0,0,0
500064,2,1,1997,0,0,0,0,0,0,0,0,0,0
500065,1,1,1997,19,19,19,19,19,19,19,19,19,19
500066,1,1,1997,0,0,0,0,0,0,0,0,0,0
500067,1,1,1997,0,0,0,0,0,0,0,0,0,0
500067,2,1,1997,0,0,0,0,0,0,0,0,0,0
500068,1,1,1997,0,0,0,0,0,0,0,0,0,0
500069,0,1,1997,20,20,20,20,20,20,20,20,20,20
500069,1,1,1997,0,11,23,12,15,4,14,8,17,29
500070,1,1,1997,0,0,0,0,0,0,0,0,0,0
500070,2,1,1997,8,8,8,8,8,8,8,8,8,8
500071,1,1,1997,24,24,24,24,24,24,24,24,24,24
500072,1,1,1997,0,0,0,0,0,0,0,0,0,0
500072,2,1,1997,0,0,0,0,0,0,0,0,0,0
500073,1,1,1997,22,22,22,22,22,22,22,22,22,22
500073,2,1,1997,0,0,0,0,0,0,0,0,0,0
500074,1,1,1997,0,0,0,0,0,0,0,0,0,0
500074,2,1,1997,8,8,8,8,8,8,8,8,8,8
500075,1,1,1997,0,0,0,0,0,0,0,0,0,0
500076,0,1,1997,33,16,15,17,23,33,21,22,30,31
500076,1,1,1997,0,0,0,0,0,0,0,0,0,0
500077,1,1,1997,0,0,0,0,0,0,0,0,0,0
500077,2,1,1997,0,0,0,0,0,0,0,0,0,0
500078,1,1,1997,0,0,0,0,0,0,0,0,0,0
500078,2,1,1997,0,0,0,0,0,0,0,0,0,0
500079,1,1,1997,0,0,0,0,0,0,0,0,0,0
500079,2,1,1997,0,0,0,0,0,0,0,0,0,0
500080,0,1,1997,0,0,0,0,21,0,0,0,0,0
500081,1,1,1997,0,0,0,26,0,0,0,0,0,0
500082,1,1,1997,0,0,0,0,0,0,0,0,0,0
500082,2,1,1997,0,0,0,0,0,0,0,0,20,0
500083,1,1,1997,0,0,0,0,0,0,0,0,0,0
500084,1,1,1997,0,0,0,0,0,0,0,0,0,0
500084,2,1,1997,0,0,0,0,0,0,0,0,0,0
500085,1,1,1997,36,36,36,36,36,36,36,36,36,36
500086,1,1,1997,0,0,0,0,0,0,0,0,0,0
500087,1,1,1997,0,0,8,0,18,0,0,0,0,0
500088,1,1,1997,0,0,0,0,0,0,0,0,0,0
510001,1,1,1997,16,16,16,16,16,16,16,16,16,16
510002,1,1,1997,0,0,0,0,0,0,18,0,0,0
510002,2,1,1997,0,0,0,0,0,0,0,0,0,0
510002,3,1,1997,0,0,0,0,0,0,0,0,0,0
510003,1,1,1997,0,0,9,7,0,0,8,11,0,9
510004,1,1,1997,17,6,0,0,14,0,14,0,9,0
510005,1,1,1997,0,0,0,0,0,0,0,0,0,0
510005,2,1,1997,0,0,0,0,0,0,0,0,0,0
510006,0,1,1997,0,0,0,0,0,0,0,0,0,0
510006,1,1,1997,0,0,0,0,0,0,0,0,0,0
510007,1,1,1997,0,0,0,0,0,0,0,0,0,0
510007,2,1,1997,0,0,0,0,0,0,0,0,0,0
510008,1,1,1997,0,0,0,0,0,0,0,0,0,0
510009,1,1,1997,39,0,20,0,3,0,18,0,0,0
510010,0,1,1997,0,0,0,0,0,0,0,0,0,0
510010,1,1,1997,0,0,0,0,0,0,0,0,0,0
510011,1,1,1997,0,0,0,0,0,0,0,0,0,0
510011,2,1,1997,0,0,0,0,0,0,0,0,0,0
510012,1,1,1997,0,0,0,0,0,0,0,0,0,0
510012,2,1,1997,5,11,12,10,0,13,12,0,0,9
510013,1,1,1997,0,0,0,0,0,0,0,0,0,0
510014,1,1,1997,12,12,12,12,12,12,12,12,12,12
510015,1,1,1997,24,24,24,24,24,24,24,24,24,24
510016,1,1,1997,0,0,0,0,0,0,0,0,0,0
510016,2,1,1997,0,0,0,0,0,0,0,0,0,0
510017,1,1,1997,26,16,12,10,18,7,20,24,12,6
510017,2,1,1997,0,0,0,0,0,0,0,0,0,0
510018,1,1,1997,0,10,11,0,0,12,0,0,0,0
510019,0,1,1997,15,15,15,15,15,15,15,15,15,15
510019,1,1,1997,0,0,11,0,0,0,0,0,0,0
510020,1,1,1997,0,0,0,0,0,0,0,0,0,0
510021,0,1,1997,0,0,0,0,0,0,0,0,0,0
510021,0,2,1997,0,0,0,0,0,0,0,0,0,0
510021,1,1,1997,8,0,0,0,14,0,0,0,0,0
510022,1,1,1997,9,0,9,0,18,0,16,2,6,8
510023,1,1,1997,3,0,0,0,0,0,0,0,0,14
510023,2,1,1997,20,20,20,20,20,20,20,20,20,20
510024,1,1,1997,0,0,0,0,0,0,0,0,0,0
510024,2,1,1997,0,0,0,0,0,0,0,0,0,0
510025,1,1,1997,0,0,11,0,0,10,0,0,0,0
510025,2,1,1997,0,0,0,0,0,0,0,0,0,0
510026,1,1,1997,0,0,0,0,0,0,0,0,0,0
510027,0,1,1997,31,31,31,31,31,31,31,31,31,31
510027,1,1,1997,0,0,15,0,0,0,0,0,0,0
510028,1,1,1997,0,0,0,0,0,0,0,0,0,0
510028,2,1,1997,0,0,0,0,0,0,0,0,0,0
510029,1,1,1997,35,35,35,35,35,35,35,35,35,35
510030,1,1,1997,0,14,0,19,0,0,0,0,0,0
510030,2,1,1997,0,0,0,0,0,0,0,0,0,0
510031,1,1,1997,14,12,7,22,16,18,12,25,23,37
510032,1,1,1997,0,0,0,0,0,0,0,0,0,0
510032,2,1,1997,21,21,21,21,21,21,21,21,21,21
510033,1,1,1997,24,24,24,24,24,24,24,24,24,24
510034,1,1,1997,12,12,12,12,12,12,12,12,12,12
510035,1,1,1997,0,0,0,0,0,0,0,0,0,0
510035,2,1,1997,17,23,0,18,0,0,0,26,16,6
510036,0,1,1997,0,0,0,0,0,0,0,0,0,0
510036,1,1,1997,0,0,0,0,0,0,0,9,0,0
510037,1,1,1997,9,7,11,11,20,0,21,23,8,10
510037,2,1,1997,0,0,0,0,0,0,0,0,0,8
510038,0,1,1997,0,0,0,0,0,0,0,0,0,0
510038,1,1,1997,0,0,0,0,0,0,0,0,0,0
510039,1,1,1997,10,21,15,18,29,11,14,18,0,27
510039,2,1,1997,2,2,2,2,2,2,2,2,2,2
510040,1,1,1997,0,0,0,0,0,0,0,0,0,0
510040,2,1,1997,0,0,0,0,0,0,0,0,5,0
510041,1,1,1997,1,1,1,1,1,1,1,1,1,1
510042,1,1,1997,11,16,17,12,24,19,9,22,6,19
510042,2,1,1997,11,11,11,11,11,11,11,11,11,11
510043,1,1,1997,0,0,0,0,0,0,0,0,0,0
510043,2,1,1997,0,0,0,0,0,0,0,0,0,0
510044,1,1,1997,8,8,8,8,8,8,8,8,8,8
510044,2,1,1997,13,13,13,13,13,13,13,13,13,13
510045,1,1,1997,13,2,3,7,6,17,7,12,11,10
510045,2,1,1997,17,7,0,13,0,9,23,10,14,38
510046,1,1,1997,0,0,0,0,0,0,0,0,0,0
510047,1,1,1997,0,0,0,0,0,0,0,0,0,0
510048,1,1,1997,0,0,0,0,0,0,0,0,0,0
510049,1,1,1997,0,13,0,0,0,13,11,0,0,16
510049,2,1,1997,2,2,2,2,2,2,2,2,2,2
510050,1,1,1997,7,7,7,7,7,7,7,7,7,7
510051,1,1,1997,0,0,0,0,0,0,0,0,0,0
510052,1,1,1997,0,0,0,0,0,0,0,0,0,0
510053,1,1,1997,0,0,0,0,0,0,0,0,0,0
510053,2,1,1997,0,0,0,0,0,0,0,0,0,12
510054,1,1,1997,0,0,0,0,0,0,0,0,0,0
510054,2,1,1997,0,0,0,0,0,0,0,0,0,0
510055,1,1,1997,0,0,0,0,0,0,0,0,0,0
510056,1,1,1997,0,0,0,0,0,0,0,0,0,0
510056,2,1,1997,0,0,0,0,0,0,0,0,0,0
510056,3,1,1997,0,0,0,0,0,8,8,0,0,0
510057,1,1,1997,0,0,0,0,0,0,0,0,0,0
510058,1,1,1997,0,0,0,0,0,0,0,0,0,0
510058,2,1,1997,0,0,0,0,0,0,0,0,0,0
510059,1,1,1997,0,0,0,0,0,0,0,0,0,0
510059,2,1,1997,0,0,0,0,0,0,0,0,0,0
510060,1,1,1997,14,14,14,14,14,14,14,14,14,14
510061,1,1,1997,0,0,0,0,0,0,0,0,0,0
510062,1,1,1997,0,0,0,0,0,0,0,0,0,0
510063,1,1,1997,0,0,0,0,0,0,0,0,0,0
510064,1,1,1997,0,0,0,0,0,0,0,0,0,0
510064,2,1,1997,0,0,0,0,0,0,0,0,0,0
510065,1,1,1997,0,0,0,0,0,0,0,0,0,11
510065,2,1,1997,0,0,0,0,0,0,0,0,0,0
510066,0,1,1997,0,0,0,0,0,0,0,0,0,0
510066,1,1,1997,0,0,0,0,0,0,0,0,0,0
510067,0,1,1997,0,0,0,0,0,0,0,0,0,0
510067,1,1,1997,0,0,0,0,0,0,0,0,0,0
510068,1,1,1997,15,15,15,15,15,15,15,15,15,15
510069,1,1,1997,17,17,17,17,17,17,17,17,17,17
510070,1,1,1997,18,25,22,7,16,0,57,11,17,22
510070,2,1,1997,13,13,13,13,13,13,13,13,13,13