ST_CASE,VEH_NO,PER_NO,YEAR,P1,P2,P3,P4,P5,P6,P7,P8,P9,P10
510342,1,1,1997,13,13,13,13,13,13,13,13,13,13
510343,1,1,1997,23,23,23,23,23,23,23,23,23,23
510344,1,1,1997,0,0,0,0,0,0,0,0,0,0
510345,1,1,1997,28,28,28,28,28,28,28,28,28,28
510346,1,1,1997,2,2,2,2,2,2,2,2,2,2
510347,1,1,1997,25,25,25,25,25,25,25,25,25,25
510348,1,1,1997,0,0,0,0,0,0,0,0,0,0
510348,2,1,1997,0,0,0,0,0,0,0,0,0,0
510349,1,1,1997,24,24,24,24,24,24,24,24,24,24
510350,1,1,1997,12,11,13,16,20,25,24,16,13,19
510351,1,1,1997,0,0,0,0,0,0,0,0,0,0
510352,1,3,1997,0,0,0,0,0,23,36,0,0,14
510353,1,1,1997,0,0,0,0,0,0,0,0,0,0
510353,2,1,1997,0,0,0,0,0,0,0,0,16,0
510354,1,1,1997,0,0,0,0,0,0,0,0,0,0
510355,1,1,1997,8,4,17,18,19,0,16,5,8,16
510356,1,1,1997,5,5,5,5,5,5,5,5,5,5
510357,1,1,1997,26,18,22,0,14,25,0,26,12,0
510358,1,1,1997,28,28,28,28,28,28,28,28,28,28
510359,0,1,1997,12,20,31,27,0,8,11,22,29,14
510359,1,1,1997,11,12,31,3,5,0,19,19,23,12
510360,1,1,1997,0,0,0,0,0,0,0,0,0,0
510360,2,1,1997,0,0,0,0,0,0,0,0,0,10
510361,1,1,1997,0,0,0,0,0,0,0,0,0,0
510361,2,1,1997,0,0,0,0,0,0,0,0,0,0
510361,3,1,1997,0,0,0,0,0,0,0,0,0,0
510361,4,1,1997,0,0,0,0,0,0,0,0,0,0
510362,1,1,1997,0,0,0,0,0,0,0,0,0,0
510363,1,1,1997,0,0,0,0,0,0,0,0,0,0
510363,2,1,1997,0,0,0,0,0,0,0,0,0,0
510364,1,1,1997,13,17,0,14,21,15,0,16,17,12
510365,1,1,1997,13,20,18,25,17,25,5,19,5,32
510366,1,1,1997,0,0,0,18,0,0,0,0,0,0
510367,1,1,1997,0,0,0,0,0,0,0,0,0,0
510368,1,1,1997,31,31,31,31,31,31,31,31,31,31
510369,1,1,1997,5,15,19,18,17,26,19,29,27,11
510370,1,1,1997,14,14,14,14,14,14,14,14,14,14
510371,1,1,1997,13,13,13,13,13,13,13,13,13,13
510372,1,1,1997,12,21,8,17,19,8,35,14,27,11
510373,1,1,1997,0,0,0,0,0,0,0,0,0,0
510373,2,1,1997,0,0,0,0,0,0,0,0,0,0
510374,1,1,1997,0,0,0,0,0,12,0,0,0,0
510374,2,1,1997,0,0,0,0,0,0,0,0,0,0
510375,1,1,1997,0,0,0,0,0,0,0,0,0,0
510375,2,1,1997,0,0,0,0,0,0,0,0,0,0
510376,1,1,1997,20,20,20,20,20,20,20,20,20,20
510377,1,1,1997,0,0,0,0,0,0,0,0,0,0
510377,2,1,1997,0,0,0,0,0,0,0,0,0,0
510378,1,1,1997,0,0,0,0,0,0,0,0,0,0
510378,2,1,1997,0,0,0,0,0,0,0,0,30,0
510379,1,1,1997,28,14,8,24,25,21,20,29,12,7
510380,1,1,1997,0,0,0,0,0,0,0,0,0,0
510381,1,1,1997,0,0,0,0,0,0,0,0,0,0
510381,2,1,1997,0,0,0,0,0,0,0,0,0,0
510382,1,1,1997,26,26,26,26,26,26,26,26,26,26
510383,1,1,1997,19,7,0,32,28,9,10,21,21,22
510383,2,1,1997,0,0,0,0,0,0,0,0,0,0
510384,1,1,1997,0,0,0,0,0,0,0,0,0,0
510385,1,1,1997,22,22,22,22,22,22,22,22,22,22
510386,0,1,1997,49,49,49,49,49,49,49,49,49,49
510386,1,1,1997,0,0,0,0,0,0,0,0,0,0
510387,1,1,1997,0,0,0,0,0,0,0,0,0,0
510387,2,1,1997,0,0,0,0,0,0,0,0,0,0
510388,1,1,1997,0,0,0,0,0,0,0,0,0,0
510389,1,1,1997,0,0,0,0,0,0,0,0,0,0
510389,2,1,1997,0,0,0,0,0,0,0,0,0,0
510390,1,1,1997,0,0,0,0,0,0,0,0,0,0
510390,2,1,1997,0,0,0,0,0,0,0,0,0,0
510391,1,1,1997,0,0,0,0,0,0,0,0,0,0
510391,2,1,1997,0,0,0,0,0,0,0,0,0,0
510391,3,1,1997,0,0,0,0,0,0,0,0,0,0
510392,1,1,1997,0,0,0,0,21,0,0,0,0,0
510393,1,1,1997,18,18,18,18,18,18,18,18,18,18
510394,1,1,1997,0,0,0,0,0,0,13,0,0,0
510394,2,1,1997,0,0,0,0,0,0,0,0,0,0
510395,1,1,1997,0,0,0,0,0,0,0,0,0,0
510395,2,1,1997,0,0,0,0,0,0,0,0,0,17
510396,1,1,1997,1,1,1,1,1,1,1,1,1,1
510397,1,1,1997,0,0,0,0,0,0,0,0,0,0
510398,1,1,1997,0,0,0,0,0,0,0,0,0,0
510398,2,1,1997,0,0,0,0,0,0,0,0,0,0
510398,3,1,1997,0,0,0,0,0,0,0,0,0,0
510399,1,1,1997,25,25,25,25,25,25,25,25,25,25
510400,1,1,1997,13,13,13,13,13,13,13,13,13,13
510401,1,1,1997,29,29,29,29,29,29,29,29,29,29
510402,1,1,1997,0,0,0,0,0,0,0,0,0,0
510403,1,1,1997,0,0,0,0,0,0,0,0,0,0
510404,1,1,1997,0,0,0,0,0,0,0,0,0,0
510405,1,1,1997,25,13,4,12,12,0,0,3,10,0
510406,1,1,1997,0,0,0,0,0,0,0,0,0,0
510406,2,1,1997,0,0,8,0,0,0,0,0,0,0
510407,1,1,1997,0,0,0,0,0,0,0,0,0,0
510408,1,1,1997,4,4,4,4,4,4,4,4,4,4
510408,2,1,1997,0,0,0,0,0,0,0,0,0,0
510409,0,1,1997,41,18,21,21,6,14,25,21,39,13
510409,1,1,1997,6,20,0,9,5,10,9,11,0,0
510410,1,1,1997,0,12,0,0,0,0,0,0,0,0
510411,1,1,1997,0,0,0,0,0,0,0,0,0,0
510412,1,1,1997,0,0,0,0,0,0,0,0,10,0
510412,3,1,1997,0,0,0,0,0,0,0,0,0,0
510413,1,1,1997,0,0,0,0,0,0,0,0,0,0
510414,1,1,1997,0,19,11,12,36,12,21,25,19,14
510415,1,1,1997,16,16,16,16,16,16,16,16,16,16
510416,1,1,1997,0,0,0,0,0,0,0,0,0,15
510416,2,1,1997,0,0,0,0,0,0,0,0,0,0
510416,3,1,1997,0,0,0,0,0,0,0,0,0,0
510417,1,1,1997,0,6,0,28,2,7,0,0,3,8
510417,2,1,1997,0,0,0,0,0,0,0,0,0,0
510418,1,1,1997,0,0,8,0,0,0,15,0,0,0
510418,2,1,1997,0,0,0,0,0,0,0,0,0,0
510419,1,1,1997,23,23,23,23,23,23,23,23,23,23
510420,1,1,1997,0,0,5,0,0,0,0,0,0,0
510420,2,1,1997,0,0,0,0,0,0,0,0,0,0
510420,3,1,1997,0,0,0,0,12,0,0,0,0,0
510420,4,1,1997,24,0,23,0,0,0,11,0,0,0
510421,0,1,1997,5,5,5,5,5,5,5,5,5,5
510421,1,1,1997,8,15,31,15,11,34,0,8,18,18
510422,1,1,1997,5,24,10,13,9,13,16,22,13,10
510423,1,1,1997,0,0,0,0,0,0,0,0,0,0
510423,2,1,1997,0,0,0,0,0,0,0,0,0,0
510424,1,1,1997,0,0,0,0,0,0,0,0,0,0
510425,1,1,1997,0,0,0,0,0,0,0,0,0,0
510425,2,1,1997,0,0,0,0,0,0,0,0,0,0
510426,0,1,1997,0,0,0,0,0,0,0,0,0,0
510426,1,1,1997,0,0,0,0,0,0,13,0,10,0
510427,1,1,1997,0,0,0,0,0,0,0,0,0,0
510427,2,1,1997,0,0,0,0,0,0,0,0,0,0
510428,1,1,1997,6,0,0,8,7,0,17,6,10,4
510428,2,1,1997,0,0,0,8,0,10,0,0,0,0
510429,0,1,1997,26,26,26,26,26,26,26,26,26,26
510429,1,1,1997,27,11,18,11,15,26,26,22,9,41
510430,0,1,1997,0,0,0,0,0,0,0,0,0,0
510430,1,1,1997,0,0,0,0,0,0,0,0,0,0
510431,1,1,1997,0,0,0,0,0,0,0,0,0,0
510432,1,1,1997,1,1,1,1,1,1,1,1,1,1
510433,1,1,1997,0,0,0,0,0,0,0,0,0,0
510434,1,1,1997,0,0,0,0,0,0,0,0,0,0
510434,2,1,1997,0,0,0,0,0,0,0,0,0,0
510435,1,1,1997,0,0,0,0,0,0,0,0,0,0
510435,2,1,1997,0,0,0,0,0,0,0,0,0,0
510435,3,1,1997,0,0,0,0,0,0,0,0,0,0
510436,0,1,1997,0,0,0,0,0,0,0,0,0,0
510436,1,1,1997,0,0,0,0,0,0,0,0,0,0
510437,0,1,1997,0,0,0,0,0,0,0,0,0,0
510437,1,1,1997,0,0,0,0,0,0,0,0,0,0
510438,1,1,1997,0,0,0,0,0,0,0,0,0,37
510439,1,2,1997,0,0,0,0,0,0,0,0,0,0
510440,1,1,1997,9,9,9,9,9,9,9,9,9,9
510441,1,1,1997,13,13,13,13,13,13,13,13,13,13
510442,1,1,1997,24,11,6,20,2,14,6,7,13,0
510442,2,1,1997,0,0,0,0,0,0,0,0,0,0
510443,1,1,1997,5,5,5,5,5,5,5,5,5,5
510443,2,1,1997,0,0,0,0,0,0,0,0,0,0
510443,3,1,1997,0,0,0,0,0,0,0,0,0,0
510443,4,1,1997,0,0,0,0,0,0,0,0,0,0
510444,1,1,1997,0,0,0,0,0,0,0,0,0,0
510444,2,1,1997,0,0,0,0,0,0,0,0,0,0
510445,1,1,1997,1,1,1,1,1,1,1,1,1,1
510445,2,1,1997,0,0,0,0,0,0,0,0,0,0
510446,1,1,1997,0,0,0,0,0,0,11,0,0,0
510447,1,1,1997,0,0,0,0,0,0,0,0,0,0
510448,1,1,1997,0,0,0,0,0,0,0,0,0,0
510449,1,1,1997,22,15,9,8,18,14,20,15,18,13
510450,1,1,1997,24,16,28,16,9,28,24,40,10,16
510451,1,1,1997,24,18,27,7,13,16,38,9,6,18
510452,0,1,1997,20,20,20,20,20,20,20,20,20,20
510452,1,1,1997,0,0,0,0,0,0,0,0,0,10
510452,2,1,1997,0,0,0,0,0,0,0,0,0,0
510452,3,1,1997,0,0,0,27,0,0,0,0,0,18
510452,4,1,1997,0,0,0,0,0,0,0,0,0,0
510453,1,1,1997,0,18,0,0,32,0,0,0,0,0
510454,1,1,1997,0,0,0,0,11,12,0,20,18,0
510454,2,1,1997,0,0,0,0,0,0,0,0,0,0
510455,1,1,1997,0,0,0,0,0,0,0,0,0,0
510455,2,1,1997,0,0,0,0,6,0,0,0,0,0
510455,3,1,1997,0,0,0,0,0,0,0,0,0,0
510455,4,1,1997,0,0,0,0,0,0,0,0,0,0
510456,0,1,1997,0,0,0,0,0,0,0,0,0,0
510456,1,1,1997,0,0,0,0,0,0,0,0,0,0
510457,1,1,1997,18,18,18,18,18,18,18,18,18,18
510458,0,1,1997,0,0,0,0,0,0,0,0,0,0
510458,1,1,1997,18,10,14,9,14,3,9,7,0,4
510458,2,1,1997,0,0,0,0,0,0,0,0,0,0
510459,1,1,1997,0,0,0,11,0,0,0,0,0,0
510460,0,1,1997,0,0,0,0,0,0,0,0,0,0
510460,1,1,1997,0,0,0,0,0,0,0,0,0,0
510461,1,1,1997,0,0,0,0,0,0,0,0,0,0
510462,1,1,1997,0,26,10,13,29,20,3,14,27,15
510463,0,1,1997,30,30,30,30,30,30,30,30,30,30
510463,1,1,1997,0,14,11,33,5,6,11,15,9,9
510464,1,1,1997,0,0,0,0,0,0,9,0,0,0
510464,2,1,1997,0,0,0,0,6,0,0,0,0,0
510465,1,1,1997,21,21,21,21,21,21,21,21,21,21
510466,1,1,1997,13,13,13,13,13,13,13,13,13,13
510467,1,1,1997,0,0,0,0,0,0,0,0,0,0
510467,2,1,1997,0,0,0,0,0,0,0,0,0,0
510468,0,1,1997,0,0,0,0,0,0,0,0,0,0
510468,1,1,1997,0,0,0,0,0,0,0,0,0,0
510469,1,1,1997,35,35,35,35,35,35,35,35,35,35
510470,1,1,1997,0,0,0,0,0,0,0,0,0,0
510470,2,1,1997,0,0,0,0,0,0,0,0,0,0
510470,3,1,1997,0,17,0,7,0,0,0,0,0,0
510471,1,1,1997,0,0,0,0,0,0,0,0,0,0
510471,2,1,1997,5,5,5,5,5,5,5,5,5,5
510471,3,1,1997,0,0,0,0,0,0,0,0,0,0
510471,4,1,1997,0,0,0,0,0,0,0,0,0,0
510471,5,1,1997,0,0,0,0,0,0,0,0,0,0
510471,6,1,1997,0,0,0,0,0,0,0,0,0,0
510471,7,1,1997,0,0,0,0,0,0,0,0,0,0
510471,8,1,1997,0,0,0,0,0,0,0,11,0,0
510471,9,1,1997,0,0,10,0,0,0,0,0,0,0
510471,10,1,1997,0,0,0,0,0,0,0,0,0,0
510472,1,1,1997,20,20,20,20,20,20,20,20,20,20
510473,1,1,1997,16,16,16,16,16,16,16,16,16,16
510474,1,1,1997,16,21,32,19,9,10,37,35,23,34
510474,2,1,1997,0,0,0,0,0,0,0,0,0,0
510474,3,1,1997,0,0,0,0,0,0,0,0,0,0
510475,1,1,1997,0,0,0,0,0,0,0,0,0,0
510476,1,1,1997,0,0,0,0,0,0,0,0,0,0
510476,2,1,1997,0,0,0,0,0,0,0,0,0,0
510477,1,1,1997,14,12,14,24,17,14,10,13,17,25
510478,1,1,1997,0,0,0,0,0,0,0,0,0,0
510478,2,1,1997,0,0,0,0,0,0,0,0,0,0
510478,3,1,1997,0,0,0,0,0,7,0,0,0,0
510479,0,1,1997,0,0,0,0,0,0,0,0,0,0
510479,1,1,1997,0,0,0,0,0,0,0,0,8,0
510480,1,1,1997,0,15,0,4,0,19,15,22,0,0
510481,1,1,1997,0,18,0,0,0,0,0,0,0,0
510482,1,1,1997,0,0,0,0,0,0,0,0,0,0
510482,2,1,1997,0,0,0,0,0,0,0,0,0,0
510483,1,1,1997,0,0,0,0,0,0,0,0,0,0
510483,2,1,1997,0,0,0,0,0,0,0,0,0,0
510484,1,1,1997,0,0,0,0,0,0,0,0,0,0
510484,2,1,1997,0,0,0,0,0,0,0,0,0,0
510485,1,1,1997,13,21,15,21,21,14,8,2,30,19
510486,1,1,1997,0,0,0,0,0,0,0,0,0,0
510486,2,1,1997,0,0,0,0,0,6,0,0,0,0
510487,1,1,1997,17,17,17,17,17,17,17,17,17,17
510488,1,1,1997,0,0,0,0,0,0,0,0,0,0
510488,2,1,1997,0,0,0,0,0,0,5,0,0,0
510489,1,1,1997,11,11,11,11,11,11,11,11,11,11
510490,1,1,1997,0,0,0,0,0,0,0,0,0,0
510490,2,1,1997,0,0,0,0,0,0,0,0,0,0
510491,1,1,1997,31,31,31,31,31,31,31,31,31,31
510492,1,1,1997,28,3,13,8,10,17,17,21,20,24
510493,1,1,1997,0,0,0,0,0,0,0,0,0,0
510494,1,1,1997,0,17,0,0,0,0,23,0,0,0
510495,1,1,1997,0,23,0,13,20,23,3,13,10,5
510496,1,1,1997,0,0,0,0,0,0,0,0,0,0
510497,1,1,1997,0,0,0,0,0,0,0,0,0,0
510498,0,1,1997,31,31,31,31,31,31,31,31,31,31
510498,1,1,1997,0,0,0,0,0,0,0,0,0,0
510499,1,1,1997,1,1,1,1,1,1,1,1,1,1
510500,1,1,1997,0,0,14,8,8,0,0,7,0,0
510501,0,1,1997,41,41,41,41,41,41,41,41,41,41
510501,1,1,1997,0,0,0,0,0,0,0,2,0,0
510502,1,1,1997,25,0,0,0,0,0,0,0,0,7
510503,1,1,1997,9,0,0,0,5,12,15,0,18,0
510504,1,1,1997,0,0,0,0,0,0,0,0,0,0
510504,2,1,1997,0,0,0,0,0,0,0,0,0,0
510505,1,1,1997,0,0,0,0,0,0,0,0,0,0
510506,0,1,1997,0,0,0,0,0,0,0,0,0,0
510506,1,1,1997,0,0,0,0,0,0,0,0,0,0
510507,1,1,1997,0,0,0,0,0,0,0,0,0,0
510508,0,1,1997,0,0,0,0,0,0,0,0,0,0
510508,1,1,1997,11,0,18,0,7,0,10,0,0,0
510509,1,1,1997,0,0,0,0,0,0,0,0,0,0
510509,2,1,1997,0,0,0,0,0,0,0,0,0,0
510510,1,1,1997,18,24,9,10,20,18,14,14,9,24
510510,2,1,1997,0,0,0,0,0,0,0,0,0,0
510510,3,1,1997,0,0,0,0,0,0,0,0,0,0
510511,1,1,1997,0,0,0,0,0,0,0,0,0,0
510512,1,1,1997,0,0,0,0,0,0,0,0,0,0
510513,1,1,1997,0,0,0,0,0,0,0,0,0,0
510513,2,1,1997,0,0,0,0,0,0,0,0,0,0
510514,1,1,1997,0,0,11,0,0,0,0,0,0,0
510515,1,1,1997,0,0,8,0,0,0,0,0,0,0
510515,2,1,1997,0,0,0,0,0,0,6,0,0,0
510516,1,1,1997,29,0,0,9,29,12,0,7,16,13
510517,1,1,1997,19,10,0,0,0,17,0,0,0,32
510518,1,1,1997,27,27,27,27,27,27,27,27,27,27
510519,1,1,1997,0,0,0,0,0,0,0,0,0,0
510520,1,1,1997,0,0,0,0,6,0,15,0,0,0
510521,1,1,1997,0,0,0,0,0,0,0,0,0,0
510521,2,1,1997,0,0,0,0,0,0,0,0,0,0
510522,1,1,1997,16,16,16,16,16,16,16,16,16,16
510523,1,1,1997,0,0,0,0,0,0,0,0,22,15
510524,1,1,1997,4,4,4,4,4,4,4,4,4,4
510524,2,1,1997,0,0,0,0,0,0,0,0,0,0
510525,1,1,1997,0,0,0,0,0,0,0,0,0,0
510525,2,1,1997,0,0,0,0,0,0,0,0,0,0
510526,1,1,1997,0,0,0,0,0,0,0,0,0,0
510527,1,1,1997,24,24,24,24,24,24,24,24,24,24
510528,1,1,1997,0,0,0,0,0,0,0,0,0,0
510529,1,1,1997,3,3,3,3,3,3,3,3,3,3
510529,2,1,1997,0,0,0,0,0,0,0,0,0,0
510530,1,1,1997,0,0,0,0,0,0,0,0,0,0
510530,2,1,1997,0,0,0,0,0,0,0,0,0,0
510531,1,1,1997,0,12,0,0,0,0,0,0,0,0
510531,2,1,1997,0,8,0,12,0,0,0,0,0,0
510532,1,1,1997,0,20,0,0,0,0,0,0,0,0
510533,1,1,1997,0,0,0,0,0,0,0,0,0,0
510534,1,1,1997,0,0,0,0,0,0,0,0,0,0
510535,0,1,1997,0,0,0,0,0,0,0,0,0,0
510535,1,1,1997,0,0,0,0,0,0,0,0,0,0
510536,1,1,1997,0,0,0,0,0,0,0,0,0,0
510537,1,1,1997,0,0,0,0,0,0,0,0,0,0
510538,1,1,1997,0,0,0,0,0,0,0,0,0,0
510539,1,1,1997,0,0,0,13,0,0,0,0,0,0
510539,2,1,1997,0,0,0,0,0,0,0,0,0,0
510540,1,1,1997,0,0,0,0,0,0,0,0,0,0
510540,2,1,1997,0,0,0,0,0,0,0,0,0,0
510541,1,1,1997,0,0,0,0,0,0,0,0,0,0
510541,2,1,1997,26,26,26,26,26,26,26,26,26,26
510542,1,1,1997,0,0,0,0,0,0,0,0,0,0
510542,2,1,1997,0,0,0,0,0,0,0,0,0,0
510542,3,1,1997,0,0,0,0,0,0,0,0,0,0
510543,1,1,1997,0,0,0,0,0,0,0,0,0,0
510543,2,1,1997,0,0,0,0,0,0,0,0,0,0
510544,1,1,1997,7,9,14,7,13,8,12,14,25,7
510544,2,1,1997,0,0,0,0,0,0,0,0,0,0
510545,1,1,1997,0,0,0,0,0,0,0,0,12,0
510546,1,1,1997,8,7,12,6,8,11,9,6,17,18
510547,1,1,1997,20,20,20,20,20,20,20,20,20,20
510548,1,1,1997,26,0,0,0,0,0,0,13,0,0
510548,2,1,1997,0,0,0,0,0,24,0,0,0,0
510549,1,1,1997,0,0,0,0,0,0,0,0,0,0
510550,1,1,1997,0,0,0,0,0,0,0,0,0,0
510551,1,1,1997,0,0,0,0,0,0,0,0,0,0
510551,2,1,1997,0,0,0,0,0,0,0,0,0,0
510552,1,1,1997,12,12,12,12,12,12,12,12,12,12
510553,1,1,1997,0,0,0,0,0,0,0,0,0,0
510553,2,1,1997,0,0,0,0,0,0,0,0,0,0
510554,1,1,1997,0,0,0,0,0,0,0,0,0,14
510555,1,1,1997,7,13,7,12,15,11,9,6,15,0
510556,1,1,1997,12,12,12,12,12,12,12,12,12,12
510557,1,1,1997,0,0,0,0,0,0,0,0,0,0
510558,1,1,1997,9,9,9,9,9,9,9,9,9,9
510558,2,1,1997,9,14,12,0,0,3,30,16,5,0
510559,1,1,1997,22,16,9,22,17,10,0,8,21,12
510559,2,1,1997,0,0,0,0,0,0,0,0,0,0
510560,1,1,1997,2,2,2,2,2,2,2,2,2,2
510561,1,1,1997,10,10,10,10,10,10,10,10,10,10
510562,1,1,1997,22,17,3,4,23,21,17,14,9,18
510562,2,1,1997,7,0,19,0,0,0,0,0,0,0
510563,1,1,1997,0,0,0,0,0,0,0,0,0,0
510563,2,1,1997,24,24,24,24,24,24,24,24,24,24
510564,1,1,1997,4,4,4,4,4,4,4,4,4,4
510565,1,1,1997,16,11,32,11,0,7,12,21,18,16
510566,1,1,1997,0,0,0,0,0,0,0,0,0,0
510567,1,1,1997,0,0,0,0,0,0,0,0,0,0
510567,2,1,1997,0,0,0,0,0,0,0,0,0,0
510568,1,1,1997,0,0,0,0,0,0,0,0,0,0
510569,1,1,1997,0,0,0,0,0,0,0,0,0,0
510570,1,1,1997,0,0,0,0,0,0,0,0,0,0
510570,2,1,1997,0,0,9,0,0,0,0,0,0,0
510570,3,1,1997,0,0,0,0,0,0,0,0,0,0
510571,1,1,1997,21,21,21,21,21,21,21,21,21,21
510571,2,1,1997,27,0,0,0,23,0,0,0,0,0
510572,1,1,1997,0,0,0,0,0,0,0,0,0,0
510573,1,1,1997,12,12,12,12,12,12,12,12,12,12
510574,1,1,1997,23,20,10,13,7,13,9,12,12,9
510574,2,1,1997,0,0,0,0,0,0,0,0,0,0
510574,3,1,1997,14,0,0,0,6,0,0,0,0,14
510575,1,1,1997,0,0,0,0,0,0,0,0,0,0
510575,2,1,1997,0,0,0,0,0,0,0,0,0,0
510576,1,1,1997,24,19,0,0,0,0,0,0,0,0
510577,1,1,1997,0,0,0,0,0,0,14,0,0,0
510577,2,1,1997,0,11,0,0,0,0,0,0,0,0
510578,0,1,1997,0,0,0,0,0,0,0,0,0,0
510578,1,1,1997,0,0,0,0,0,0,0,0,0,0
510579,1,1,1997,0,0,0,0,0,0,0,0,0,0
510579,2,1,1997,0,0,0,0,0,0,0,0,0,0
510580,0,1,1997,17,17,8,0,14,28,38,18,0,18
510580,1,1,1997,13,15,9,9,5,11,0,18,11,17
510581,1,1,1997,0,0,0,0,0,0,0,0,0,0
510582,1,1,1997,0,0,0,0,0,0,0,0,0,0
510582,2,1,1997,0,0,0,0,0,0,0,0,0,0
510583,1,1,1997,0,0,0,0,0,0,0,0,0,0
510584,1,1,1997,0,0,0,0,0,0,0,0,0,0
510585,1,1,1997,16,16,16,16,16,16,16,16,16,16
510585,2,1,1997,0,0,0,0,0,0,0,0,0,0
510586,1,1,1997,5,17,22,15,27,8,10,21,17,9
510587,1,1,1997,0,0,0,0,0,0,0,0,0,0
510587,2,1,1997,14,27,16,9,21,6,18,22,13,3
510588,1,1,1997,13,16,16,19,19,11,23,15,20,21
510588,2,1,1997,0,0,16,0,0,0,0,20,0,0
510589,1,1,1997,0,9,0,0,0,0,0,0,0,0
510589,2,1,1997,3,18,12,22,9,7,12,8,11,11
510590,1,1,1997,0,0,0,0,0,0,0,0,0,0
510590,2,1,1997,0,5,0,0,0,0,0,0,0,0
510590,3,1,1997,0,0,0,0,0,0,0,14,0,0
510591,1,1,1997,0,0,0,0,0,0,0,0,0,0
510591,2,1,1997,0,0,0,0,0,0,0,0,14,0
510592,1,1,1997,0,0,0,0,0,0,0,0,0,0
510592,2,1,1997,0,0,0,0,0,0,0,0,0,0
510593,1,1,1997,0,0,0,0,0,0,0,0,0,0
510594,1,1,1997,0,0,0,0,0,0,0,0,0,0
510594,2,1,1997,14,6,10,0,0,4,3,0,8,8
510595,1,1,1997,1,1,1,1,1,1,1,1,1,1
510596,0,1,1997,7,7,7,7,7,7,7,7,7,7
510596,1,1,1997,0,0,0,0,0,0,0,0,0,0
510597,1,1,1997,0,0,0,0,0,0,0,0,0,0
510597,2,1,1997,0,0,0,0,0,0,0,0,0,0
510597,3,1,1997,0,0,0,0,0,0,0,0,0,0
510597,4,1,1997,0,0,0,0,0,0,0,0,0,0
510598,1,1,1997,20,20,20,20,20,20,20,20,20,20
510599,1,1,1997,17,17,17,17,17,17,17,17,17,17
510600,1,1,1997,0,0,0,0,0,0,0,0,0,0
510601,1,1,1997,17,17,17,17,17,17,17,17,17,17
510602,1,1,1997,20,20,20,20,20,20,20,20,20,20
510603,1,1,1997,13,13,13,13,13,13,13,13,13,13
510604,1,1,1997,0,0,0,0,0,0,0,0,0,0
510605,1,1,1997,5,5,5,5,5,5,5,5,5,5
510605,2,1,1997,0,0,0,0,0,0,21,0,0,0
510606,1,1,1997,0,0,0,0,0,0,0,0,0,0
510606,2,1,1997,17,0,0,0,0,0,0,0,0,0
510607,1,1,1997,16,9,18,28,15,31,17,10,22,26
510607,2,1,1997,0,0,0,0,0,0,0,0,0,0
510608,1,1,1997,0,0,0,0,0,0,0,0,0,0
510608,2,1,1997,0,0,0,0,0,0,0,0,0,0
510609,1,1,1997,0,0,0,0,0,0,0,0,0,0
510610,1,1,1997,0,0,0,13,13,0,0,0,0,0
510610,2,1,1997,0,0,0,0,0,0,0,0,0,0
510610,3,1,1997,0,0,0,0,0,0,0,0,0,0
510611,1,1,1997,29,29,29,29,29,29,29,29,29,29
510612,1,1,1997,17,17,17,17,17,17,17,17,17,17
510613,0,1,1997,35,35,35,35,35,35,35,35,35,35
510613,1,1,1997,0,0,0,0,0,0,0,0,0,0
510614,1,1,1997,0,0,0,0,0,0,0,0,0,0
510614,2,1,1997,0,0,0,0,0,0,14,0,0,0
510614,3,1,1997,0,0,0,0,0,0,0,0,0,0
510615,1,1,1997,0,0,0,0,0,0,0,0,0,0
510615,2,1,1997,11,11,11,11,11,11,11,11,11,11
510616,1,1,1997,0,0,0,0,0,0,0,0,0,0
510616,2,1,1997,45,0,0,0,0,0,0,0,0,0
510617,1,1,1997,0,0,0,0,0,0,0,0,0,0
510617,2,1,1997,0,0,0,0,0,0,0,0,0,0
510618,1,1,1997,0,0,0,0,0,0,0,0,0,0
510618,2,1,1997,0,0,0,0,0,0,0,0,0,0
510619,1,1,1997,0,15,16,25,18,6,0,22,26,13
510620,1,1,1997,21,21,21,21,21,21,21,21,21,21
510621,1,1,1997,0,0,0,0,0,0,0,0,0,0
510622,1,1,1997,10,0,0,11,0,0,0,0,0,0
510623,1,1,1997,0,0,0,0,0,0,0,19,0,0
510624,1,1,1997,0,0,0,0,0,0,0,0,0,0
510625,1,1,1997,11,28,6,15,14,4,11,16,9,6
510625,2,1,1997,0,0,0,0,0,0,0,0,0,0
510626,1,1,1997,0,0,0,0,0,0,0,0,0,0
510626,2,1,1997,0,0,0,6,0,0,0,0,0,0
510627,1,1,1997,31,31,31,31,31,31,31,31,31,31
510628,1,1,1997,0,0,0,0,0,0,0,0,0,0
510628,2,1,1997,0,0,0,0,0,0,0,0,0,0
510628,3,1,1997,0,0,0,7,0,0,0,0,0,0
510629,1,1,1997,8,8,8,8,8,8,8,8,8,8