ST_CASE,VEH_NO,PER_NO,YEAR,P1,P2,P3,P4,P5,P6,P7,P8,P9,P10
510630,1,1,1997,11,11,11,11,11,11,11,11,11,11
510631,1,1,1997,32,32,32,32,32,32,32,32,32,32
510631,2,1,1997,0,0,0,0,0,0,0,0,0,0
510632,1,1,1997,33,8,3,9,22,9,0,25,18,19
510633,0,1,1997,26,26,26,26,26,26,26,26,26,26
510633,1,1,1997,0,0,0,0,0,0,0,0,0,0
510634,1,1,1997,12,12,12,12,12,12,12,12,12,12
510634,2,1,1997,0,0,0,0,24,0,0,0,0,0
510635,1,1,1997,18,18,18,18,18,18,18,18,18,18
510636,1,1,1997,20,20,20,20,20,20,20,20,20,20
510637,1,1,1997,14,14,14,14,14,14,14,14,14,14
510638,1,1,1997,20,10,6,18,10,22,28,14,10,19
510638,2,1,1997,8,8,8,8,8,8,8,8,8,8
510639,1,1,1997,23,23,23,23,23,23,23,23,23,23
510640,1,1,1997,0,0,0,0,0,0,0,0,0,0
510641,1,1,1997,0,0,0,0,0,0,0,0,0,0
510642,0,1,1997,0,0,0,0,0,0,0,7,0,0
510642,1,1,1997,0,0,0,0,0,0,0,0,0,0
510643,1,1,1997,18,18,18,18,18,18,18,18,18,18
510644,1,1,1997,23,23,23,23,23,23,23,23,23,23
510645,1,1,1997,0,0,0,0,0,0,0,0,0,0
510645,2,1,1997,0,0,0,0,0,0,0,0,0,0
510646,1,1,1997,0,0,0,0,0,0,0,0,0,0
510646,2,1,1997,0,0,0,0,0,0,0,0,0,0
510647,1,1,1997,0,0,0,0,0,0,0,0,0,17
510648,1,1,1997,0,0,0,0,0,0,0,0,0,0
510648,2,1,1997,0,0,0,0,0,0,0,8,0,0
510649,1,1,1997,0,0,0,0,0,0,0,0,0,0
510650,1,1,1997,4,4,4,4,4,4,4,4,4,4
510650,2,1,1997,0,0,0,0,0,0,0,0,0,0
510651,1,1,1997,6,0,0,7,17,0,0,19,11,13
510651,2,1,1997,0,0,0,0,0,0,0,0,0,0
510652,1,1,1997,0,0,0,0,0,0,0,0,0,0
510652,2,1,1997,0,0,0,0,0,0,0,0,0,0
510653,1,1,1997,15,15,15,15,15,15,15,15,15,15
510654,0,1,1997,18,18,18,18,18,18,18,18,18,18
510654,1,1,1997,5,0,0,0,0,0,0,0,0,0
510655,1,1,1997,23,15,14,5,23,9,0,0,26,19
510656,1,1,1997,0,0,0,0,0,0,0,0,0,0
510656,2,1,1997,0,0,0,0,0,0,0,0,0,0
510657,1,1,1997,0,0,0,0,27,0,0,0,23,0
510657,2,1,1997,0,0,0,0,0,0,0,0,0,0
510658,1,1,1997,0,16,0,0,15,0,0,15,19,0
510658,2,1,1997,0,0,0,0,0,0,0,0,0,0
510658,3,1,1997,0,0,0,0,0,0,0,0,0,0
510659,1,1,1997,20,3,11,7,14,24,16,10,3,31
510659,2,1,1997,0,0,0,0,0,0,0,0,0,0
510660,1,1,1997,0,0,0,0,0,0,0,0,0,0
510660,2,1,1997,0,0,0,0,0,0,0,0,0,0
510660,3,1,1997,0,0,0,0,0,0,0,0,0,0
510661,1,1,1997,20,20,20,20,20,20,20,20,20,20
510662,1,1,1997,0,0,0,3,0,16,0,0,0,0
510663,1,1,1997,0,0,0,0,0,0,0,8,0,0
510663,2,1,1997,0,0,0,0,0,0,0,0,0,0
510663,3,1,1997,27,17,6,2,18,11,0,9,2,15
510664,1,1,1997,0,0,0,0,0,0,0,0,0,0
510664,2,1,1997,19,0,0,0,0,0,0,0,0,0
510665,1,1,1997,33,9,10,21,11,22,28,18,9,17
510666,1,1,1997,0,0,0,0,0,0,0,0,0,0
510666,2,1,1997,0,0,0,0,0,0,0,0,0,0
510666,3,1,1997,0,0,0,0,0,0,0,0,0,0
510667,1,1,1997,0,0,0,0,0,0,0,0,0,0
510668,1,1,1997,0,0,0,0,0,0,0,0,0,0
510669,1,1,1997,18,18,18,18,18,18,18,18,18,18
510670,1,1,1997,0,0,0,0,0,15,0,0,0,0
510670,2,1,1997,0,0,0,0,0,0,0,0,0,0
510670,3,1,1997,0,0,0,0,0,16,0,13,0,0
510671,1,1,1997,31,31,31,31,31,31,31,31,31,31
510672,0,1,1997,25,25,25,25,25,25,25,25,25,25
510672,1,1,1997,0,0,0,0,0,0,0,0,0,0
510673,1,1,1997,24,22,12,23,35,35,30,24,21,5
510674,1,1,1997,8,6,7,6,9,15,18,18,8,21
510675,1,1,1997,22,22,22,22,22,22,22,22,22,22
510676,1,1,1997,12,0,11,25,12,18,2,24,19,12
510677,1,1,1997,11,25,13,21,15,0,6,13,21,15
510678,1,1,1997,6,6,6,6,6,6,6,6,6,6
510678,2,1,1997,0,0,0,0,0,0,0,0,0,0
510679,1,1,1997,20,20,20,20,20,20,20,20,20,20
510680,1,1,1997,10,10,10,10,10,10,10,10,10,10
510681,1,1,1997,0,0,0,0,0,0,0,0,0,14
510681,2,1,1997,0,13,0,0,0,0,0,0,0,0
510682,1,1,1997,0,0,0,0,0,0,0,0,0,0
510682,2,1,1997,0,0,0,0,0,0,0,0,0,7
510683,1,1,1997,0,0,0,0,0,0,0,0,0,0
510684,1,1,1997,17,17,15,0,5,19,12,16,0,15
510685,1,1,1997,18,18,18,18,18,18,18,18,18,18
510686,1,1,1997,0,0,0,0,0,0,0,0,0,0
510686,2,1,1997,0,0,0,0,0,0,0,0,0,0
510687,1,1,1997,49,49,49,49,49,49,49,49,49,49
510688,0,1,1997,0,0,0,0,0,0,0,0,0,0
510688,1,1,1997,0,0,0,0,0,0,0,0,0,0
510689,1,1,1997,0,0,0,0,0,0,0,0,0,0
510689,2,1,1997,0,0,0,0,0,0,0,0,0,0
510690,1,1,1997,9,26,25,12,10,12,14,25,21,17
510691,1,1,1997,0,0,0,0,0,0,0,0,0,0
510691,2,1,1997,0,0,0,0,0,0,14,0,0,0
510692,1,1,1997,0,0,0,0,0,0,0,0,0,0
510692,2,1,1997,8,8,8,8,8,8,8,8,8,8
510693,1,1,1997,24,24,24,24,24,24,24,24,24,24
510694,1,1,1997,0,0,0,0,0,0,0,0,0,0
510694,2,1,1997,0,0,0,0,0,0,0,0,0,0
510695,1,1,1997,0,0,0,10,0,0,0,0,0,0
510695,2,1,1997,0,0,0,0,0,8,0,0,0,17
510696,1,1,1997,0,0,0,0,0,0,0,0,0,0
510697,1,1,1997,10,15,11,2,34,0,6,13,16,15
510697,2,1,1997,0,0,0,0,0,0,0,0,0,0
510698,1,1,1997,0,0,0,0,0,0,0,0,0,0
510699,1,1,1997,0,0,0,0,0,0,0,0,0,0
510700,1,1,1997,0,0,0,0,0,0,0,0,0,0
510701,1,1,1997,0,0,0,0,0,0,0,0,0,0
510701,2,1,1997,0,0,0,0,0,0,0,0,0,0
510702,1,1,1997,0,0,0,0,0,0,0,0,0,0
510702,2,1,1997,0,0,0,14,0,7,0,0,0,0
510703,1,1,1997,0,0,0,0,11,0,0,0,0,0
510703,2,1,1997,0,0,0,0,0,0,0,0,0,0
510703,3,1,1997,0,0,0,0,0,0,0,0,0,0
510703,4,1,1997,0,0,0,0,0,0,0,0,0,0
510703,5,1,1997,0,0,0,0,0,0,0,0,0,0
510704,1,1,1997,15,16,16,15,0,19,10,22,10,13
510705,1,1,1997,0,0,0,0,0,0,0,0,0,0
510705,2,1,1997,0,0,0,0,0,0,0,0,0,0
510706,1,1,1997,1,1,1,1,1,1,1,1,1,1
510706,2,1,1997,0,0,0,0,0,0,0,0,0,0
510707,1,1,1997,15,0,0,12,13,0,0,13,6,0
510708,1,1,1997,16,21,18,13,3,18,17,27,23,15
510708,2,1,1997,0,0,0,0,0,0,0,0,0,0
510709,1,1,1997,24,24,24,24,24,24,24,24,24,24
510710,1,1,1997,0,0,0,0,0,0,0,0,0,0
510711,1,1,1997,15,13,19,15,30,10,14,14,14,20
510712,1,1,1997,0,0,0,0,0,0,0,0,0,0
510713,1,1,1997,8,8,8,8,8,8,8,8,8,8
510713,2,1,1997,0,0,0,0,0,0,14,0,0,0
510714,1,1,1997,0,0,0,0,0,0,0,0,0,0
510714,2,1,1997,0,0,0,0,0,0,0,0,0,0
510715,1,1,1997,0,0,0,0,0,0,0,0,0,0
510716,1,1,1997,4,18,28,12,0,0,5,17,0,25
510717,1,1,1997,0,10,0,0,0,0,11,0,0,0
510718,1,1,1997,0,0,0,0,0,0,0,0,0,0
510719,1,1,1997,0,0,0,0,0,0,0,0,0,0
510719,2,1,1997,0,0,0,0,0,0,0,0,0,0
510720,1,1,1997,0,0,0,0,0,0,0,0,0,0
510720,2,1,1997,0,0,0,0,0,0,0,0,0,0
510720,3,1,1997,0,0,0,0,0,0,0,0,0,0
510721,1,1,1997,0,0,0,0,0,0,0,0,0,0
510721,2,1,1997,0,0,0,0,0,0,0,0,8,0
510722,1,1,1997,0,0,0,0,21,0,0,0,0,0
510722,2,1,1997,0,0,0,0,0,0,0,0,0,0
510723,1,1,1997,4,0,13,10,0,0,10,0,18,0
510723,2,1,1997,0,0,19,0,0,0,0,0,0,0
510724,1,1,1997,0,0,0,0,0,0,0,0,0,0
510724,2,1,1997,0,13,0,0,0,0,0,0,0,0
510725,0,1,1997,34,34,34,34,34,34,34,34,34,34
510725,1,1,1997,0,0,0,0,0,0,0,0,0,0
510726,1,1,1997,0,0,0,0,0,0,0,0,0,0
510727,1,1,1997,0,0,0,0,0,25,0,0,4,0
510727,2,1,1997,0,0,0,0,0,0,0,0,0,0
510728,1,1,1997,0,0,0,0,0,0,0,0,0,0
510728,2,1,1997,0,0,0,0,0,0,0,0,0,0
510729,1,1,1997,2,2,2,2,2,2,2,2,2,2
510730,1,1,1997,0,0,0,0,0,0,0,0,0,0
510730,2,1,1997,0,0,0,0,0,0,0,0,0,0
510731,1,1,1997,0,0,0,0,0,0,0,0,0,0
510731,2,1,1997,0,0,0,0,0,0,0,0,0,0
510732,1,1,1997,20,0,0,0,0,0,0,0,0,0
510732,2,1,1997,0,0,0,0,0,0,0,0,0,0
510732,3,1,1997,0,0,0,0,0,0,0,0,0,0
510733,1,1,1997,0,0,0,0,0,0,0,0,0,0
510734,1,1,1997,0,0,0,0,0,0,0,0,0,0
510735,0,1,1997,0,0,0,0,0,0,0,0,0,0
510735,1,1,1997,0,0,0,0,0,0,0,0,0,0
510736,1,1,1997,0,0,0,0,0,0,0,0,0,0
510737,1,1,1997,0,0,0,0,0,0,0,0,0,0
510738,1,1,1997,0,0,5,0,0,0,0,0,0,0
510738,2,1,1997,0,0,0,0,0,0,0,0,0,0
510740,0,1,1997,0,0,0,0,0,0,0,0,0,0
510740,1,1,1997,0,0,0,0,0,0,0,0,0,0
510741,1,1,1997,0,0,0,0,0,0,0,0,0,0
510741,2,1,1997,0,0,0,0,0,0,0,0,0,0
510741,3,1,1997,0,0,13,10,0,16,0,18,0,20
510741,4,1,1997,0,0,0,0,0,0,0,0,0,0
510742,0,1,1997,0,0,0,0,0,0,0,0,0,0
510742,1,1,1997,0,0,0,0,0,0,0,0,0,0
510743,1,1,1997,16,16,16,16,16,16,16,16,16,16
510743,2,1,1997,0,21,0,0,0,0,0,0,6,0
510744,1,1,1997,0,0,0,0,0,0,0,0,0,0
510745,1,1,1997,16,16,16,16,16,16,16,16,16,16
510746,1,1,1997,0,0,0,0,0,0,0,0,0,0
510747,0,1,1997,0,0,0,0,0,0,0,0,0,0
510747,1,1,1997,0,0,0,0,0,11,0,0,0,0
510748,1,1,1997,0,0,0,0,11,0,0,0,0,21
510748,2,1,1997,0,0,0,0,0,0,0,0,0,0
510749,0,1,1997,0,0,0,0,0,0,0,0,0,0
510749,1,1,1997,0,0,0,0,0,0,0,0,0,0
510750,0,1,1997,0,0,0,0,0,0,0,0,0,0
510750,1,1,1997,0,0,0,0,0,0,0,0,0,0
510750,2,1,1997,0,0,0,0,0,0,0,0,0,0
510751,1,1,1997,13,11,10,22,13,23,24,9,13,6
510752,1,1,1997,0,0,0,0,0,0,0,0,0,0
510752,2,1,1997,0,0,0,0,0,0,0,0,0,0
510753,1,1,1997,0,0,0,0,2,0,0,0,0,0
510753,2,1,1997,0,0,0,0,0,0,0,0,0,0
510754,1,1,1997,23,14,0,0,0,0,0,20,0,0
510755,1,1,1997,0,0,0,0,0,0,0,0,0,0
510755,2,1,1997,0,0,0,29,0,0,0,0,0,0
510756,1,1,1997,8,8,8,8,8,8,8,8,8,8
510757,0,1,1997,10,25,0,28,17,0,18,10,24,0
510757,0,2,1997,12,0,26,10,13,13,0,12,0,0
510757,1,1,1997,3,23,44,18,4,14,33,32,14,17
510758,1,1,1997,0,0,0,0,0,0,0,0,0,0
510759,1,1,1997,0,0,0,0,0,0,0,0,0,0
510760,1,1,1997,15,15,15,15,15,15,15,15,15,15
510761,0,1,1997,0,0,0,0,0,0,0,0,0,0
510761,1,1,1997,7,0,6,13,21,15,5,3,35,12
510762,1,1,1997,36,36,36,36,36,36,36,36,36,36
510763,1,1,1997,0,0,0,0,0,0,0,0,0,0
510763,2,1,1997,0,0,0,0,0,0,0,0,0,0
510764,1,1,1997,0,28,0,9,12,14,0,0,0,0
510765,1,1,1997,12,12,12,12,12,12,12,12,12,12
510765,2,1,1997,0,0,0,0,0,0,0,0,0,0
510766,1,1,1997,0,0,0,0,0,0,0,0,0,0
510767,1,1,1997,15,15,15,15,15,15,15,15,15,15
510768,1,1,1997,0,0,0,0,0,0,0,0,0,0
510768,2,1,1997,0,0,0,0,0,0,0,0,0,0
510769,1,1,1997,0,0,0,0,0,0,0,0,0,0
510769,2,1,1997,0,0,0,0,0,0,0,0,0,0
510770,1,1,1997,0,0,0,0,0,0,0,0,0,0
510771,1,1,1997,0,0,0,0,0,0,0,0,0,0
510772,1,1,1997,7,11,8,4,33,26,16,0,25,5
510772,2,1,1997,0,0,0,30,0,0,0,21,0,0
510773,0,1,1997,18,39,9,13,4,23,20,13,16,15
510773,1,1,1997,0,0,0,0,0,0,0,0,0,0
510774,1,1,1997,22,22,22,22,22,22,22,22,22,22
510775,1,1,1997,0,0,0,0,0,0,0,6,0,0
510775,2,1,1997,2,5,21,3,13,12,6,22,12,13
510776,0,1,1997,0,0,0,0,0,0,0,0,0,0
510776,1,1,1997,0,0,0,0,0,0,0,0,0,0
510777,1,1,1997,18,19,5,5,3,0,3,4,3,7
510778,1,1,1997,0,0,8,0,6,0,0,0,24,8
510779,1,1,1997,0,0,0,0,0,0,0,0,0,0
510779,2,1,1997,0,0,0,0,0,0,0,0,0,0
510780,1,1,1997,10,6,7,6,8,9,12,6,10,16
510780,2,1,1997,1,1,1,1,1,1,1,1,1,1
510781,1,1,1997,22,22,22,22,22,22,22,22,22,22
510781,2,1,1997,0,0,0,0,0,0,12,0,0,0
510782,1,1,1997,14,14,14,14,14,14,14,14,14,14
510783,0,1,1997,0,0,0,0,0,0,0,0,0,0
510783,1,1,1997,0,0,0,0,0,0,0,0,0,0
510784,1,2,1997,0,0,0,0,0,0,0,0,0,0
510784,2,1,1997,0,0,0,0,0,0,0,0,0,0
510785,0,1,1997,0,0,0,0,0,0,0,0,0,0
510785,1,1,1997,15,9,0,9,13,14,0,18,9,9
510786,0,1,1997,0,0,17,0,0,0,0,0,0,0
510786,1,1,1997,0,0,0,0,0,0,0,0,0,0
510787,1,1,1997,0,0,0,0,0,0,0,0,0,0
510787,2,1,1997,37,0,0,5,3,0,0,0,0,0
510788,1,1,1997,15,15,15,15,15,15,15,15,15,15
510789,1,1,1997,0,0,0,0,0,0,0,0,0,0
510790,1,1,1997,21,16,19,12,12,8,11,0,12,10
510790,2,1,1997,13,10,23,30,8,5,16,6,0,26
510791,0,1,1997,0,0,0,0,0,0,37,21,31,0
510791,1,1,1997,0,0,0,0,0,0,0,0,0,0
510792,1,1,1997,0,0,0,0,0,0,0,0,0,0
510792,2,1,1997,0,0,0,0,0,0,0,0,0,0
510793,1,1,1997,0,0,0,0,0,0,0,0,0,0
510793,2,1,1997,0,0,0,0,0,0,0,0,0,0
510794,1,1,1997,0,0,0,0,0,0,0,0,0,0
510795,1,1,1997,18,18,18,18,18,18,18,18,18,18
510796,1,1,1997,13,13,13,13,13,13,13,13,13,13
510797,1,1,1997,0,0,0,0,0,0,0,14,0,0
510798,1,1,1997,0,11,13,17,6,0,13,34,3,14
510799,0,1,1997,0,0,0,0,0,0,0,0,0,0
510799,1,1,1997,0,0,0,0,4,4,0,0,0,0
510800,1,1,1997,0,0,0,0,0,0,0,0,0,0
510800,2,1,1997,0,10,0,0,0,0,0,0,0,0
510801,1,1,1997,0,0,0,0,0,0,0,0,0,0
510802,1,1,1997,0,0,10,0,8,33,0,16,0,0
510803,0,1,1997,0,0,0,0,0,0,0,0,0,0
510803,1,1,1997,0,0,0,12,0,0,0,0,0,0
510804,1,1,1997,0,0,0,0,0,0,0,0,0,0
510804,2,1,1997,0,11,0,0,0,0,0,0,0,0
510805,1,1,1997,0,0,0,0,0,0,0,0,0,0
510806,1,1,1997,0,0,0,0,0,0,0,0,0,0
510806,2,1,1997,0,0,0,0,0,0,0,0,0,0
510807,1,1,1997,0,0,0,0,0,0,0,0,0,0
510807,2,1,1997,0,0,0,0,0,0,0,0,0,13
510807,3,1,1997,0,0,0,0,0,0,0,0,0,0
510807,4,1,1997,0,0,0,14,0,0,0,0,0,0
510808,0,1,1997,15,18,11,0,29,25,16,0,0,0
510808,1,1,1997,0,12,0,0,0,12,0,0,0,8
510809,1,1,1997,0,0,0,0,0,0,0,0,0,0
510810,1,1,1997,0,11,0,0,19,0,0,0,0,21
510811,1,1,1997,0,0,0,0,0,0,0,0,0,0
510812,1,1,1997,25,25,25,25,25,25,25,25,25,25
510813,1,1,1997,0,0,0,0,0,0,0,0,0,0
510814,1,1,1997,0,0,0,0,0,0,0,0,0,0
510815,1,1,1997,0,0,0,0,0,0,0,0,0,0
510815,2,1,1997,0,0,0,0,0,0,0,0,0,0
510815,3,1,1997,0,0,0,0,0,0,0,0,0,0
510816,0,1,1997,0,0,0,0,0,0,0,0,0,0
510816,1,1,1997,0,16,0,0,0,30,0,0,0,0
510817,1,1,1997,0,0,0,0,0,0,0,0,0,0
510817,2,1,1997,0,0,0,0,0,0,0,0,0,0
510818,1,1,1997,0,0,0,0,0,0,0,0,0,0
510819,1,1,1997,5,5,5,5,5,5,5,5,5,5
510820,1,1,1997,0,0,0,0,0,0,0,0,0,0
510821,0,1,1997,4,4,4,4,4,4,4,4,4,4
510821,1,1,1997,0,0,0,0,0,0,0,0,0,0
510822,1,1,1997,33,33,33,33,33,33,33,33,33,33
510822,2,1,1997,0,0,0,0,0,0,0,0,0,0
510823,1,1,1997,7,10,12,7,13,4,16,21,10,22
510823,2,1,1997,0,0,0,0,0,0,0,0,0,0
510824,1,1,1997,0,0,0,0,0,0,0,0,0,0
510825,1,1,1997,0,0,0,0,0,0,0,0,0,0
510826,1,1,1997,0,0,0,0,0,0,0,0,0,0
510826,2,1,1997,0,0,0,0,0,0,0,0,0,0
510827,1,1,1997,0,0,0,0,0,0,0,0,0,0
510827,2,1,1997,28,0,0,0,0,0,0,0,0,0
510828,0,1,1997,0,0,0,0,0,0,0,0,0,0
510828,1,1,1997,0,13,0,0,0,0,0,0,0,0
510829,1,1,1997,0,0,0,0,0,0,15,0,0,0
510829,2,1,1997,0,11,11,1,11,22,13,26,14,13
510830,1,1,1997,0,18,0,0,0,0,0,28,0,0
510831,0,1,1997,0,0,27,0,0,0,0,30,16,25
510831,1,1,1997,0,0,0,0,0,0,0,0,0,0
510832,1,1,1997,7,17,9,11,22,12,16,30,14,9
510833,0,1,1997,0,0,0,0,0,0,0,0,0,0
510833,1,1,1997,0,0,0,0,0,0,0,0,0,0
510834,1,1,1997,0,7,0,15,0,0,0,23,0,0
510835,0,1,1997,0,0,0,26,15,0,12,21,16,0
510835,1,1,1997,0,0,0,0,0,0,0,0,0,0
510836,1,1,1997,0,0,0,0,0,0,0,0,0,0
510837,1,1,1997,0,0,0,0,0,0,0,0,0,0
510838,0,1,1997,0,0,0,0,0,0,0,0,0,0
510838,1,1,1997,0,0,0,0,0,0,0,0,0,0
510839,1,1,1997,0,0,0,0,0,0,0,0,0,0
510839,2,1,1997,0,0,0,0,0,0,0,0,0,0
510840,0,1,1997,0,0,30,0,0,0,0,0,0,0
510840,1,1,1997,0,0,0,0,0,0,0,0,0,0
510841,1,1,1997,0,0,0,0,0,0,0,0,0,0
510842,1,1,1997,0,29,24,0,13,14,0,35,19,0
510843,1,1,1997,0,0,0,0,0,0,0,0,0,0
510844,1,1,1997,23,23,23,23,23,23,23,23,23,23
510845,0,1,1997,27,14,0,19,0,20,13,0,36,16
510845,1,1,1997,26,1,13,0,26,0,0,17,16,21
510846,1,1,1997,0,0,0,0,0,0,0,0,0,0
510846,2,1,1997,0,0,13,0,0,0,0,0,0,0
510846,3,1,1997,0,0,17,0,0,0,0,0,0,0
510847,1,1,1997,0,15,0,0,0,0,0,0,0,0
510847,2,1,1997,0,0,0,0,0,0,0,0,0,0
510848,1,1,1997,0,0,0,0,0,0,0,0,0,0
510849,0,1,1997,10,0,6,11,19,0,0,38,0,0
510849,1,1,1997,0,20,0,0,15,13,0,0,8,0
510850,0,1,1997,0,0,0,0,0,0,0,0,0,12
510850,1,1,1997,0,0,0,0,0,0,0,0,0,0
510851,1,1,1997,0,0,0,0,0,16,0,0,0,0
510852,1,1,1997,0,0,0,0,0,0,0,0,0,0
510852,2,1,1997,0,0,0,0,0,0,0,11,0,0
510852,3,1,1997,0,0,0,0,0,0,0,0,0,0
510853,1,1,1997,17,13,5,6,17,0,0,20,13,16
510853,2,1,1997,0,17,11,0,0,0,0,0,0,10
510854,1,1,1997,3,11,12,23,15,11,10,19,12,5
510855,1,1,1997,0,0,0,0,0,0,0,0,0,0
510856,1,1,1997,0,0,0,0,0,0,0,0,0,0
510857,0,1,1997,0,0,0,0,0,0,0,0,0,21
510857,1,1,1997,0,15,0,0,0,0,0,0,0,0
510858,1,1,1997,0,0,0,0,0,0,0,0,0,0
510858,2,1,1997,0,0,0,0,0,0,0,0,0,0
510859,1,1,1997,0,0,0,0,0,0,0,0,6,0
510859,2,1,1997,24,11,12,9,4,9,8,18,9,13
510860,1,1,1997,0,0,0,0,0,0,0,0,0,0
510861,1,1,1997,0,0,0,0,0,0,0,0,0,0
510861,2,1,1997,0,0,7,0,12,0,0,0,0,0
510862,1,1,1997,0,0,0,0,0,2,0,0,0,0
510862,2,1,1997,0,9,0,0,0,0,0,0,0,0
510863,1,1,1997,0,0,0,0,0,0,0,0,0,0
510863,2,1,1997,0,0,0,0,0,0,0,0,0,0
510864,1,1,1997,25,25,25,25,25,25,25,25,25,25
510865,1,1,1997,0,0,0,0,0,0,0,0,0,0
510865,2,1,1997,0,0,0,0,0,0,0,15,0,0
510866,1,1,1997,20,11,15,12,12,15,18,34,23,11
510867,0,1,1997,25,0,11,14,0,0,0,0,26,0
510867,1,1,1997,0,0,0,0,0,0,0,0,0,0
510868,0,1,1997,0,0,0,0,0,0,0,0,0,0
510868,1,1,1997,0,0,0,0,0,0,0,0,0,0
510869,0,1,1997,9,9,9,9,9,9,9,9,9,9
510869,1,1,1997,0,0,0,0,0,0,0,0,0,0
510870,1,1,1997,0,0,0,0,0,0,0,0,0,0
510870,2,1,1997,0,0,0,0,0,0,0,0,0,0
510871,1,1,1997,0,0,0,0,0,0,7,0,0,0
510872,1,1,1997,0,0,0,0,0,0,0,0,0,0
510872,2,1,1997,0,0,0,0,0,0,0,0,0,0
510872,3,1,1997,0,0,0,0,0,0,0,0,0,0
510873,1,1,1997,0,0,0,0,0,0,0,0,0,0
510873,2,1,1997,0,0,15,0,0,0,6,0,0,0
510874,1,1,1997,0,0,0,0,0,0,0,0,0,0
510874,2,1,1997,0,0,0,0,0,0,0,0,0,18
510875,1,1,1997,22,11,15,9,0,25,14,0,0,0
510876,1,1,1997,23,23,23,23,23,23,23,23,23,23
510877,1,1,1997,23,16,16,25,17,15,11,17,23,15
510878,1,1,1997,0,0,0,0,0,0,0,0,0,0
510879,1,1,1997,0,0,19,10,0,0,0,14,0,12
510880,1,1,1997,0,0,0,0,0,0,0,0,0,0
510880,2,1,1997,0,0,0,0,0,0,0,0,0,0
510881,1,1,1997,22,5,0,10,13,23,16,6,11,12
510882,1,1,1997,0,0,0,0,0,0,0,0,0,0
510882,2,1,1997,0,0,0,0,0,0,0,0,0,0
510883,0,1,1997,0,0,0,0,0,0,0,0,0,0
510883,1,1,1997,0,0,0,0,0,0,0,0,0,0
510884,1,1,1997,0,0,0,0,0,0,0,0,0,0
510885,1,1,1997,28,28,28,28,28,28,28,28,28,28
510886,1,1,1997,21,21,21,21,21,21,21,21,21,21
510887,1,1,1997,32,0,0,0,0,0,0,0,0,0
510888,0,1,1997,0,0,10,0,0,29,18,10,25,18
510888,1,1,1997,0,0,7,7,0,0,0,0,0,0
510889,1,1,1997,2,2,2,2,2,2,2,2,2,2
510890,1,1,1997,13,21,47,19,19,14,11,21,9,21
510891,1,1,1997,0,0,0,0,0,0,0,0,0,0
510891,2,1,1997,0,0,0,0,0,0,0,0,0,0
510892,1,1,1997,0,0,0,0,0,0,0,0,10,0
510893,1,1,1997,0,0,0,0,0,0,0,0,0,0
510893,2,1,1997,0,0,0,0,0,0,0,0,0,0
510893,3,1,1997,0,0,0,0,0,0,0,0,0,0
510894,1,1,1997,0,11,0,0,0,33,0,0,0,17
510895,1,1,1997,0,0,0,0,0,0,0,0,0,0
510895,2,1,1997,0,0,0,0,0,0,0,0,0,0
510896,1,1,1997,0,12,0,0,0,0,0,0,0,0
510896,2,1,1997,0,0,0,0,0,0,0,0,0,0
510897,0,1,1997,0,0,0,0,0,0,0,0,0,0
510897,1,1,1997,0,0,0,0,0,0,0,0,0,0
510898,1,1,1997,0,0,0,0,0,0,0,0,0,0
510899,1,1,1997,0,0,0,0,0,0,0,0,0,0
510900,0,1,1997,0,0,0,0,0,0,0,0,0,0
510900,1,1,1997,0,20,0,0,0,0,0,0,0,0
510901,1,1,1997,17,21,25,20,13,27,18,35,14,10
510901,2,1,1997,0,0,0,0,0,0,0,0,0,0
510902,0,1,1997,0,0,23,0,0,0,0,0,0,28
510902,1,1,1997,0,0,0,0,0,0,0,0,0,0
510903,0,1,1997,20,0,0,0,0,0,0,0,25,7
510903,1,1,1997,0,0,0,0,25,0,0,26,0,0
510903,2,1,1997,25,0,0,0,0,0,0,0,0,0
530001,1,1,1997,17,17,17,17,17,17,17,17,17,17
530002,0,1,1997,0,0,0,0,0,0,0,0,0,0
530002,0,2,1997,0,0,0,0,0,0,0,0,0,0
530002,1,1,1997,0,0,0,0,0,0,0,0,0,0
530003,1,1,1997,0,0,0,0,0,0,0,0,0,0
530003,2,1,1997,0,0,0,0,0,0,0,0,0,0
530004,1,1,1997,9,9,9,9,9,9,9,9,9,9
530004,2,1,1997,15,0,0,0,0,0,0,0,0,0
530005,0,1,1997,0,0,0,0,0,0,0,0,0,0
530005,1,1,1997,0,0,0,0,0,0,0,0,0,0
530006,1,1,1997,0,8,0,25,9,0,41,26,28,14
530007,0,1,1997,0,0,0,0,0,0,0,0,0,0
530007,1,1,1997,0,0,0,0,0,0,0,0,0,0
530008,1,1,1997,13,0,0,0,14,7,0,33,8,16
530009,0,1,1997,0,0,0,0,0,0,0,0,0,0
530009,0,2,1997,12,0,11,13,0,0,18,0,12,30