ST_CASE,VEH_NO,PER_NO,YEAR,P1,P2,P3,P4,P5,P6,P7,P8,P9,P10
530287,2,1,1997,0,0,0,0,0,0,0,0,0,0
530288,0,1,1997,0,0,0,0,0,0,0,0,0,0
530288,1,1,1997,0,0,0,0,0,0,0,0,0,0
530289,1,1,1997,15,15,15,15,15,15,15,15,15,15
530290,1,1,1997,0,0,0,0,0,0,0,0,0,0
530290,2,1,1997,0,0,0,0,0,0,0,0,0,0
530291,1,1,1997,0,0,6,0,0,0,0,0,0,0
530291,2,1,1997,2,2,2,2,2,2,2,2,2,2
530292,1,1,1997,0,0,0,0,0,0,0,0,0,0
530292,2,1,1997,0,0,0,0,0,0,0,0,0,0
530292,3,1,1997,0,0,0,0,0,0,0,0,0,0
530293,1,1,1997,0,0,0,0,0,0,0,0,0,0
530293,2,1,1997,0,0,0,0,0,0,0,8,0,0
530294,1,1,1997,19,19,19,19,19,19,19,19,19,19
530295,1,1,1997,0,0,0,0,10,0,0,0,0,0
530295,2,1,1997,0,0,0,0,0,0,0,0,0,0
530296,1,1,1997,14,14,14,14,14,14,14,14,14,14
530297,1,1,1997,7,7,7,7,7,7,7,7,7,7
530298,1,1,1997,14,14,14,14,14,14,14,14,14,14
530299,1,1,1997,0,0,0,0,0,0,0,0,0,0
530300,1,1,1997,18,18,18,18,18,18,18,18,18,18
530301,0,1,1997,0,0,0,0,0,0,0,0,0,0
530301,1,1,1997,11,0,0,0,0,0,0,0,0,2
530302,1,1,1997,0,0,0,0,0,0,0,0,0,0
530302,2,1,1997,0,0,0,0,0,0,0,0,0,0
530303,1,1,1997,7,16,15,15,0,0,9,0,15,25
530304,1,1,1997,13,13,13,13,13,13,13,13,13,13
530305,1,1,1997,0,0,0,0,0,0,0,0,0,0
530306,1,1,1997,0,0,0,0,0,0,0,0,0,0
530307,1,1,1997,0,8,0,0,0,0,0,0,0,0
530308,1,1,1997,0,0,0,0,0,0,0,0,0,0
530309,1,1,1997,0,0,0,0,0,0,0,0,0,0
530309,2,1,1997,0,0,0,0,0,0,0,0,0,0
530310,1,1,1997,0,0,0,0,0,0,0,0,0,0
530310,2,1,1997,0,0,0,0,0,0,0,0,0,0
530310,3,1,1997,0,0,0,0,0,0,0,0,0,0
530311,1,1,1997,11,11,11,11,11,11,11,11,11,11
530312,1,1,1997,8,8,8,8,8,8,8,8,8,8
530312,2,1,1997,0,0,0,0,0,0,0,0,0,0
530313,1,1,1997,0,0,0,0,0,0,0,0,0,0
530313,2,1,1997,0,0,0,0,0,0,0,0,0,0
530314,1,1,1997,6,6,6,6,6,6,6,6,6,6
530315,1,1,1997,0,0,0,0,0,0,0,0,0,0
530315,2,1,1997,0,0,0,0,0,0,0,0,0,0
530316,1,1,1997,0,0,0,0,0,0,0,0,0,0
530317,1,1,1997,3,15,18,18,18,6,13,0,12,14
530318,1,1,1997,21,21,21,21,21,21,21,21,21,21
530319,1,1,1997,13,0,0,14,0,0,0,0,0,0
530320,1,1,1997,0,0,0,0,0,0,0,0,0,0
530321,1,1,1997,0,0,0,0,0,0,0,0,0,0
530322,1,1,1997,0,0,0,0,0,0,0,0,0,0
530323,1,1,1997,0,0,0,0,0,0,0,0,0,0
530324,0,1,1997,0,0,0,0,0,0,0,0,0,0
530324,1,1,1997,0,0,0,0,0,0,0,0,0,0
530325,1,1,1997,19,19,19,19,19,19,19,19,19,19
530326,0,1,1997,0,0,0,0,0,0,0,0,0,0
530326,1,1,1997,0,0,0,0,0,0,0,0,0,0
530327,1,1,1997,0,0,0,0,0,0,0,0,0,0
530327,2,1,1997,0,0,0,0,0,0,0,0,0,0
530327,3,1,1997,0,0,0,0,0,0,0,0,0,0
530327,4,1,1997,0,0,0,0,0,0,0,0,0,0
530327,5,1,1997,0,0,0,0,0,0,0,0,0,0
530328,1,1,1997,10,10,10,10,10,10,10,10,10,10
530329,1,1,1997,0,0,0,0,0,0,0,0,0,0
530330,1,1,1997,0,0,0,0,0,0,0,0,0,0
530330,2,1,1997,0,0,0,0,0,0,0,0,0,0
530331,0,1,1997,0,0,0,0,0,0,0,0,0,0
530331,1,1,1997,2,2,2,2,2,2,2,2,2,2
530331,2,1,1997,3,3,3,3,3,3,3,3,3,3
530332,1,1,1997,18,18,18,18,18,18,18,18,18,18
530333,1,1,1997,0,0,0,0,0,0,0,0,0,0
530334,1,1,1997,15,14,0,0,22,0,11,0,16,13
530335,0,1,1997,0,0,0,0,0,0,0,0,0,0
530335,1,1,1997,0,0,0,0,0,0,0,0,0,0
530336,1,1,1997,14,14,14,14,14,14,14,14,14,14
530337,1,1,1997,16,16,16,16,16,16,16,16,16,16
530337,2,1,1997,0,0,0,0,0,0,0,0,0,0
530338,1,1,1997,0,0,0,0,0,0,0,0,0,0
530339,1,1,1997,0,0,0,0,0,0,0,0,0,0
530340,1,1,1997,24,24,24,24,24,24,24,24,24,24
530340,2,1,1997,0,0,0,0,0,0,0,0,0,24
530341,1,1,1997,0,0,0,0,0,0,0,0,0,0
530342,1,1,1997,0,0,0,0,0,0,0,0,0,0
530342,2,1,1997,0,0,0,0,0,0,0,0,0,0
530342,3,1,1997,0,0,0,0,0,0,0,0,0,0
530343,1,1,1997,13,13,13,13,13,13,13,13,13,13
530343,2,1,1997,0,0,0,0,0,0,0,0,0,0
530344,0,1,1997,0,0,0,0,0,0,0,0,0,0
530344,0,2,1997,33,20,39,21,0,0,45,17,0,17
530344,1,1,1997,9,0,0,0,0,0,0,0,0,0
530345,0,1,1997,0,0,0,0,0,0,0,0,0,0
530345,1,1,1997,7,7,7,7,7,7,7,7,7,7
530346,1,1,1997,23,23,23,23,23,23,23,23,23,23
530347,1,1,1997,0,0,0,0,0,0,0,0,0,0
530348,1,1,1997,11,11,11,11,11,11,11,11,11,11
530349,1,1,1997,5,5,5,5,5,5,5,5,5,5
530349,2,1,1997,0,0,0,0,0,0,0,0,0,0
530350,1,1,1997,0,0,5,0,0,0,0,7,9,0
530350,2,1,1997,0,0,0,0,12,0,30,0,11,0
530351,1,1,1997,0,0,0,0,0,0,0,0,0,0
530352,1,1,1997,0,0,0,0,0,0,0,0,0,0
530352,2,1,1997,0,0,0,13,0,0,0,0,0,0
530353,1,1,1997,14,14,14,14,14,14,14,14,14,14
530353,2,1,1997,0,0,0,0,0,0,0,0,0,0
530354,0,1,1997,0,0,0,0,0,0,0,0,0,0
530354,1,1,1997,0,0,0,0,0,0,0,0,0,0
530355,0,1,1997,0,0,0,0,0,0,0,0,0,0
530355,1,1,1997,0,0,0,0,0,0,0,0,0,11
530356,1,1,1997,0,0,0,0,0,0,0,0,0,0
530356,2,1,1997,0,0,0,0,0,0,0,0,0,0
530357,1,1,1997,0,0,0,0,0,0,0,0,0,0
530357,2,1,1997,0,0,0,0,0,0,0,0,0,0
530357,3,1,1997,0,0,0,0,0,0,0,8,0,0
530358,1,1,1997,0,0,0,0,0,0,0,0,0,0
530358,2,1,1997,0,0,0,0,0,0,0,0,0,0
530359,1,1,1997,12,12,12,12,12,12,12,12,12,12
530360,1,1,1997,6,6,6,6,6,6,6,6,6,6
530360,2,1,1997,0,0,0,0,0,0,0,0,0,0
530361,0,1,1997,24,24,24,24,24,24,24,24,24,24
530361,1,1,1997,0,0,0,0,0,0,0,0,0,0
530362,1,1,1997,6,6,6,6,6,6,6,6,6,6
530363,1,1,1997,16,16,16,16,16,16,16,16,16,16
530364,1,1,1997,0,0,0,0,0,0,0,0,0,0
530364,2,1,1997,4,4,4,4,4,4,4,4,4,4
530365,1,1,1997,14,14,14,14,14,14,14,14,14,14
530366,1,1,1997,25,25,25,25,25,25,25,25,25,25
530367,1,1,1997,14,14,14,14,14,14,14,14,14,14
530368,1,1,1997,0,0,0,0,0,0,0,0,0,0
530369,1,1,1997,0,0,0,0,0,0,0,0,0,0
530370,1,1,1997,0,0,0,0,0,0,0,0,0,0
530370,2,1,1997,0,0,0,0,0,0,0,0,0,0
530370,3,1,1997,11,0,0,0,0,0,0,0,0,0
530371,1,1,1997,0,0,0,0,0,0,0,0,0,0
530372,1,1,1997,0,0,0,0,0,0,0,0,0,0
530372,2,1,1997,0,0,0,0,0,0,0,0,0,0
530373,1,1,1997,0,0,0,0,0,0,0,0,0,0
530373,2,1,1997,0,0,0,0,0,0,0,0,0,0
530374,1,1,1997,21,21,21,21,21,21,21,21,21,21
530374,2,1,1997,0,0,0,0,0,0,0,0,0,0
530375,1,1,1997,24,24,24,24,24,24,24,24,24,24
530376,0,1,1997,0,0,0,0,0,0,0,0,0,0
530376,1,1,1997,0,0,0,0,0,0,0,0,0,0
530377,0,1,1997,0,0,0,0,0,0,0,0,0,0
530377,1,1,1997,0,0,0,0,0,0,0,0,0,0
530378,1,1,1997,0,0,0,0,0,0,0,0,0,0
530378,2,1,1997,0,0,0,0,0,0,0,0,0,0
530379,1,1,1997,0,0,0,0,0,0,0,0,0,0
530380,1,1,1997,9,9,9,9,9,9,9,9,9,9
530381,1,1,1997,5,5,5,5,5,5,5,5,5,5
530382,1,1,1997,14,14,14,14,14,14,14,14,14,14
530383,0,1,1997,24,24,24,24,24,24,24,24,24,24
530383,1,1,1997,0,0,0,0,0,0,0,0,0,0
530384,0,1,1997,0,11,0,0,0,0,0,0,19,0
530384,1,1,1997,22,0,0,0,6,0,0,0,0,20
530385,1,1,1997,17,17,17,17,17,17,17,17,17,17
530386,1,1,1997,0,0,0,0,0,0,0,0,0,0
530386,2,1,1997,0,0,0,0,0,0,0,0,0,0
530387,1,1,1997,17,17,17,17,17,17,17,17,17,17
530387,2,1,1997,0,0,0,0,0,0,0,0,0,0
530388,1,1,1997,16,16,16,16,16,16,16,16,16,16
530389,1,1,1997,0,0,0,0,0,0,0,0,0,0
530389,2,1,1997,0,0,0,0,0,0,0,0,0,0
530390,1,1,1997,0,0,0,0,0,0,0,0,0,0
530390,2,1,1997,0,0,0,0,0,0,0,0,0,0
530390,3,1,1997,0,0,0,0,0,0,0,0,0,0
530391,1,1,1997,0,0,0,0,0,0,0,0,0,0
530392,0,1,1997,12,12,12,12,12,12,12,12,12,12
530392,1,1,1997,6,6,6,6,6,6,6,6,6,6
530393,1,1,1997,0,0,0,0,0,0,0,0,0,0
530393,2,1,1997,0,0,0,0,0,0,0,0,0,0
530394,1,1,1997,22,22,22,22,22,22,22,22,22,22
530395,1,1,1997,20,20,20,20,20,20,20,20,20,20
530395,2,1,1997,0,0,0,0,0,0,0,0,0,0
530396,1,1,1997,15,0,0,10,0,0,20,0,10,0
530396,2,1,1997,0,0,0,0,0,0,0,0,0,0
530397,0,1,1997,0,0,0,0,0,0,0,0,0,0
530397,1,1,1997,0,0,0,0,0,0,0,0,0,0
530398,1,1,1997,0,0,0,0,0,0,0,0,0,0
530398,2,1,1997,0,0,0,0,0,0,0,0,0,0
530399,1,1,1997,17,17,17,17,17,17,17,17,17,17
530400,1,1,1997,20,20,20,20,20,20,20,20,20,20
530401,1,1,1997,14,14,14,14,14,14,14,14,14,14
530401,2,1,1997,0,0,0,0,0,0,0,0,0,0
530402,1,1,1997,18,18,18,18,18,18,18,18,18,18
530403,1,1,1997,15,15,15,15,15,15,15,15,15,15
530404,1,1,1997,0,0,0,0,0,0,0,0,0,0
530404,2,1,1997,0,0,0,0,0,0,0,0,0,0
530405,1,1,1997,0,0,0,0,0,0,0,0,0,0
530406,1,1,1997,0,0,0,0,0,0,0,0,0,0
530406,2,1,1997,0,0,0,0,0,0,0,0,0,0
530407,0,1,1997,3,3,3,3,3,3,3,3,3,3
530407,1,1,1997,0,0,0,0,0,0,0,0,0,0
530408,1,1,1997,19,19,19,19,19,19,19,19,19,19
530409,1,1,1997,2,2,2,2,2,2,2,2,2,2
530409,2,1,1997,0,0,0,0,0,0,0,0,0,0
530410,1,1,1997,0,0,0,0,0,0,0,0,0,0
530410,2,1,1997,0,0,0,0,0,0,0,0,0,0
530411,1,1,1997,23,23,23,23,23,23,23,23,23,23
530412,1,1,1997,0,0,0,0,0,0,0,0,0,0
530413,1,1,1997,23,23,23,23,23,23,23,23,23,23
530413,2,1,1997,0,0,0,0,0,0,10,0,0,0
530414,1,1,1997,0,0,0,0,0,0,0,0,0,0
530414,2,1,1997,0,0,0,0,0,0,0,0,0,0
530414,3,1,1997,0,0,0,0,0,0,0,0,0,0
530415,1,1,1997,0,0,0,0,0,0,0,0,0,0
530415,2,1,1997,0,0,0,0,0,0,0,0,0,0
530415,3,1,1997,0,0,0,0,0,0,0,0,0,0
530415,4,1,1997,0,0,0,0,0,0,0,0,0,0
530415,5,1,1997,24,10,12,12,11,20,0,27,13,7
530415,6,1,1997,0,0,0,0,0,0,0,0,0,0
530417,1,1,1997,6,22,0,8,0,3,6,0,15,0
530417,2,1,1997,0,0,0,0,0,0,0,0,0,0
530417,3,1,1997,0,12,5,6,0,30,11,18,8,0
530418,0,1,1997,0,0,10,18,26,12,28,0,7,0
530418,1,1,1997,7,7,7,7,7,7,7,7,7,7
530419,1,1,1997,13,13,13,13,13,13,13,13,13,13
530420,1,1,1997,0,0,0,0,0,0,0,0,0,0
530420,2,1,1997,0,0,0,0,0,0,0,0,0,0
530421,1,1,1997,10,10,10,10,10,10,10,10,10,10
530422,1,1,1997,0,0,0,0,0,0,0,0,0,0
530422,2,1,1997,0,0,0,0,0,0,0,0,0,0
530423,1,1,1997,0,0,0,0,0,0,0,0,0,0
530423,2,1,1997,0,0,0,0,0,0,0,0,0,0
530424,1,1,1997,11,11,11,11,11,11,11,11,11,11
530424,2,1,1997,6,6,6,6,6,6,6,6,6,6
530425,1,1,1997,12,21,5,7,7,10,3,5,16,11
530426,1,1,1997,0,0,0,0,0,0,0,0,0,0
530427,1,1,1997,18,18,18,18,18,18,18,18,18,18
530428,1,1,1997,0,0,0,0,0,0,0,0,0,0
530428,2,1,1997,0,0,0,0,0,0,0,0,0,0
530429,1,1,1997,22,22,22,22,22,22,22,22,22,22
530430,1,1,1997,0,0,0,0,0,0,0,0,0,0
530430,2,1,1997,0,0,0,0,0,0,0,0,0,0
530431,0,1,1997,24,24,24,24,24,24,24,24,24,24
530431,1,1,1997,0,15,0,0,0,0,0,0,0,0
530432,1,1,1997,0,0,0,27,0,0,0,0,0,0
530433,1,1,1997,8,8,8,8,8,8,8,8,8,8
530434,1,1,1997,0,0,0,0,0,0,0,0,0,0
530434,2,1,1997,0,0,0,0,0,0,0,0,0,0
530435,1,1,1997,8,8,8,8,8,8,8,8,8,8
530436,1,1,1997,17,0,18,0,0,0,21,0,0,0
530436,2,1,1997,0,0,0,0,0,0,0,0,0,0
530437,1,1,1997,0,0,0,0,0,0,0,0,0,0
530437,2,1,1997,0,0,5,0,0,0,0,0,0,0
530438,0,1,1997,0,0,0,0,0,0,0,0,0,0
530438,0,2,1997,0,20,0,20,18,0,0,12,0,10
530438,0,3,1997,0,0,0,0,0,0,0,0,0,0
530438,1,1,1997,15,16,24,19,15,23,12,17,7,24
530439,1,1,1997,0,0,0,0,0,0,0,0,0,0
530439,2,1,1997,0,0,0,0,0,0,22,0,0,0
530440,0,1,1997,20,0,0,0,11,0,0,0,0,43
530440,1,1,1997,0,0,0,0,0,0,0,0,0,0
530441,1,1,1997,0,0,0,0,0,0,0,0,0,0
530441,2,1,1997,15,15,15,15,15,15,15,15,15,15
530442,1,1,1997,0,0,0,0,0,0,0,0,0,0
530442,2,1,1997,0,0,0,0,0,0,0,0,0,0
530442,3,1,1997,0,0,0,0,0,0,0,0,0,0
530443,1,1,1997,0,0,0,0,0,0,0,0,0,0
530444,1,1,1997,10,0,0,0,0,0,0,0,0,0
530444,2,1,1997,0,0,0,0,0,0,0,0,0,0
530445,1,1,1997,0,0,0,0,0,0,0,0,0,0
530445,2,1,1997,0,0,0,0,0,0,0,0,0,0
530446,1,1,1997,13,13,13,13,13,13,13,13,13,13
530447,1,1,1997,21,21,21,21,21,21,21,21,21,21
530448,1,1,1997,25,25,25,25,25,25,25,25,25,25
530449,1,1,1997,11,11,11,11,11,11,11,11,11,11
530449,2,1,1997,0,0,0,0,0,0,0,0,0,0
530450,1,1,1997,16,16,16,16,16,16,16,16,16,16
530451,1,1,1997,10,10,10,10,10,10,10,10,10,10
530452,1,1,1997,9,9,9,9,9,9,9,9,9,9
530453,1,1,1997,14,14,14,14,14,14,14,14,14,14
530454,0,1,1997,0,0,0,0,0,0,0,0,0,0
530454,1,1,1997,0,0,0,0,0,17,0,0,0,0
530455,1,1,1997,0,0,0,0,0,0,0,0,0,0
530455,2,1,1997,0,0,0,0,0,0,0,0,0,0
530456,1,1,1997,9,9,9,9,9,9,9,9,9,9
530456,2,1,1997,0,0,0,0,0,0,0,0,0,0
530457,0,1,1997,0,0,0,0,0,0,0,0,0,0
530457,1,1,1997,0,0,0,0,0,0,0,0,0,0
530458,1,1,1997,0,0,0,0,0,0,0,0,0,0
530459,1,1,1997,0,0,0,0,0,0,0,0,0,14
530460,1,1,1997,0,0,0,0,0,0,0,0,0,0
530461,1,1,1997,0,0,0,0,0,0,0,0,0,0
530462,1,1,1997,14,14,14,14,14,14,14,14,14,14
530462,2,1,1997,0,0,20,0,0,0,0,0,0,0
530463,1,1,1997,21,21,21,21,21,21,21,21,21,21
530464,1,1,1997,0,0,0,0,0,0,0,0,0,0
530464,2,1,1997,0,0,0,0,0,0,0,0,0,0
530465,1,1,1997,18,18,18,18,18,18,18,18,18,18
530465,2,1,1997,0,0,0,0,0,0,0,0,0,0
530465,3,1,1997,0,0,0,0,0,0,0,0,0,0
530465,4,1,1997,0,0,0,0,0,0,0,0,0,0
530466,1,1,1997,0,8,0,5,10,23,0,23,15,20
530467,1,1,1997,25,25,25,25,25,25,25,25,25,25
530467,2,1,1997,0,0,0,0,0,0,0,0,0,0
530467,3,1,1997,0,8,0,22,0,17,0,8,0,0
530467,4,1,1997,13,0,0,0,0,0,0,0,25,7
530468,1,1,1997,4,4,4,4,4,4,4,4,4,4
530469,1,1,1997,0,0,0,0,0,0,0,0,0,0
530469,2,1,1997,0,0,0,0,0,0,0,0,0,0
530470,1,1,1997,0,0,0,0,0,0,0,0,0,0
530471,1,1,1997,3,3,3,3,3,3,3,3,3,3
530472,0,1,1997,0,0,0,0,0,0,0,0,0,0
530472,1,1,1997,0,0,0,0,0,0,0,0,0,0
530473,1,1,1997,0,0,0,0,0,0,0,0,0,0
530473,2,1,1997,0,0,0,0,0,0,9,0,0,0
530473,3,1,1997,0,0,0,0,0,0,0,0,0,0
530474,1,1,1997,5,5,5,5,5,5,5,5,5,5
530475,1,1,1997,23,23,23,23,23,23,23,23,23,23
530475,2,1,1997,20,20,20,20,20,20,20,20,20,20
530476,1,1,1997,0,0,0,0,0,0,0,0,0,0
530476,2,1,1997,11,0,0,0,0,0,0,0,0,0
530476,3,1,1997,0,0,0,0,0,0,0,0,0,0
530477,1,1,1997,0,0,0,0,0,0,0,0,0,0
530478,1,1,1997,13,13,13,13,13,13,13,13,13,13
530478,2,1,1997,0,0,0,0,0,0,0,0,0,0
530479,1,1,1997,14,14,14,14,14,14,14,14,14,14
530479,2,1,1997,7,7,7,7,7,7,7,7,7,7
530480,1,1,1997,15,0,0,26,15,31,30,24,18,19
530481,1,1,1997,0,0,0,0,0,0,0,0,0,0
530482,1,1,1997,6,0,0,0,0,0,0,0,0,0
530482,2,1,1997,4,4,4,4,4,4,4,4,4,4
530482,3,1,1997,0,0,0,0,0,0,0,0,0,0
530483,1,1,1997,0,0,0,0,0,0,0,0,0,0
530483,2,1,1997,0,0,0,0,0,0,0,0,0,0
530483,3,1,1997,0,0,0,0,0,0,0,0,0,0
530484,0,1,1997,11,11,11,11,11,11,11,11,11,11
530484,1,1,1997,0,0,0,0,0,0,0,0,0,0
530485,0,1,1997,0,0,0,0,0,0,0,0,0,0
530486,1,1,1997,12,12,12,12,12,12,12,12,12,12
530486,2,1,1997,0,0,0,0,0,0,0,0,0,0
530486,3,1,1997,0,0,0,0,0,0,0,0,0,0
530487,1,1,1997,0,0,0,0,0,0,0,0,0,0
530488,0,1,1997,0,0,0,0,0,0,0,0,0,0
530488,1,1,1997,0,0,0,0,0,0,0,0,0,0
530489,1,1,1997,0,0,0,0,0,0,0,0,0,0
530490,1,1,1997,13,13,13,13,13,13,13,13,13,13
530492,1,1,1997,0,0,0,0,0,0,0,0,0,0
530493,1,1,1997,18,18,18,18,18,18,18,18,18,18
530494,1,1,1997,17,17,17,17,17,17,17,17,17,17
530495,0,1,1997,5,5,5,5,5,5,5,5,5,5
530495,1,1,1997,22,31,20,20,12,12,22,8,21,36
530496,0,1,1997,0,0,0,0,0,0,0,0,0,0
530496,1,1,1997,0,0,0,0,0,0,0,0,0,0
530497,1,1,1997,0,0,0,0,0,0,0,0,0,0
530497,2,1,1997,0,0,0,0,0,0,0,0,0,0
530498,1,1,1997,26,26,26,26,26,26,26,26,26,26
530499,1,1,1997,0,0,0,0,0,0,0,0,0,0
530500,1,1,1997,11,11,11,11,11,11,11,11,11,11
530501,1,1,1997,19,19,19,19,19,19,19,19,19,19
530501,2,1,1997,0,0,0,0,0,0,0,0,8,0
530502,1,1,1997,21,21,21,21,21,21,21,21,21,21
530502,2,1,1997,0,0,0,0,0,0,0,0,0,0
530503,0,1,1997,0,0,0,0,0,0,0,0,0,0
530503,0,2,1997,19,15,3,0,0,19,0,0,24,0
530503,0,3,1997,0,0,0,0,0,0,0,0,0,0
530503,1,1,1997,0,0,0,0,0,0,0,0,0,0
530504,1,1,1997,0,0,0,0,0,0,0,0,0,0
530505,1,1,1997,0,0,0,0,0,0,0,0,0,0
530505,2,1,1997,0,0,0,0,0,0,0,0,0,0
530506,1,1,1997,9,9,9,9,9,9,9,9,9,9
530507,1,1,1997,0,0,0,0,0,0,0,0,0,0
530507,2,1,1997,0,0,0,0,0,0,0,0,0,0
530508,0,1,1997,0,0,0,0,33,0,0,0,0,0
530508,1,1,1997,0,0,0,0,0,0,0,0,0,0
530509,0,1,1997,27,27,27,27,27,27,27,27,27,27
530509,1,1,1997,0,0,0,8,0,0,0,0,17,0
530510,1,1,1997,7,10,0,13,19,18,13,14,26,0
530511,0,1,1997,0,0,17,0,30,0,27,10,26,16
530511,0,2,1997,0,0,0,0,0,0,0,0,0,0
530511,0,3,1997,0,0,0,0,0,0,0,0,0,0
530511,1,1,1997,1,1,1,1,1,1,1,1,1,1
530512,0,1,1997,0,0,0,0,0,0,0,0,0,0
530512,1,1,1997,0,0,0,0,0,0,0,0,0,0
530513,1,1,1997,16,16,16,16,16,16,16,16,16,16
530513,2,1,1997,0,0,0,0,0,0,0,0,0,0
530514,1,1,1997,12,0,13,0,12,21,17,0,0,18
530515,1,1,1997,0,0,0,0,0,0,0,0,0,0
530515,2,1,1997,0,0,0,0,0,0,0,0,0,0
530516,1,1,1997,17,17,17,17,17,17,17,17,17,17
530516,2,1,1997,0,0,0,0,0,0,0,0,0,0
530517,1,1,1997,13,13,13,13,13,13,13,13,13,13
530517,2,1,1997,0,2,0,0,0,0,0,0,0,0
530518,1,1,1997,25,25,25,25,25,25,25,25,25,25
530519,1,1,1997,0,0,0,0,0,0,0,0,0,0
530520,1,1,1997,0,0,0,0,0,0,0,0,0,0
530521,1,1,1997,29,18,7,0,19,24,9,25,22,0
530521,2,1,1997,0,0,0,0,0,0,0,0,0,0
530522,0,1,1997,0,0,0,0,0,0,0,0,0,0
530522,1,1,1997,0,0,0,0,0,0,0,0,0,0
530522,2,1,1997,0,0,0,0,0,0,0,0,0,0
530523,1,1,1997,0,0,0,0,0,0,0,0,0,0
530523,2,1,1997,0,0,0,0,0,0,0,0,0,0
530524,0,1,1997,0,0,0,0,0,0,0,0,0,0
530524,1,1,1997,0,0,0,0,0,0,0,0,0,0
530524,2,1,1997,0,0,0,0,0,0,0,0,0,0
530525,1,1,1997,0,7,12,0,0,0,19,0,0,27
530526,1,1,1997,0,0,0,0,0,0,0,0,0,0
530527,1,1,1997,0,0,0,0,0,0,0,0,0,0
530528,1,1,1997,0,0,0,0,0,0,0,0,0,0
530529,1,1,1997,0,22,0,0,0,0,0,0,0,0
530530,1,1,1997,0,0,0,0,0,0,0,0,0,0
530530,2,1,1997,0,0,0,0,0,0,0,0,0,0
530531,1,1,1997,0,0,0,0,0,0,0,0,0,0
530532,1,1,1997,0,0,0,0,0,0,0,0,0,0
530533,1,1,1997,0,0,0,0,0,0,0,0,0,0
530533,2,1,1997,0,0,0,0,0,0,0,0,0,0
530534,1,1,1997,0,0,0,0,0,0,0,0,0,0
530534,2,1,1997,0,0,0,0,0,0,0,0,0,0
530535,1,1,1997,0,0,0,0,0,0,0,0,0,0
530535,2,1,1997,0,0,0,0,0,26,18,6,4,0
530536,1,1,1997,0,0,0,0,0,0,0,0,0,0
530536,2,1,1997,0,0,0,0,0,0,0,0,0,0
530537,0,1,1997,21,21,21,21,21,21,21,21,21,21
530537,1,1,1997,0,0,0,0,0,0,0,0,0,0
530538,1,1,1997,10,21,10,0,13,6,0,0,0,11
530539,1,1,1997,15,15,15,15,15,15,15,15,15,15
530540,1,1,1997,0,0,0,0,0,0,0,0,0,0
530540,2,1,1997,0,0,0,0,0,0,0,0,0,0
530540,3,1,1997,0,0,0,0,0,0,0,0,0,0
530541,1,1,1997,0,15,23,19,28,0,11,0,30,0
530542,1,1,1997,0,0,0,0,0,0,0,0,0,0
530542,2,1,1997,0,0,0,0,0,0,0,0,0,0
530544,1,1,1997,0,0,0,0,0,0,0,0,0,0
530545,1,1,1997,21,22,2,15,0,18,9,11,12,19
530546,1,1,1997,0,0,0,0,0,0,0,0,0,0
530547,1,1,1997,0,0,0,0,0,0,0,0,0,0
530548,0,1,1997,0,0,0,0,0,0,0,0,0,0
530548,1,1,1997,0,0,0,0,0,0,0,0,0,0
530549,1,1,1997,3,3,3,3,3,3,3,3,3,3
530550,1,1,1997,16,16,16,16,16,16,16,16,16,16
530551,1,1,1997,0,0,0,0,0,0,0,0,0,0
530552,1,1,1997,14,14,14,14,14,14,14,14,14,14
530553,1,1,1997,0,0,0,25,0,0,0,0,0,0
530553,2,1,1997,0,0,0,0,0,0,0,0,0,0
530554,1,1,1997,0,0,0,0,0,0,0,0,0,0
530555,1,1,1997,0,0,0,0,0,0,0,0,0,0
530555,2,1,1997,0,0,0,0,0,0,0,0,0,0
530555,3,1,1997,0,0,0,0,0,0,0,0,0,0
530556,1,1,1997,0,0,0,0,0,0,0,0,0,0
530557,1,1,1997,0,0,22,0,0,14,0,0,0,0
530558,0,1,1997,0,0,0,0,0,0,0,0,0,0
530558,1,1,1997,0,0,0,5,0,0,19,0,0,0
530559,0,1,1997,0,0,0,0,0,0,0,0,0,0
530559,1,1,1997,0,0,0,0,0,0,0,0,0,0
530560,1,1,1997,0,0,0,0,0,0,0,0,0,0
530560,2,1,1997,0,0,0,0,0,0,0,0,0,0
530560,3,1,1997,0,0,0,0,0,0,0,0,0,0
530561,1,1,1997,20,20,20,20,20,20,20,20,20,20
530562,1,1,1997,0,0,0,0,0,0,0,0,0,0
530563,1,1,1997,0,0,0,0,0,0,0,0,0,0
530563,2,1,1997,19,19,19,19,19,19,19,19,19,19
530564,1,1,1997,0,0,0,0,0,0,0,0,0,0
530564,2,1,1997,0,0,7,0,0,0,0,0,2,0