ST_CASE,VEH_NO,PER_NO,YEAR,P1,P2,P3,P4,P5,P6,P7,P8,P9,P10
61273,1,1,1997,0,0,0,0,0,0,0,0,0,0
61273,2,1,1997,0,0,0,0,0,0,0,0,0,0
61274,1,1,1997,0,0,0,0,0,0,0,0,0,0
61274,2,1,1997,0,0,0,0,0,0,0,0,0,0
61275,1,1,1997,0,0,0,0,0,0,0,0,0,0
61275,2,1,1997,0,0,0,0,0,0,0,0,0,0
61276,1,1,1997,0,0,0,0,0,0,0,0,0,0
61277,1,1,1997,0,0,0,0,0,0,0,0,0,0
61278,1,1,1997,26,26,26,26,26,26,26,26,26,26
61279,1,1,1997,0,0,0,0,0,0,0,0,0,0
61279,2,1,1997,0,0,0,0,0,0,0,0,0,0
61280,1,1,1997,0,0,0,0,0,0,0,0,0,0
61281,0,1,1997,0,0,0,0,0,0,0,0,0,0
61281,1,1,1997,0,9,0,0,0,0,0,0,0,0
61282,1,1,1997,0,0,0,0,0,0,0,2,0,0
61282,2,1,1997,0,0,0,0,0,0,0,0,0,0
61283,1,1,1997,0,0,0,0,0,0,0,0,0,0
61283,2,1,1997,0,0,0,0,0,0,0,0,0,0
61284,1,1,1997,0,0,0,0,0,0,0,0,0,0
61285,1,1,1997,13,13,13,13,13,13,13,13,13,13
61286,1,1,1997,0,0,0,0,0,0,0,0,0,0
61287,0,1,1997,3,3,3,3,3,3,3,3,3,3
61287,1,1,1997,0,0,0,0,0,49,0,0,5,0
61287,2,1,1997,0,0,0,0,0,0,0,0,0,0
61288,0,1,1997,0,0,0,0,0,0,0,0,0,0
61288,1,1,1997,18,18,18,18,18,18,18,18,18,18
61289,1,1,1997,0,0,0,0,0,0,0,0,0,0
61290,1,1,1997,12,12,12,12,12,12,12,12,12,12
61291,1,1,1997,36,36,36,36,36,36,36,36,36,36
61292,1,1,1997,13,13,13,13,13,13,13,13,13,13
61293,1,1,1997,12,12,12,12,12,12,12,12,12,12
61293,2,1,1997,3,3,3,3,3,3,3,3,3,3
61294,0,1,1997,29,29,29,29,29,29,29,29,29,29
61294,1,1,1997,0,0,0,0,0,0,0,0,0,0
61294,2,1,1997,0,0,0,0,0,0,0,0,0,11
61294,3,1,1997,20,0,0,8,7,0,0,0,6,0
61295,1,1,1997,0,0,0,0,0,0,0,0,0,0
61295,2,1,1997,0,0,0,0,0,26,0,0,0,0
61296,1,1,1997,0,0,0,0,0,0,0,0,0,0
61296,2,1,1997,0,0,0,0,0,0,0,0,0,0
61297,1,1,1997,0,0,0,0,0,0,0,0,0,0
61298,1,1,1997,0,0,0,0,0,0,0,0,0,0
61298,2,1,1997,0,0,0,0,0,0,0,0,0,0
61299,0,1,1997,39,39,39,39,39,39,39,39,39,39
61299,1,1,1997,0,0,0,0,0,0,0,0,0,0
61300,1,1,1997,17,17,17,17,17,17,17,17,17,17
61301,1,1,1997,0,0,0,0,0,0,0,0,0,0
61302,1,1,1997,0,0,0,0,0,0,0,0,0,0
61302,2,1,1997,0,0,0,0,0,0,0,0,0,0
61303,1,1,1997,0,0,0,0,0,0,0,0,0,0
61304,1,1,1997,3,3,3,3,3,3,3,3,3,3
61304,2,1,1997,0,0,0,0,0,0,0,0,0,0
61305,1,1,1997,13,13,13,13,13,13,13,13,13,13
61306,1,1,1997,0,0,0,0,0,0,0,0,0,0
61306,2,1,1997,0,0,0,0,0,0,0,0,0,0
61307,0,1,1997,14,14,14,14,14,14,14,14,14,14
61307,1,1,1997,0,0,0,0,0,0,0,0,0,0
61307,2,1,1997,0,0,0,0,0,0,0,0,0,0
61308,1,2,1997,0,0,0,0,0,0,0,0,18,0
61309,1,1,1997,4,4,4,4,4,4,4,4,4,4
61310,1,1,1997,0,0,0,0,0,0,0,0,0,0
61310,2,1,1997,0,0,0,0,0,0,0,0,0,0
61310,3,1,1997,0,0,0,0,0,0,0,0,0,0
61310,4,1,1997,0,0,0,0,0,0,0,0,0,0
61311,1,1,1997,0,0,0,0,0,0,0,0,0,0
61311,2,1,1997,0,0,0,0,0,0,0,0,0,0
61311,3,1,1997,0,17,0,0,0,0,0,0,0,0
61312,1,1,1997,0,0,0,0,0,0,0,0,0,0
61312,2,1,1997,0,0,0,0,0,0,0,0,0,0
61313,1,1,1997,0,0,26,0,0,0,0,0,28,0
61314,1,1,1997,0,0,0,0,0,0,0,0,0,0
61315,0,1,1997,0,0,0,0,0,0,0,0,0,0
61315,0,2,1997,0,0,0,0,0,0,0,0,0,0
61315,1,1,1997,0,0,0,0,0,0,0,0,0,0
61316,1,1,1997,11,11,11,11,11,11,11,11,11,11
61316,2,1,1997,26,0,0,0,0,0,0,0,0,0
61317,1,1,1997,0,0,0,0,0,0,0,0,0,0
61317,2,1,1997,0,0,0,0,0,0,0,0,0,0
61318,0,1,1997,0,0,0,0,0,0,0,0,0,0
61318,1,1,1997,0,0,0,0,0,0,0,0,0,0
61319,1,1,1997,0,0,0,0,0,0,0,0,0,0
61319,2,1,1997,0,0,0,0,0,0,0,0,0,0
61319,3,1,1997,0,0,0,0,0,0,0,0,0,0
61320,1,1,1997,0,0,0,0,0,0,0,0,0,0
61320,2,1,1997,0,0,0,0,0,0,0,0,0,0
61321,1,1,1997,0,0,0,0,0,0,0,0,0,0
61321,2,1,1997,0,0,0,0,0,0,0,0,0,0
61321,3,1,1997,0,0,0,0,0,0,0,0,0,0
61322,1,1,1997,0,0,0,0,0,0,0,0,0,0
61323,1,1,1997,0,16,0,0,0,0,0,0,0,0
61323,2,1,1997,0,0,0,0,0,0,0,0,0,0
61324,0,1,1997,0,0,0,0,0,0,0,0,0,0
61324,1,1,1997,0,0,0,0,0,0,0,0,0,0
61325,1,1,1997,30,30,30,30,30,30,30,30,30,30
61326,1,1,1997,25,25,25,25,25,25,25,25,25,25
61327,1,1,1997,0,0,0,0,0,0,0,0,0,0
61327,2,1,1997,0,0,0,0,0,0,0,0,0,0
61327,3,1,1997,0,0,0,0,0,0,0,0,0,0
61328,1,1,1997,2,2,2,2,2,2,2,2,2,2
61329,0,1,1997,0,0,0,0,0,0,0,0,0,0
61329,1,1,1997,0,0,0,0,0,0,0,0,0,0
61330,1,1,1997,19,19,19,19,19,19,19,19,19,19
61331,1,1,1997,13,13,13,13,13,13,13,13,13,13
61332,1,1,1997,17,17,17,17,17,17,17,17,17,17
61333,1,1,1997,16,16,16,16,16,16,16,16,16,16
61334,1,1,1997,7,7,7,7,7,7,7,7,7,7
61335,1,1,1997,27,10,27,25,27,17,32,13,17,23
61336,1,1,1997,0,0,0,0,0,0,0,0,0,0
61337,1,1,1997,17,17,17,17,17,17,17,17,17,17
61338,0,1,1997,0,0,0,0,0,0,0,0,0,0
61338,1,1,1997,0,0,0,0,0,0,0,0,0,0
61339,0,1,1997,17,23,18,41,28,0,17,0,0,0
61339,1,1,1997,0,0,21,16,0,0,0,0,0,7
61340,1,1,1997,21,21,21,21,21,21,21,21,21,21
61341,1,1,1997,0,0,0,0,0,0,0,0,0,0
61342,1,1,1997,0,0,0,0,0,0,0,0,0,0
61343,1,1,1997,0,0,0,0,0,0,0,0,0,0
61344,1,1,1997,13,13,13,13,13,13,13,13,13,13
61345,1,1,1997,13,13,13,13,13,13,13,13,13,13
61346,0,1,1997,27,27,27,27,27,27,27,27,27,27
61346,1,1,1997,0,0,0,0,0,0,0,0,0,0
61347,1,1,1997,0,0,0,0,0,0,0,0,0,0
61347,2,1,1997,13,13,13,13,13,13,13,13,13,13
61348,0,1,1997,0,0,0,0,0,0,0,0,0,0
61348,0,2,1997,11,0,0,0,0,0,0,12,22,0
61348,1,1,1997,0,0,0,0,0,0,0,0,0,0
61349,1,1,1997,6,0,0,0,0,0,0,0,0,0
61349,2,1,1997,0,0,0,0,0,0,0,0,0,0
61350,1,1,1997,13,28,33,38,0,21,19,49,11,22
61351,0,1,1997,0,0,0,0,0,0,0,0,0,0
61351,1,1,1997,0,0,0,0,0,0,0,0,0,0
61352,0,1,1997,0,0,0,0,0,0,0,0,0,0
61352,1,1,1997,0,0,0,19,0,0,0,12,14,0
61353,1,1,1997,0,0,0,0,0,0,0,0,0,0
61353,2,1,1997,0,0,0,0,0,0,0,0,0,0
61354,1,1,1997,0,0,0,0,0,0,0,0,0,0
61354,2,1,1997,0,0,0,0,0,0,0,0,0,0
61355,1,1,1997,0,0,0,0,0,0,0,0,0,0
61356,1,1,1997,6,6,6,6,6,6,6,6,6,6
61357,1,1,1997,2,2,2,2,2,2,2,2,2,2
61358,1,1,1997,0,0,0,0,0,0,0,0,0,0
61359,1,1,1997,0,0,0,0,0,0,0,0,0,0
61359,2,1,1997,0,0,0,0,0,0,0,0,0,0
61360,0,1,1997,0,0,0,0,0,0,0,0,0,0
61360,1,1,1997,0,0,0,0,0,0,0,0,0,0
61361,1,1,1997,0,0,0,0,0,0,0,0,0,0
61361,2,1,1997,0,0,0,0,0,0,0,0,0,0
61362,0,1,1997,31,31,31,31,31,31,31,31,31,31
61362,1,1,1997,0,0,0,0,0,34,4,0,0,0
61363,1,1,1997,18,18,18,18,18,18,18,18,18,18
61364,1,1,1997,0,0,0,0,0,0,0,0,0,0
61364,2,1,1997,0,0,0,0,0,0,0,0,0,0
61365,1,1,1997,0,0,0,0,0,0,0,0,0,0
61365,2,1,1997,0,0,0,0,0,0,0,0,0,0
61365,3,1,1997,0,0,0,0,0,0,0,0,0,0
61365,4,1,1997,0,0,0,0,0,0,0,0,0,0
61365,5,1,1997,0,0,0,0,0,0,0,0,0,0
61366,1,1,1997,14,14,14,14,14,14,14,14,14,14
61367,1,1,1997,0,0,0,0,0,0,0,0,0,0
61368,1,1,1997,0,0,0,0,0,0,0,0,0,0
61368,2,1,1997,0,0,0,0,0,0,0,0,0,0
61369,0,1,1997,0,0,0,0,0,0,0,0,0,0
61369,0,2,1997,0,0,0,0,0,0,0,0,0,0
61369,1,1,1997,0,0,0,0,0,0,0,0,0,0
61370,1,1,1997,0,0,0,0,0,0,0,0,0,0
61370,2,1,1997,0,0,0,0,0,0,0,0,0,0
61371,0,1,1997,0,0,0,0,0,0,0,0,0,0
61371,1,1,1997,0,0,0,0,0,0,0,4,6,5
61372,1,1,1997,0,0,0,0,0,0,0,0,0,0
61373,0,1,1997,0,0,0,0,0,0,0,0,0,0
61373,1,1,1997,0,0,0,0,0,0,0,0,0,0
61374,1,1,1997,0,0,0,0,0,0,0,0,0,0
61375,1,1,1997,12,12,12,12,12,12,12,12,12,12
61376,1,1,1997,0,0,0,0,0,0,0,0,0,0
61376,2,1,1997,0,0,0,0,0,0,0,0,0,0
61377,1,1,1997,0,0,0,0,0,0,0,0,0,0
61377,2,1,1997,0,0,0,0,0,0,0,0,0,0
61377,3,1,1997,0,0,0,0,0,0,0,0,0,0
61378,1,1,1997,0,0,0,0,0,0,0,0,0,0
61378,2,1,1997,0,0,0,0,0,0,0,0,0,0
61378,3,1,1997,0,0,0,0,0,0,0,0,0,0
61379,1,1,1997,22,22,22,22,22,22,22,22,22,22
61379,2,1,1997,6,6,6,6,6,6,6,6,6,6
61380,1,1,1997,0,0,0,0,0,0,0,0,0,0
61380,2,1,1997,0,0,0,0,0,0,0,0,0,0
61381,1,1,1997,0,0,0,0,0,0,0,0,0,0
61381,2,1,1997,0,0,0,0,0,0,0,0,0,0
61382,1,1,1997,33,33,33,33,33,33,33,33,33,33
61382,2,1,1997,0,0,0,0,0,0,0,0,0,0
61383,1,1,1997,0,0,0,0,0,0,0,0,0,0
61383,2,1,1997,0,0,0,0,0,0,0,0,0,0
61383,3,1,1997,0,0,0,0,0,0,0,0,0,0
61383,4,1,1997,0,0,0,0,0,0,0,0,0,0
61383,5,1,1997,0,0,0,0,0,0,0,0,0,0
61384,1,1,1997,0,0,0,0,0,0,0,0,0,0
61384,2,1,1997,0,0,0,0,0,0,0,0,0,0
61385,1,1,1997,0,0,0,0,0,0,0,0,0,0
61386,1,1,1997,19,10,27,18,10,17,7,16,0,16
61387,0,1,1997,14,14,14,14,14,14,14,14,14,14
61387,2,1,1997,6,6,6,6,6,6,6,6,6,6
61388,1,1,1997,0,0,0,0,0,0,0,0,0,0
61388,2,1,1997,36,36,36,36,36,36,36,36,36,36
61389,1,1,1997,24,24,24,24,24,24,24,24,24,24
61389,2,1,1997,0,0,0,0,0,0,0,0,0,0
61390,1,1,1997,0,0,0,0,0,0,0,0,0,0
61390,2,1,1997,0,0,0,0,0,0,0,0,0,0
61390,3,1,1997,0,0,0,0,0,0,0,0,0,0
61390,4,1,1997,0,0,11,0,0,0,0,0,0,0
61391,0,1,1997,0,0,0,0,0,0,0,0,0,0
61391,1,1,1997,0,0,0,0,0,0,0,0,0,0
61392,1,1,1997,26,26,26,26,26,26,26,26,26,26
61393,1,1,1997,0,0,0,0,0,0,0,0,0,0
61394,1,1,1997,0,4,0,0,0,0,0,0,0,0
61395,0,1,1997,0,0,0,0,0,0,0,0,0,0
61395,1,1,1997,0,0,0,0,0,0,0,0,0,0
61396,1,1,1997,0,0,0,0,0,0,0,0,0,0
61396,2,1,1997,0,0,0,0,0,0,0,0,0,0
61397,1,1,1997,0,0,0,0,0,0,0,0,0,0
61397,2,1,1997,0,0,0,0,0,0,0,0,0,0
61398,1,1,1997,0,0,0,0,0,0,0,0,0,0
61398,2,1,1997,0,0,0,0,0,0,0,0,0,0
61398,3,1,1997,0,0,0,0,0,0,0,0,0,0
61399,1,1,1997,0,0,0,0,0,0,0,0,0,0
61400,0,1,1997,0,0,0,0,38,0,0,0,0,17
61400,1,1,1997,0,0,0,0,0,0,0,0,0,0
61401,1,1,1997,14,14,14,14,14,14,14,14,14,14
61402,0,1,1997,0,0,34,0,0,0,0,27,0,0
61402,0,2,1997,21,31,0,0,0,0,0,23,0,0
61402,1,1,1997,0,0,0,0,0,0,0,0,0,0
61403,1,1,1997,0,0,0,0,0,0,0,0,0,0
61403,2,1,1997,0,0,0,0,0,0,0,0,0,0
61404,1,1,1997,0,0,0,0,0,0,0,0,0,7
61405,1,1,1997,0,0,0,7,8,0,0,0,0,13
61405,2,1,1997,2,2,2,2,2,2,2,2,2,2
61406,1,1,1997,0,0,0,0,0,0,0,0,0,0
61407,1,1,1997,0,0,0,0,0,0,0,0,0,0
61407,2,1,1997,0,0,0,0,0,0,0,0,0,0
61408,1,1,1997,5,5,5,5,5,5,5,5,5,5
61408,2,1,1997,0,25,0,0,0,0,0,0,0,0
61409,1,1,1997,0,0,0,0,0,0,0,0,0,0
61409,2,1,1997,0,0,0,0,0,0,0,0,0,2
61410,0,1,1997,0,0,0,0,0,0,0,0,0,0
61410,0,2,1997,0,0,0,40,0,0,0,0,0,0
61410,1,1,1997,0,0,0,0,0,0,0,0,0,0
61411,1,1,1997,0,0,0,0,0,0,0,0,0,0
61411,2,1,1997,0,0,0,0,0,0,0,0,0,0
61412,0,1,1997,0,0,0,0,0,0,0,0,0,0
61412,1,1,1997,0,0,0,0,0,0,0,0,0,0
61413,0,1,1997,0,0,0,0,0,0,0,0,0,0
61413,1,1,1997,0,0,0,0,0,0,0,0,0,0
61414,1,1,1997,0,0,0,0,0,0,0,0,0,0
61414,2,1,1997,0,0,0,0,0,0,0,0,0,0
61415,1,1,1997,15,15,15,15,15,15,15,15,15,15
61415,2,1,1997,0,0,0,0,0,0,0,0,0,0
61415,3,1,1997,0,0,0,0,0,0,0,0,0,0
61416,0,1,1997,0,0,0,0,0,0,0,0,0,0
61416,1,1,1997,0,0,0,0,0,0,0,0,0,0
61417,0,1,1997,0,0,0,0,0,0,0,0,0,0
61417,1,1,1997,28,4,0,0,0,0,0,0,0,0
61418,1,1,1997,0,0,0,0,0,0,0,0,0,0
61419,1,1,1997,0,0,0,0,0,0,0,0,0,0
61420,1,1,1997,0,0,0,0,0,0,0,0,0,0
61420,2,1,1997,0,0,0,0,0,0,0,0,0,0
61421,1,1,1997,0,0,0,0,0,0,0,0,0,0
61422,1,1,1997,0,0,0,0,0,0,0,0,0,0
61422,2,1,1997,0,0,0,0,0,0,0,0,0,0
61422,3,1,1997,0,0,0,0,0,0,0,0,0,0
61422,4,1,1997,0,0,0,0,0,0,0,0,0,0
61423,1,1,1997,0,0,0,0,0,0,0,0,0,0
61423,2,1,1997,0,0,0,0,0,0,0,0,0,0
61423,3,1,1997,0,0,0,0,0,0,0,17,0,0
61424,2,1,1997,0,0,0,9,0,0,0,0,0,0
61425,1,1,1997,13,13,13,13,13,13,13,13,13,13
61426,1,1,1997,0,0,0,0,0,0,0,0,0,0
61427,1,1,1997,0,0,0,0,0,0,0,0,0,0
61428,1,1,1997,0,0,0,0,0,0,0,0,0,0
61428,2,1,1997,0,0,0,14,0,0,0,0,0,0
61429,1,1,1997,0,0,0,0,0,0,0,0,0,0
61429,2,1,1997,0,0,0,0,0,0,0,0,0,0
61430,1,1,1997,0,0,0,0,0,0,0,0,0,0
61431,1,1,1997,0,0,0,0,0,0,0,0,0,0
61431,2,1,1997,0,14,0,0,0,0,0,0,0,0
61432,1,1,1997,21,21,21,21,21,21,21,21,21,21
61433,1,1,1997,3,3,3,3,3,3,3,3,3,3
61434,0,1,1997,0,0,0,0,0,0,0,0,0,0
61434,1,1,1997,0,0,0,0,0,0,0,0,0,0
61435,1,1,1997,0,0,0,0,0,0,0,0,0,0
61435,2,1,1997,0,0,0,0,0,0,0,0,0,0
61436,1,1,1997,0,0,0,0,0,0,0,0,0,0
61436,2,1,1997,0,0,0,0,0,0,0,0,0,0
61437,1,1,1997,0,0,0,0,0,0,0,0,0,0
61437,2,1,1997,4,4,4,4,4,4,4,4,4,4
61438,1,1,1997,0,0,0,0,0,0,0,0,0,0
61439,1,1,1997,1,1,1,1,1,1,1,1,1,1
61440,1,1,1997,0,0,0,0,0,0,0,0,0,0
61441,1,1,1997,3,3,3,3,3,3,3,3,3,3
61442,0,1,1997,0,0,0,0,0,0,0,0,0,0
61442,1,1,1997,0,0,0,0,0,0,0,0,0,0
61443,0,1,1997,15,15,15,15,15,15,15,15,15,15
61443,1,1,1997,0,0,0,0,0,0,0,0,0,0
61444,1,1,1997,0,0,0,0,0,0,0,0,0,0
61444,2,1,1997,0,0,0,0,0,0,0,0,0,0
61445,1,1,1997,0,0,0,0,0,0,0,0,0,0
61445,2,1,1997,0,0,0,0,0,0,0,0,0,0
61446,0,1,1997,22,22,22,22,22,22,22,22,22,22
61446,1,1,1997,0,0,0,0,0,0,0,0,0,0
61447,1,1,1997,0,0,0,0,0,0,0,0,0,0
61448,1,1,1997,0,0,0,0,0,0,0,0,0,0
61448,2,1,1997,0,0,0,0,0,0,0,0,0,0
61449,1,1,1997,0,0,0,0,0,0,0,0,0,0
61450,1,1,1997,18,18,18,18,18,18,18,18,18,18
61450,2,1,1997,0,0,0,0,0,0,0,0,0,0
61450,3,1,1997,0,0,0,11,0,6,0,0,0,0
61450,4,1,1997,0,12,0,0,0,0,0,0,0,0
61450,5,1,1997,0,0,0,0,0,0,0,0,0,0
61451,1,1,1997,35,35,35,35,35,35,35,35,35,35
61451,2,1,1997,12,0,0,25,27,0,0,15,8,10
61451,3,1,1997,10,0,0,0,0,0,0,0,0,0
61452,0,1,1997,32,32,32,32,32,32,32,32,32,32
61452,1,1,1997,0,0,0,0,0,0,0,0,0,0
61453,1,1,1997,17,17,17,17,17,17,17,17,17,17
61453,2,1,1997,12,11,0,24,0,0,23,24,0,0
61454,1,1,1997,0,0,0,0,0,0,0,32,0,0
61455,0,1,1997,0,0,0,0,0,0,0,0,0,0
61455,1,1,1997,0,0,0,0,0,0,0,0,0,0
61456,1,1,1997,9,9,9,9,9,9,9,9,9,9
61456,2,1,1997,15,0,0,0,0,5,0,0,0,0
61457,1,1,1997,18,18,18,18,18,18,18,18,18,18
61458,1,1,1997,0,0,0,0,0,0,0,0,0,0
61459,1,1,1997,0,0,0,0,0,0,0,0,0,0
61460,1,1,1997,0,0,0,0,0,0,0,0,0,0
61460,2,1,1997,8,0,0,0,0,0,0,0,0,0
61461,1,1,1997,0,0,0,0,0,0,0,0,0,0
61462,0,1,1997,0,0,0,0,0,0,0,0,0,0
61462,1,1,1997,0,0,0,0,0,0,0,0,0,0
61463,0,1,1997,0,0,0,0,0,0,0,0,0,0
61463,1,1,1997,0,0,0,0,0,0,0,0,0,0
61464,1,1,1997,1,1,1,1,1,1,1,1,1,1
61465,1,1,1997,0,0,0,0,0,0,0,0,10,0
61465,2,1,1997,0,0,0,0,0,0,0,0,0,0
61465,3,1,1997,0,0,0,0,0,0,0,0,0,0
61466,0,1,1997,0,0,0,0,0,0,0,0,0,0
61466,1,1,1997,0,0,0,0,17,0,0,0,0,0
61467,1,1,1997,9,9,9,9,9,9,9,9,9,9
61468,1,1,1997,0,0,0,0,0,0,0,0,0,0
61469,1,1,1997,0,0,0,0,0,0,0,0,0,0
61470,0,1,1997,0,0,0,0,0,0,0,0,0,0
61470,1,1,1997,0,0,0,0,0,0,0,0,0,0
61471,1,1,1997,17,17,17,17,17,17,17,17,17,17
61471,2,1,1997,0,0,0,0,0,0,0,0,0,0
61472,1,1,1997,0,0,0,0,0,0,0,0,0,0
61473,1,1,1997,0,0,0,0,0,0,0,0,0,0
61474,1,1,1997,6,6,6,6,6,6,6,6,6,6
61475,1,1,1997,26,26,26,26,26,26,26,26,26,26
61475,2,1,1997,0,0,0,0,0,0,0,0,0,0
61476,0,1,1997,0,0,0,0,0,0,0,0,0,0
61476,1,1,1997,0,0,0,0,0,0,0,0,0,0
61477,0,1,1997,0,0,0,0,0,0,0,0,0,0
61478,0,1,1997,0,0,0,0,0,0,0,0,0,0
61479,1,1,1997,0,0,0,0,0,0,0,0,0,0
61480,1,1,1997,22,22,22,22,22,22,22,22,22,22
61480,2,1,1997,0,0,0,0,0,0,0,0,0,0
61481,1,1,1997,0,0,0,0,0,0,0,0,0,0
61481,2,1,1997,0,0,0,0,0,0,6,0,0,0
61481,3,1,1997,0,0,0,0,0,0,0,0,0,0
61482,1,1,1997,21,21,21,21,21,21,21,21,21,21
61483,1,1,1997,0,11,0,0,0,0,12,0,19,11
61483,2,1,1997,11,14,18,22,18,0,9,14,32,0
61484,1,1,1997,0,0,0,0,0,0,0,0,0,0
61485,1,1,1997,0,0,0,0,0,0,0,0,0,0
61486,1,1,1997,19,15,0,18,15,37,5,23,0,16
61487,1,1,1997,17,17,17,17,17,17,17,17,17,17
61488,1,1,1997,1,1,1,1,1,1,1,1,1,1
61489,1,1,1997,23,23,23,23,23,23,23,23,23,23
61490,1,1,1997,0,0,0,0,0,0,0,0,0,0
61490,2,1,1997,19,0,0,0,17,0,27,0,0,8
61491,1,1,1997,0,0,0,0,0,0,0,0,0,0
61492,1,1,1997,0,0,0,0,0,0,0,0,0,0
61493,1,1,1997,0,0,0,0,0,0,0,0,0,0
61493,2,1,1997,26,26,26,26,26,26,26,26,26,26
61494,1,1,1997,0,0,0,0,0,0,0,0,0,0
61494,2,1,1997,0,0,0,0,0,0,0,0,0,0
61495,1,1,1997,34,34,34,34,34,34,34,34,34,34
61495,2,1,1997,24,24,24,24,24,24,24,24,24,24
61496,1,1,1997,36,36,36,36,36,36,36,36,36,36
61497,0,1,1997,29,27,26,15,23,12,21,21,14,18
61497,1,1,1997,0,6,0,0,0,4,0,15,0,13
61498,0,1,1997,24,0,0,21,15,0,12,23,15,0
61498,1,1,1997,0,0,0,0,0,0,0,0,0,0
61499,1,1,1997,11,11,11,11,11,11,11,11,11,11
61499,2,1,1997,0,0,0,0,0,0,0,0,0,0
61500,1,1,1997,21,21,21,21,21,21,21,21,21,21
61501,1,1,1997,0,0,18,0,28,31,0,13,12,20
61502,1,1,1997,22,22,22,22,22,22,22,22,22,22
61502,2,1,1997,0,0,0,0,0,0,0,0,0,0
61503,1,1,1997,9,9,9,9,9,9,9,9,9,9
61504,1,1,1997,0,0,0,0,0,0,0,0,17,0
61505,1,1,1997,0,0,0,0,0,0,0,0,0,0
61506,1,1,1997,0,0,0,0,0,0,0,0,0,0
61506,2,1,1997,0,0,0,0,0,0,0,0,0,0
61507,0,1,1997,0,0,0,0,31,18,0,20,21,15
61507,1,1,1997,12,0,12,0,0,0,20,25,0,0
61508,1,1,1997,11,11,11,11,11,11,11,11,11,11
61508,2,1,1997,0,0,0,0,0,0,0,0,0,0
61509,0,1,1997,4,4,4,4,4,4,4,4,4,4
61509,1,1,1997,0,0,0,19,0,0,0,0,0,17
61509,2,1,1997,0,0,0,0,0,0,0,0,0,0
61510,1,1,1997,21,21,21,21,21,21,21,21,21,21
61511,1,1,1997,13,13,13,13,13,13,13,13,13,13
61512,1,1,1997,12,12,12,12,12,12,12,12,12,12
61512,2,1,1997,0,0,0,0,0,0,0,0,0,0
61512,3,1,1997,0,0,0,0,0,0,0,0,0,0
61513,0,1,1997,0,0,0,0,0,0,0,0,0,0
61513,1,1,1997,0,0,0,13,0,0,0,0,0,0
61514,0,1,1997,0,0,0,0,0,0,0,0,0,0
61514,1,1,1997,0,0,0,0,0,24,0,0,0,0
61515,1,1,1997,18,18,18,18,18,18,18,18,18,18
61515,2,1,1997,0,0,0,0,0,0,0,0,0,0
61515,3,1,1997,1,1,1,1,1,1,1,1,1,1
61516,1,1,1997,18,18,18,18,18,18,18,18,18,18
61517,1,1,1997,17,17,17,17,17,17,17,17,17,17
61518,0,1,1997,18,18,18,18,18,18,18,18,18,18
61518,1,1,1997,0,0,0,0,0,0,0,0,0,0
61519,1,1,1997,0,0,0,0,0,0,0,0,0,0
61519,2,1,1997,0,0,0,0,0,0,0,0,0,0
61520,0,1,1997,0,0,0,0,0,0,0,0,0,0
61520,0,2,1997,37,12,19,0,23,5,12,16,32,37
61520,1,1,1997,0,11,14,10,0,0,0,0,0,0
61521,0,1,1997,0,0,0,0,0,0,0,0,0,0
61521,1,1,1997,0,0,0,0,0,0,0,0,0,0
61521,2,1,1997,0,0,0,0,0,0,0,0,0,0
61522,0,1,1997,0,0,0,0,0,0,0,0,0,0
61523,1,1,1997,0,0,0,0,0,0,0,0,0,0
61523,2,1,1997,0,0,0,0,0,0,0,0,0,0
61524,1,1,1997,0,0,0,0,0,0,0,0,0,0
61525,1,1,1997,0,0,0,0,0,0,0,0,0,0
61525,2,1,1997,0,0,0,0,0,0,0,0,0,0
61525,3,1,1997,0,0,0,0,0,0,0,0,0,0
61526,1,1,1997,0,0,0,0,0,0,0,0,0,0
61526,2,1,1997,0,0,0,0,0,0,0,0,0,0
61527,1,1,1997,19,19,19,19,19,19,19,19,19,19
61528,1,1,1997,0,0,0,0,0,0,0,0,0,0
61529,1,1,1997,0,16,0,15,0,14,0,0,0,17
61529,2,1,1997,0,0,0,0,0,0,0,0,0,0
61529,3,1,1997,0,0,0,0,0,0,0,0,0,0